split,file,uri,labelname,docid
train,data\annotated\train\2019SCC65.html,https://canlii.ca/t/1fqzp,decision,Remuneration of Judges
train,data\annotated\train\2019SCC65.html,https://canlii.ca/t/1fqzp,decision,Remuneration of Judges
train,data\annotated\train\2019SCC65.html,https://canlii.ca/t/1lpk5,decision,Medovarski
train,data\annotated\train\2019SCC65.html,https://canlii.ca/t/1lpk5,decision,Medovarski
train,data\annotated\train\2008CSC9.html,https://canlii.ca/t/50dn,decision,Martin
train,data\annotated\train\2008CSC9.html,https://canlii.ca/t/50dn,decision,Martin
train,data\annotated\train\2019SCC65.html,https://canlii.ca/t/50dn,decision,Nova Scotia (Workers' Compensation Board)
train,data\annotated\train\2019SCC65.html,https://canlii.ca/t/50dn,decision,Nova Scotia (Workers' Compensation Board)
train,data\annotated\train\2019SCC65.html,https://canlii.ca/t/h5201,decision,Guérin
train,data\annotated\train\2019SCC65.html,https://canlii.ca/t/h5201,decision,Guérin
train,data\annotated\train\2019SCC65.html,https://canlii.ca/t/h5201,decision,Guérin
train,data\annotated\train\2019SCC65.html,https://www.canlii.org/en/commentary/doc/2013CanLIIDocs427#Acquired_Expertise_of_Administrative_Tritors_and_Human_Rights_Law____Finn_Makela,secondary sources,The Case of Grievance Arbitrators
train,data\annotated\train\2019SCC65.html,https://www.canlii.org/en/commentary/doc/2013CanLIIDocs427#Acquired_Expertise_of_Administrative_Tritors_and_Human_Rights_Law____Finn_Makela,secondary sources,The Case of Grievance Arbitrators
train,data\annotated\train\2019SCC65.html,https://www.canlii.org/en/commentary/doc/2017CanLIIDocs175#IDENTIFYING_THE_REVIEW_STANDARD__ADMINISTRATIVE_DEFERENCE_IN_A_NUTSHELL,secondary sources,Administrative Deference in a Nutshell
train,data\annotated\train\2019SCC65.html,https://www.canlii.org/en/commentary/doc/2017CanLIIDocs175#IDENTIFYING_THE_REVIEW_STANDARD__ADMINISTRATIVE_DEFERENCE_IN_A_NUTSHELL,secondary sources,Administrative Deference in a Nutshell
train,data\annotated\train\2019SCC65.html,https://www.canlii.org/en/commentary/doc/2017CanLIIDocs175#RENOVATING_JUDICIAL_REVIEW,secondary sources,Renovating Judicial Review
train,data\annotated\train\2019SCC65.html,https://www.canlii.org/en/commentary/doc/2017CanLIIDocs175#RENOVATING_JUDICIAL_REVIEW,secondary sources,Renovating Judicial Review
train,data\annotated\train\2019SCC65.html,https://www.canlii.org/en/commentary/doc/2017CanLIIDocs175#THE_SIGNAL_AND_THE_NOISE_IN_ADMINISTRATIVE_LAW,secondary sources,The Signal and the Noise
train,data\annotated\train\2019SCC65.html,https://www.canlii.org/en/commentary/doc/2017CanLIIDocs175#THE_SIGNAL_AND_THE_NOISE_IN_ADMINISTRATIVE_LAW,secondary sources,The Signal and the Noise
train,data\annotated\train\2019SCC65.html,https://www.canlii.org/en/commentary/doc/2017CanLIIDocs175#THE_TIME_HAS_COME__STANDARD_OF_REVIEW_IN_CANADIAN_ADMINISTRATIVE_LAW,secondary sources,Time Has Come
train,data\annotated\train\2019SCC65.html,https://www.canlii.org/en/commentary/doc/2017CanLIIDocs175#THE_TIME_HAS_COME__STANDARD_OF_REVIEW_IN_CANADIAN_ADMINISTRATIVE_LAW,secondary sources,Time Has Come
test,data\annotated\test\2024NBKB203.html,https://canlii.ca/t/1l5zg,decision,Marshall
test,data\annotated\test\2024NBKB203.html,https://canlii.ca/t/1l5zg,decision,Marshall
test,data\annotated\test\2024NBKB203.html,https://canlii.ca/t/1l5zg,decision,Marshall
test,data\annotated\test\2024NBKB203.html,https://canlii.ca/t/1l5zg,decision,Marshall
test,data\annotated\test\2024NBKB203.html,https://canlii.ca/t/gbrpz,decision,University of New Brunswick
test,data\annotated\test\2024NBKB203.html,https://canlii.ca/t/gbrpz,decision,University of New Brunswick
test,data\annotated\test\2002SCC33.html,https://canlii.ca/t/gwhlq,decision,Taylor BCSC 1978
test,data\annotated\test\2002SCC33.html,https://canlii.ca/t/gwhlq,decision,Taylor BCSC 1978
test,data\annotated\test\2001CanLII21117.html,https://canlii.ca/t/x8q1,secondary sources,Discrimination fondée sur antécédents
test,data\annotated\test\2001CanLII21117.html,https://canlii.ca/t/x8q1,secondary sources,Discrimination fondée sur antécédents
incoming,data\annotated\incoming\2009PECA12_Ext-LLM_Annotated-GL_Rev-RL.html,https://canlii.ca/t/1cgl8,decision,Bjornson
incoming,data\annotated\incoming\2009PECA12_Ext-LLM_Annotated-GL_Rev-RL.html,https://canlii.ca/t/1cgl8,decision,Bjornson
incoming,data\annotated\incoming\2022BCSC135_Ext-LLM_Annotated-EG_RevRL.html,https://canlii.ca/t/1d69w,decision,Bank of Montreal
incoming,data\annotated\incoming\2022BCSC135_Ext-LLM_Annotated-EG_RevRL.html,https://canlii.ca/t/1d69w,decision,Bank of Montreal
incoming,data\annotated\incoming\2024NUCA9_Ext-LLM_Annotated-GL_Rev-RL.html,https://canlii.ca/t/1f1hv,decision,Lalonde
incoming,data\annotated\incoming\2024NUCA9_Ext-LLM_Annotated-GL_Rev-RL.html,https://canlii.ca/t/1f1hv,decision,Lalonde
incoming,data\annotated\incoming\2024NUCA9_Ext-LLM_Annotated-GL_Rev-RL.html,https://canlii.ca/t/1f1hv,decision,Lalonde
incoming,data\annotated\incoming\2024NUCA9_Ext-LLM_Annotated-GL_Rev-RL.html,https://canlii.ca/t/1f1hv,decision,Lalonde
incoming,data\annotated\incoming\2024NUCA9_Ext-LLM_Annotated-GL_Rev-RL.html,https://canlii.ca/t/1f1hv,decision,Lalonde
incoming,data\annotated\incoming\2009BCHRT256_Ext-LLM_Annotated-EG_RevRL.html,https://canlii.ca/t/1fmmj,decision,Lynch
incoming,data\annotated\incoming\2009PECA12_Ext-LLM_Annotated-GL_Rev-RL.html,https://canlii.ca/t/1fqlr,decision,Hickey
incoming,data\annotated\incoming\2009PECA12_Ext-LLM_Annotated-GL_Rev-RL.html,https://canlii.ca/t/1fqlr,decision,Hickey
incoming,data\annotated\incoming\2009PECA12_Ext-LLM_Annotated-GL_Rev-RL.html,https://canlii.ca/t/1fqlr,decision,Hickey
incoming,data\annotated\incoming\2020FCA63_Ext-LLM_Annotated-EG_RevRL.html,https://canlii.ca/t/1fqx5,decision,Eldridge
incoming,data\annotated\incoming\2020FCA63_Ext-LLM_Annotated-EG_RevRL.html,https://canlii.ca/t/1fqx5,decision,Eldridge
incoming,data\annotated\incoming\2019QCCA1492.html,https://canlii.ca/t/1fqzp,decision,Re Remuneration of Judges
incoming,data\annotated\incoming\2019QCCA1492.html,https://canlii.ca/t/1fqzp,decision,Re Remuneration of Judges
incoming,data\annotated\incoming\2019QCCA1492.html,https://canlii.ca/t/1fqzp,decision,Re Remuneration of Judges
incoming,data\annotated\incoming\2019QCCA1492.html,https://canlii.ca/t/1fqzp,decision,Re Remuneration of Judges
incoming,data\annotated\incoming\2022BCSC135_Ext-LLM_Annotated-EG_RevRL.html,https://canlii.ca/t/1fqzr,decision,Hydro-Québec
incoming,data\annotated\incoming\2022BCSC135_Ext-LLM_Annotated-EG_RevRL.html,https://canlii.ca/t/1fqzr,decision,Hydro-Québec
incoming,data\annotated\incoming\2022BCSC135_Ext-LLM_Annotated-EG_RevRL.html,https://canlii.ca/t/1fqzr,decision,Hydro-Québec
incoming,data\annotated\incoming\2022BCSC135_Ext-LLM_Annotated-EG_RevRL.html,https://canlii.ca/t/1fr0x,decision,Air Canada
incoming,data\annotated\incoming\2020FCA63_Ext-LLM_Annotated-EG_RevRL.html,https://canlii.ca/t/1fr6t,decision,Adler
incoming,data\annotated\incoming\2020FCA63_Ext-LLM_Annotated-EG_RevRL.html,https://canlii.ca/t/1fr6t,decision,Adler
incoming,data\annotated\incoming\2009PECA12_Ext-LLM_Annotated-GL_Rev-RL.html,https://canlii.ca/t/1fr99,decision,Gordon
incoming,data\annotated\incoming\2009PECA12_Ext-LLM_Annotated-GL_Rev-RL.html,https://canlii.ca/t/1fr99,decision,Gordon
incoming,data\annotated\incoming\2009PECA12_Ext-LLM_Annotated-GL_Rev-RL.html,https://canlii.ca/t/1fr99,decision,Gordon
incoming,data\annotated\incoming\2009PECA12_Ext-LLM_Annotated-GL_Rev-RL.html,https://canlii.ca/t/1fr99,decision,Gordon
incoming,data\annotated\incoming\2009PECA12_Ext-LLM_Annotated-GL_Rev-RL.html,https://canlii.ca/t/1fr99,decision,Gordon
incoming,data\annotated\incoming\2009PECA12_Ext-LLM_Annotated-GL_Rev-RL.html,https://canlii.ca/t/1fr99,decision,Gordon
incoming,data\annotated\incoming\2009PECA12_Ext-LLM_Annotated-GL_Rev-RL.html,https://canlii.ca/t/1fr99,decision,Gordon
incoming,data\annotated\incoming\2009PECA12_Ext-LLM_Annotated-GL_Rev-RL.html,https://canlii.ca/t/1fr99,decision,Gordon
incoming,data\annotated\incoming\2009PECA12_Ext-LLM_Annotated-GL_Rev-RL.html,https://canlii.ca/t/1fr99,decision,Gordon
incoming,data\annotated\incoming\2009PECA12_Ext-LLM_Annotated-GL_Rev-RL.html,https://canlii.ca/t/1fr99,decision,Gordon
incoming,data\annotated\incoming\2009PECA12_Ext-LLM_Annotated-GL_Rev-RL.html,https://canlii.ca/t/1fr99,decision,Gordon
incoming,data\annotated\incoming\2009PECA12_Ext-LLM_Annotated-GL_Rev-RL.html,https://canlii.ca/t/1fr99,decision,Gordon
incoming,data\annotated\incoming\2009PECA12_Ext-LLM_Annotated-GL_Rev-RL.html,https://canlii.ca/t/1fr99,decision,Gordon
incoming,data\annotated\incoming\2009PECA12_Ext-LLM_Annotated-GL_Rev-RL.html,https://canlii.ca/t/1fr99,decision,Gordon
incoming,data\annotated\incoming\2009PECA12_Ext-LLM_Annotated-GL_Rev-RL.html,https://canlii.ca/t/1fr99,decision,Gordon
incoming,data\annotated\incoming\2009PECA12_Ext-LLM_Annotated-GL_Rev-RL.html,https://canlii.ca/t/1fr99,decision,Gordon
incoming,data\annotated\incoming\2009PECA12_Ext-LLM_Annotated-GL_Rev-RL.html,https://canlii.ca/t/1fr99,decision,Gordon
incoming,data\annotated\incoming\2009PECA12_Ext-LLM_Annotated-GL_Rev-RL.html,https://canlii.ca/t/1fr99,decision,Gordon
incoming,data\annotated\incoming\2009PECA12_Ext-LLM_Annotated-GL_Rev-RL.html,https://canlii.ca/t/1fr99,decision,Gordon
incoming,data\annotated\incoming\2009PECA12_Ext-LLM_Annotated-GL_Rev-RL.html,https://canlii.ca/t/1fr99,decision,Gordon
incoming,data\annotated\incoming\2009PECA12_Ext-LLM_Annotated-GL_Rev-RL.html,https://canlii.ca/t/1fr99,decision,Gordon
incoming,data\annotated\incoming\2009PECA12_Ext-LLM_Annotated-GL_Rev-RL.html,https://canlii.ca/t/1fr99,decision,Gordon
incoming,data\annotated\incoming\2009PECA12_Ext-LLM_Annotated-GL_Rev-RL.html,https://canlii.ca/t/1fr99,decision,Gordon
incoming,data\annotated\incoming\2022BCSC135_Ext-LLM_Annotated-EG_RevRL.html,https://canlii.ca/t/1frjh,decision,Canadian Pacific SCC 1995
incoming,data\annotated\incoming\2009BCHRT256_Ext-LLM_Annotated-EG_RevRL.html,https://canlii.ca/t/1fs2m,decision,Berg
incoming,data\annotated\incoming\2009BCHRT256_Ext-LLM_Annotated-EG_RevRL.html,https://canlii.ca/t/1fs2m,decision,Berg
incoming,data\annotated\incoming\2017ABCA157.html,https://canlii.ca/t/1fs8c,decision,Brissette
incoming,data\annotated\incoming\1999CanLII7320(ONCA).html,https://canlii.ca/t/1fskf,decision,Seaboyer
incoming,data\annotated\incoming\1999CanLII7320(ONCA).html,https://canlii.ca/t/1fskf,decision,Seaboyer
incoming,data\annotated\incoming\2022BCSC135_Ext-LLM_Annotated-EG_RevRL.html,https://canlii.ca/t/1fssv,decision,National Battlefields Commission
incoming,data\annotated\incoming\2020FCA63_Ext-LLM_Annotated-EG_RevRL.html,https://canlii.ca/t/1fsvj,decision,Sparrow
incoming,data\annotated\incoming\2020FCA63_Ext-LLM_Annotated-EG_RevRL.html,https://canlii.ca/t/1fsvj,decision,Sparrow
incoming,data\annotated\incoming\2022BCSC135_Ext-LLM_Annotated-EG_RevRL.html,https://canlii.ca/t/1fszp,decision,Edmonton Journal
incoming,data\annotated\incoming\2024NUCA9_Ext-LLM_Annotated-GL_Rev-RL.html,https://canlii.ca/t/1fszp,decision,Edmonton Journal
incoming,data\annotated\incoming\2024NUCA9_Ext-LLM_Annotated-GL_Rev-RL.html,https://canlii.ca/t/1ft3c,decision,MacKay
incoming,data\annotated\incoming\2022BCSC135_Ext-LLM_Annotated-EG_RevRL.html,https://canlii.ca/t/1ft82,decision,General Motors
incoming,data\annotated\incoming\2022BCSC135_Ext-LLM_Annotated-EG_RevRL.html,https://canlii.ca/t/1ftdl,decision,Courtois
incoming,data\annotated\incoming\2022BCSC135_Ext-LLM_Annotated-EG_RevRL.html,https://canlii.ca/t/1ftdl,decision,Courtois
incoming,data\annotated\incoming\2022BCSC135_Ext-LLM_Annotated-EG_RevRL.html,https://canlii.ca/t/1ftdl,decision,Courtois
incoming,data\annotated\incoming\2022BCSC135_Ext-LLM_Annotated-EG_RevRL.html,https://canlii.ca/t/1ftdl,decision,Courtois
incoming,data\annotated\incoming\2022BCSC135_Ext-LLM_Annotated-EG_RevRL.html,https://canlii.ca/t/1ftdl,decision,Courtois
incoming,data\annotated\incoming\2022BCSC135_Ext-LLM_Annotated-EG_RevRL.html,https://canlii.ca/t/1ftdl,decision,Courtois
incoming,data\annotated\incoming\2022BCSC135_Ext-LLM_Annotated-EG_RevRL.html,https://canlii.ca/t/1ftdl,decision,Courtois
incoming,data\annotated\incoming\2022BCSC135_Ext-LLM_Annotated-EG_RevRL.html,https://canlii.ca/t/1ftdl,decision,Courtois
incoming,data\annotated\incoming\2022BCSC135_Ext-LLM_Annotated-EG_RevRL.html,https://canlii.ca/t/1ftdl,decision,Courtois
incoming,data\annotated\incoming\2022BCSC135_Ext-LLM_Annotated-EG_RevRL.html,https://canlii.ca/t/1ftdl,decision,Courtois
incoming,data\annotated\incoming\2022BCSC135_Ext-LLM_Annotated-EG_RevRL.html,https://canlii.ca/t/1ftdl,decision,Courtois
incoming,data\annotated\incoming\2022BCSC135_Ext-LLM_Annotated-EG_RevRL.html,https://canlii.ca/t/1ftdl,decision,Courtois
incoming,data\annotated\incoming\2022BCSC135_Ext-LLM_Annotated-EG_RevRL.html,https://canlii.ca/t/1ftdl,decision,Courtois
incoming,data\annotated\incoming\2022BCSC135_Ext-LLM_Annotated-EG_RevRL.html,https://canlii.ca/t/1ftdl,decision,Courtois
incoming,data\annotated\incoming\2022BCSC135_Ext-LLM_Annotated-EG_RevRL.html,https://canlii.ca/t/1ftdl,decision,Courtois
incoming,data\annotated\incoming\2022BCSC135_Ext-LLM_Annotated-EG_RevRL.html,https://canlii.ca/t/1ftdl,decision,Courtois
incoming,data\annotated\incoming\2022BCSC135_Ext-LLM_Annotated-EG_RevRL.html,https://canlii.ca/t/1ftdn,decision,Alltrans
incoming,data\annotated\incoming\2022BCSC135_Ext-LLM_Annotated-EG_RevRL.html,https://canlii.ca/t/1ftdn,decision,Alltrans
incoming,data\annotated\incoming\2022BCSC135_Ext-LLM_Annotated-EG_RevRL.html,https://canlii.ca/t/1ftdn,decision,Alltrans
incoming,data\annotated\incoming\2022BCSC135_Ext-LLM_Annotated-EG_RevRL.html,https://canlii.ca/t/1ftdn,decision,Alltrans
incoming,data\annotated\incoming\2022BCSC135_Ext-LLM_Annotated-EG_RevRL.html,https://canlii.ca/t/1ftdn,decision,Alltrans
incoming,data\annotated\incoming\2022BCSC135_Ext-LLM_Annotated-EG_RevRL.html,https://canlii.ca/t/1ftdn,decision,Alltrans
incoming,data\annotated\incoming\2022BCSC135_Ext-LLM_Annotated-EG_RevRL.html,https://canlii.ca/t/1ftgp,decision,Bell Canada
incoming,data\annotated\incoming\2022BCSC135_Ext-LLM_Annotated-EG_RevRL.html,https://canlii.ca/t/1ftgp,decision,Bell Canada
incoming,data\annotated\incoming\2022BCSC135_Ext-LLM_Annotated-EG_RevRL.html,https://canlii.ca/t/1ftgp,decision,Bell Canada
incoming,data\annotated\incoming\2022BCSC135_Ext-LLM_Annotated-EG_RevRL.html,https://canlii.ca/t/1ftgp,decision,Bell Canada
incoming,data\annotated\incoming\2022BCSC135_Ext-LLM_Annotated-EG_RevRL.html,https://canlii.ca/t/1ftgp,decision,Bell Canada
incoming,data\annotated\incoming\2022BCSC135_Ext-LLM_Annotated-EG_RevRL.html,https://canlii.ca/t/1ftgp,decision,Bell Canada
incoming,data\annotated\incoming\2022BCSC135_Ext-LLM_Annotated-EG_RevRL.html,https://canlii.ca/t/1ftgp,decision,Bell Canada
incoming,data\annotated\incoming\2022BCSC135_Ext-LLM_Annotated-EG_RevRL.html,https://canlii.ca/t/1ftgp,decision,Bell Canada
incoming,data\annotated\incoming\2022BCSC135_Ext-LLM_Annotated-EG_RevRL.html,https://canlii.ca/t/1ftgp,decision,Bell Canada
incoming,data\annotated\incoming\2022BCSC135_Ext-LLM_Annotated-EG_RevRL.html,https://canlii.ca/t/1ftgp,decision,Bell Canada
incoming,data\annotated\incoming\2022BCSC135_Ext-LLM_Annotated-EG_RevRL.html,https://canlii.ca/t/1ftgp,decision,Bell Canada
incoming,data\annotated\incoming\2022BCSC135_Ext-LLM_Annotated-EG_RevRL.html,https://canlii.ca/t/1ftgp,decision,Bell Canada
incoming,data\annotated\incoming\2022BCSC135_Ext-LLM_Annotated-EG_RevRL.html,https://canlii.ca/t/1ftgp,decision,Bell Canada
incoming,data\annotated\incoming\2022BCSC135_Ext-LLM_Annotated-EG_RevRL.html,https://canlii.ca/t/1ftgp,decision,Bell Canada
incoming,data\annotated\incoming\2022BCSC135_Ext-LLM_Annotated-EG_RevRL.html,https://canlii.ca/t/1ftgp,decision,Bell Canada
incoming,data\annotated\incoming\2022BCSC135_Ext-LLM_Annotated-EG_RevRL.html,https://canlii.ca/t/1ftgp,decision,Bell Canada
incoming,data\annotated\incoming\2022BCSC135_Ext-LLM_Annotated-EG_RevRL.html,https://canlii.ca/t/1ftgp,decision,Bell Canada
incoming,data\annotated\incoming\1993NSSC71_Ext-LLM_Annotated-GL_Rev-RL.html,https://canlii.ca/t/1ftph,decision,Carey
incoming,data\annotated\incoming\2024NUCA9_Ext-LLM_Annotated-GL_Rev-RL.html,https://canlii.ca/t/1ftq5,decision,Metropolitan Stores
incoming,data\annotated\incoming\2022BCSC135_Ext-LLM_Annotated-EG_RevRL.html,https://canlii.ca/t/1ftwc,decision,Dick
incoming,data\annotated\incoming\2019QCCA1492.html,https://canlii.ca/t/1gbdn,decision,Malmo-Levine
incoming,data\annotated\incoming\2022BCSC135_Ext-LLM_Annotated-EG_RevRL.html,https://canlii.ca/t/1jz6k,decision,Rothmans
incoming,data\annotated\incoming\2020FCA63_Ext-LLM_Annotated-EG_RevRL.html,https://canlii.ca/t/1k1bm,decision,Gosselin
incoming,data\annotated\incoming\2020FCA63_Ext-LLM_Annotated-EG_RevRL.html,https://canlii.ca/t/1k1bm,decision,Gosselin
incoming,data\annotated\incoming\2024NUCA9_Ext-LLM_Annotated-GL_Rev-RL.html,https://canlii.ca/t/1k1bm,decision,Gosselin (Tutor of)
incoming,data\annotated\incoming\2024NUCA9_Ext-LLM_Annotated-GL_Rev-RL.html,https://canlii.ca/t/1k1bm,decision,Gosselin (Tutor of)
incoming,data\annotated\incoming\2024NUCA9_Ext-LLM_Annotated-GL_Rev-RL.html,https://canlii.ca/t/1k1bm,decision,Gosselin (Tutor of)
incoming,data\annotated\incoming\2024NUCA9_Ext-LLM_Annotated-GL_Rev-RL.html,https://canlii.ca/t/1k1bm,decision,Gosselin (Tutor of)
incoming,data\annotated\incoming\2024NUCA9_Ext-LLM_Annotated-GL_Rev-RL.html,https://canlii.ca/t/1k1bm,decision,Gosselin (Tutor of)
incoming,data\annotated\incoming\2019QCCA1492.html,https://canlii.ca/t/1k1bn,decision,Okwuobi
incoming,data\annotated\incoming\2020FCA63_Ext-LLM_Annotated-EG_RevRL.html,https://canlii.ca/t/1k2fw,decision,Butterfield
incoming,data\annotated\incoming\2020FCA63_Ext-LLM_Annotated-EG_RevRL.html,https://canlii.ca/t/1k2fw,decision,Butterfield
incoming,data\annotated\incoming\2009BCHRT256_Ext-LLM_Annotated-EG_RevRL.html,https://canlii.ca/t/1k8md,decision,Imperial Parking
incoming,data\annotated\incoming\2020FCA63_Ext-LLM_Annotated-EG_RevRL.html,https://canlii.ca/t/1kxrh,decision,Chaoulli
incoming,data\annotated\incoming\2020FCA63_Ext-LLM_Annotated-EG_RevRL.html,https://canlii.ca/t/1kxrh,decision,Chaoulli
incoming,data\annotated\incoming\2020FCA63_Ext-LLM_Annotated-EG_RevRL.html,https://canlii.ca/t/1kxrh,decision,Chaoulli
incoming,data\annotated\incoming\2019QCCA1492.html,https://canlii.ca/t/1l6wl,decision,Provincial Court Judges' Association
incoming,data\annotated\incoming\2009PECA12_Ext-LLM_Annotated-GL_Rev-RL.html,https://canlii.ca/t/1l8fh,decision,Spencer
incoming,data\annotated\incoming\2009PECA12_Ext-LLM_Annotated-GL_Rev-RL.html,https://canlii.ca/t/1l8fh,decision,Spencer
incoming,data\annotated\incoming\2009PECA12_Ext-LLM_Annotated-GL_Rev-RL.html,https://canlii.ca/t/1l8fh,decision,Spencer
incoming,data\annotated\incoming\2022BCSC135_Ext-LLM_Annotated-EG_RevRL.html,https://canlii.ca/t/1lpbn,decision,MacIntyre
incoming,data\annotated\incoming\2022BCSC135_Ext-LLM_Annotated-EG_RevRL.html,https://canlii.ca/t/1lpcl,decision,Multiple Access
incoming,data\annotated\incoming\2022BCSC135_Ext-LLM_Annotated-EG_RevRL.html,https://canlii.ca/t/1lpcl,decision,Multiple Access
incoming,data\annotated\incoming\2022BCSC135_Ext-LLM_Annotated-EG_RevRL.html,https://canlii.ca/t/1m020,decision,Kirkbi
incoming,data\annotated\incoming\2022BCSC135_Ext-LLM_Annotated-EG_RevRL.html,https://canlii.ca/t/1mfmv,decision,Natural Transportation
incoming,data\annotated\incoming\2020FCA63_Ext-LLM_Annotated-EG_RevRL.html,https://canlii.ca/t/1mktj,decision,Construction Montcalm
incoming,data\annotated\incoming\2020FCA63_Ext-LLM_Annotated-EG_RevRL.html,https://canlii.ca/t/1mktj,decision,Construction Montcalm
incoming,data\annotated\incoming\2022BCSC135_Ext-LLM_Annotated-EG_RevRL.html,https://canlii.ca/t/1mktj,decision,Construction Montcalm
incoming,data\annotated\incoming\2009BCHRT256_Ext-LLM_Annotated-EG_RevRL.html,https://canlii.ca/t/1mp9m,decision,Berezoutskaia
incoming,data\annotated\incoming\1997CanLII11497_Ext-LLM_Annotated-EG_RevRL.html,https://canlii.ca/t/1mqwz,decision,McLaughlin
incoming,data\annotated\incoming\2024NUCA9_Ext-LLM_Annotated-GL_Rev-RL.html,https://canlii.ca/t/1pfnc,decision,Re French Language in Criminal Proceedings
incoming,data\annotated\incoming\2022BCSC135_Ext-LLM_Annotated-EG_RevRL.html,https://canlii.ca/t/1rmqz,decision,Lafarge
incoming,data\annotated\incoming\2022BCSC135_Ext-LLM_Annotated-EG_RevRL.html,https://canlii.ca/t/1rmqz,decision,Lafarge
incoming,data\annotated\incoming\2022BCSC135_Ext-LLM_Annotated-EG_RevRL.html,https://canlii.ca/t/1rmr1,decision,Canadian Western Bank
incoming,data\annotated\incoming\2022BCSC135_Ext-LLM_Annotated-EG_RevRL.html,https://canlii.ca/t/1rmr1,decision,Canadian Western Bank
incoming,data\annotated\incoming\2022BCSC135_Ext-LLM_Annotated-EG_RevRL.html,https://canlii.ca/t/1rmr1,decision,Canadian Western Bank
incoming,data\annotated\incoming\2022BCSC135_Ext-LLM_Annotated-EG_RevRL.html,https://canlii.ca/t/1rmr1,decision,Canadian Western Bank
incoming,data\annotated\incoming\2022BCSC135_Ext-LLM_Annotated-EG_RevRL.html,https://canlii.ca/t/1rmr1,decision,Canadian Western Bank
incoming,data\annotated\incoming\2022BCSC135_Ext-LLM_Annotated-EG_RevRL.html,https://canlii.ca/t/1rmr1,decision,Canadian Western Bank
incoming,data\annotated\incoming\2022BCSC135_Ext-LLM_Annotated-EG_RevRL.html,https://canlii.ca/t/1rmr1,decision,Canadian Western Bank
incoming,data\annotated\incoming\2022BCSC135_Ext-LLM_Annotated-EG_RevRL.html,https://canlii.ca/t/1rmr1,decision,Canadian Western Bank
incoming,data\annotated\incoming\2022BCSC135_Ext-LLM_Annotated-EG_RevRL.html,https://canlii.ca/t/1rmr1,decision,Canadian Western Bank
incoming,data\annotated\incoming\2022BCSC135_Ext-LLM_Annotated-EG_RevRL.html,https://canlii.ca/t/1rmr1,decision,Canadian Western Bank
incoming,data\annotated\incoming\2022BCSC135_Ext-LLM_Annotated-EG_RevRL.html,https://canlii.ca/t/1rmr1,decision,Canadian Western Bank
incoming,data\annotated\incoming\2022BCSC135_Ext-LLM_Annotated-EG_RevRL.html,https://canlii.ca/t/1rmr1,decision,Canadian Western Bank
incoming,data\annotated\incoming\2022BCSC135_Ext-LLM_Annotated-EG_RevRL.html,https://canlii.ca/t/1rmr1,decision,Canadian Western Bank
incoming,data\annotated\incoming\2022BCSC135_Ext-LLM_Annotated-EG_RevRL.html,https://canlii.ca/t/1rmr1,decision,Canadian Western Bank
incoming,data\annotated\incoming\2022BCSC135_Ext-LLM_Annotated-EG_RevRL.html,https://canlii.ca/t/1rmr1,decision,Canadian Western Bank
incoming,data\annotated\incoming\2022BCSC135_Ext-LLM_Annotated-EG_RevRL.html,https://canlii.ca/t/1rmr1,decision,Canadian Western Bank
incoming,data\annotated\incoming\2022BCSC135_Ext-LLM_Annotated-EG_RevRL.html,https://canlii.ca/t/1rmr1,decision,Canadian Western Bank
incoming,data\annotated\incoming\2022BCSC135_Ext-LLM_Annotated-EG_RevRL.html,https://canlii.ca/t/1rmr1,decision,Canadian Western Bank
incoming,data\annotated\incoming\2022BCSC135_Ext-LLM_Annotated-EG_RevRL.html,https://canlii.ca/t/1rmr1,decision,Canadian Western Bank
incoming,data\annotated\incoming\2022BCSC135_Ext-LLM_Annotated-EG_RevRL.html,https://canlii.ca/t/1rmr1,decision,Canadian Western Bank
incoming,data\annotated\incoming\2022BCSC135_Ext-LLM_Annotated-EG_RevRL.html,https://canlii.ca/t/1rmr1,decision,Canadian Western Bank
incoming,data\annotated\incoming\2022BCSC135_Ext-LLM_Annotated-EG_RevRL.html,https://canlii.ca/t/1rmr1,decision,Canadian Western Bank
incoming,data\annotated\incoming\2022BCSC135_Ext-LLM_Annotated-EG_RevRL.html,https://canlii.ca/t/1rmr1,decision,Canadian Western Bank
incoming,data\annotated\incoming\2022BCSC135_Ext-LLM_Annotated-EG_RevRL.html,https://canlii.ca/t/1rmr1,decision,Canadian Western Bank
incoming,data\annotated\incoming\2022BCSC135_Ext-LLM_Annotated-EG_RevRL.html,https://canlii.ca/t/1rmr1,decision,Canadian Western Bank
incoming,data\annotated\incoming\2022BCSC135_Ext-LLM_Annotated-EG_RevRL.html,https://canlii.ca/t/1rmr1,decision,Canadian Western Bank
incoming,data\annotated\incoming\2022BCSC135_Ext-LLM_Annotated-EG_RevRL.html,https://canlii.ca/t/1rmr1,decision,Canadian Western Bank
incoming,data\annotated\incoming\2022BCSC135_Ext-LLM_Annotated-EG_RevRL.html,https://canlii.ca/t/1rmr1,decision,Canadian Western Bank
incoming,data\annotated\incoming\2022BCSC135_Ext-LLM_Annotated-EG_RevRL.html,https://canlii.ca/t/1rmr1,decision,Canadian Western Bank
incoming,data\annotated\incoming\2022BCSC135_Ext-LLM_Annotated-EG_RevRL.html,https://canlii.ca/t/1rmr1,decision,Canadian Western Bank
incoming,data\annotated\incoming\2022BCSC135_Ext-LLM_Annotated-EG_RevRL.html,https://canlii.ca/t/1rmr1,decision,Canadian Western Bank
incoming,data\annotated\incoming\2022BCSC135_Ext-LLM_Annotated-EG_RevRL.html,https://canlii.ca/t/1rmr1,decision,Canadian Western Bank
incoming,data\annotated\incoming\2022BCSC135_Ext-LLM_Annotated-EG_RevRL.html,https://canlii.ca/t/1rmr1,decision,Canadian Western Bank
incoming,data\annotated\incoming\2022BCSC135_Ext-LLM_Annotated-EG_RevRL.html,https://canlii.ca/t/1rmr1,decision,Canadian Western Bank
incoming,data\annotated\incoming\2022BCSC135_Ext-LLM_Annotated-EG_RevRL.html,https://canlii.ca/t/1rmr1,decision,Canadian Western Bank
incoming,data\annotated\incoming\2022BCSC135_Ext-LLM_Annotated-EG_RevRL.html,https://canlii.ca/t/1rmr1,decision,Canadian Western Bank
incoming,data\annotated\incoming\2022BCSC135_Ext-LLM_Annotated-EG_RevRL.html,https://canlii.ca/t/1rmr1,decision,Canadian Western Bank
incoming,data\annotated\incoming\2022BCSC135_Ext-LLM_Annotated-EG_RevRL.html,https://canlii.ca/t/1rmr1,decision,Canadian Western Bank
incoming,data\annotated\incoming\2022BCSC135_Ext-LLM_Annotated-EG_RevRL.html,https://canlii.ca/t/1rmr1,decision,Canadian Western Bank
incoming,data\annotated\incoming\2022BCSC135_Ext-LLM_Annotated-EG_RevRL.html,https://canlii.ca/t/1rmr1,decision,Canadian Western Bank
incoming,data\annotated\incoming\2022BCSC135_Ext-LLM_Annotated-EG_RevRL.html,https://canlii.ca/t/1rmr1,decision,Canadian Western Bank
incoming,data\annotated\incoming\2022BCSC135_Ext-LLM_Annotated-EG_RevRL.html,https://canlii.ca/t/1rmr1,decision,Canadian Western Bank
incoming,data\annotated\incoming\2022BCSC135_Ext-LLM_Annotated-EG_RevRL.html,https://canlii.ca/t/1rmr1,decision,Canadian Western Bank
incoming,data\annotated\incoming\2024NUCA9_Ext-LLM_Annotated-GL_Rev-RL.html,https://canlii.ca/t/1s7xl,decision,Syl Apps Secure Treatment Centre
incoming,data\annotated\incoming\2024NUCA9_Ext-LLM_Annotated-GL_Rev-RL.html,https://canlii.ca/t/1s7xl,decision,Syl Apps Secure Treatment Centre
incoming,data\annotated\incoming\2009PECA12_Ext-LLM_Annotated-GL_Rev-RL.html,https://canlii.ca/t/1trd3,decision,D.P. PESCAD 2007
incoming,data\annotated\incoming\2009PECA12_Ext-LLM_Annotated-GL_Rev-RL.html,https://canlii.ca/t/1trd3,decision,D.P. PESCAD 2007
incoming,data\annotated\incoming\2009PECA12_Ext-LLM_Annotated-GL_Rev-RL.html,https://canlii.ca/t/1trd3,decision,D.P. PESCAD 2007
incoming,data\annotated\incoming\1993NSSC71_Ext-LLM_Annotated-GL_Rev-RL.html,https://canlii.ca/t/1z1dd,decision,Smallwood
incoming,data\annotated\incoming\1993NSSC71_Ext-LLM_Annotated-GL_Rev-RL.html,https://canlii.ca/t/1z74t,decision,Keable
incoming,data\annotated\incoming\2022BCSC135_Ext-LLM_Annotated-EG_RevRL.html,https://canlii.ca/t/1zgd8,decision,Grand Trunk Railway
incoming,data\annotated\incoming\2022BCSC135_Ext-LLM_Annotated-EG_RevRL.html,https://canlii.ca/t/1zgd8,decision,Grand Trunk Railway
incoming,data\annotated\incoming\2022BCSC135_Ext-LLM_Annotated-EG_RevRL.html,https://canlii.ca/t/1zgd8,decision,Grand Trunk Railway
incoming,data\annotated\incoming\2009BCHRT256_Ext-LLM_Annotated-EG_RevRL.html,https://canlii.ca/t/1zjm5,decision,Fauerbach
incoming,data\annotated\incoming\2009PECA12_Ext-LLM_Annotated-GL_Rev-RL.html,https://canlii.ca/t/1zvwz,decision,D.P. PESCTD 2007
incoming,data\annotated\incoming\2009PECA12_Ext-LLM_Annotated-GL_Rev-RL.html,https://canlii.ca/t/1zvwz,decision,D.P. PESCTD 2007
incoming,data\annotated\incoming\2009PECA12_Ext-LLM_Annotated-GL_Rev-RL.html,https://canlii.ca/t/1zvwz,decision,D.P. PESCTD 2007
incoming,data\annotated\incoming\2009PECA12_Ext-LLM_Annotated-GL_Rev-RL.html,https://canlii.ca/t/20174,decision,D.P. PESCTD 2008
incoming,data\annotated\incoming\2009BCHRT256_Ext-LLM_Annotated-EG_RevRL.html,https://canlii.ca/t/21blq,decision,Hugues
incoming,data\annotated\incoming\2022BCSC135_Ext-LLM_Annotated-EG_RevRL.html,https://canlii.ca/t/21bzd,decision,Cariboo
incoming,data\annotated\incoming\2022BCSC135_Ext-LLM_Annotated-EG_RevRL.html,https://canlii.ca/t/21bzd,decision,Cariboo
incoming,data\annotated\incoming\2022BCSC135_Ext-LLM_Annotated-EG_RevRL.html,https://canlii.ca/t/21bzd,decision,Cariboo
incoming,data\annotated\incoming\2022BCSC135_Ext-LLM_Annotated-EG_RevRL.html,https://canlii.ca/t/21bzd,decision,Cariboo
incoming,data\annotated\incoming\2022BCSC135_Ext-LLM_Annotated-EG_RevRL.html,https://canlii.ca/t/21bzd,decision,Cariboo
incoming,data\annotated\incoming\2022BCSC135_Ext-LLM_Annotated-EG_RevRL.html,https://canlii.ca/t/21bzd,decision,Cariboo
incoming,data\annotated\incoming\2022BCSC135_Ext-LLM_Annotated-EG_RevRL.html,https://canlii.ca/t/21bzd,decision,Cariboo
incoming,data\annotated\incoming\2022BCSC135_Ext-LLM_Annotated-EG_RevRL.html,https://canlii.ca/t/21bzd,decision,Cariboo
incoming,data\annotated\incoming\2022BCSC135_Ext-LLM_Annotated-EG_RevRL.html,https://canlii.ca/t/21bzd,decision,Cariboo
incoming,data\annotated\incoming\2009PECA12_Ext-LLM_Annotated-GL_Rev-RL.html,https://canlii.ca/t/21r0w,decision,Falvai
incoming,data\annotated\incoming\2009PECA12_Ext-LLM_Annotated-GL_Rev-RL.html,https://canlii.ca/t/21r0w,decision,Falvai
incoming,data\annotated\incoming\2009PECA12_Ext-LLM_Annotated-GL_Rev-RL.html,https://canlii.ca/t/21r0w,decision,Falvai
incoming,data\annotated\incoming\2009PECA12_Ext-LLM_Annotated-GL_Rev-RL.html,https://canlii.ca/t/21r0w,decision,Falvai
incoming,data\annotated\incoming\2009PECA12_Ext-LLM_Annotated-GL_Rev-RL.html,https://canlii.ca/t/21r0w,decision,Falvai
incoming,data\annotated\incoming\2022BCSC135_Ext-LLM_Annotated-EG_RevRL.html,https://canlii.ca/t/21vd0,decision,Nykorak
incoming,data\annotated\incoming\2009BCHRT256_Ext-LLM_Annotated-EG_RevRL.html,https://canlii.ca/t/21w2v,decision,Jenkins BCHRT 2008
incoming,data\annotated\incoming\2009PECA12_Ext-LLM_Annotated-GL_Rev-RL.html,https://canlii.ca/t/22hw5,decision,Rick
incoming,data\annotated\incoming\2009PECA12_Ext-LLM_Annotated-GL_Rev-RL.html,https://canlii.ca/t/22hw5,decision,Rick
incoming,data\annotated\incoming\2009BCHRT256_Ext-LLM_Annotated-EG_RevRL.html,https://canlii.ca/t/22jpz,decision,J and J
incoming,data\annotated\incoming\2009BCHRT256_Ext-LLM_Annotated-EG_RevRL.html,https://canlii.ca/t/22kqf,decision,Bishop
incoming,data\annotated\incoming\2009BCHRT256_Ext-LLM_Annotated-EG_RevRL.html,https://canlii.ca/t/22kqf,decision,Bishop
incoming,data\annotated\incoming\1993NSSC71_Ext-LLM_Annotated-GL_Rev-RL.html,https://canlii.ca/t/22rwb,decision,Bank of Nova Scotia
incoming,data\annotated\incoming\2009PECA12_Ext-LLM_Annotated-GL_Rev-RL.html,https://canlii.ca/t/23n2p,decision,B.(R.)
incoming,data\annotated\incoming\2009BCHRT256_Ext-LLM_Annotated-EG_RevRL.html,https://canlii.ca/t/23znv,decision,Mallenby
incoming,data\annotated\incoming\2009BCHRT256_Ext-LLM_Annotated-EG_RevRL.html,https://canlii.ca/t/23znv,decision,Mallenby
incoming,data\annotated\incoming\2009BCHRT256_Ext-LLM_Annotated-EG_RevRL.html,https://canlii.ca/t/2504z,decision,A obo B
incoming,data\annotated\incoming\2009BCHRT256_Ext-LLM_Annotated-EG_RevRL.html,https://canlii.ca/t/26prn,decision,Brar
incoming,data\annotated\incoming\2020FCA63_Ext-LLM_Annotated-EG_RevRL.html,https://canlii.ca/t/26s7t,decision,Consolidated Fastfrate
incoming,data\annotated\incoming\2020FCA63_Ext-LLM_Annotated-EG_RevRL.html,https://canlii.ca/t/26s7t,decision,Consolidated Fastfrate
incoming,data\annotated\incoming\2022BCSC135_Ext-LLM_Annotated-EG_RevRL.html,https://canlii.ca/t/2cxpb,decision,Lacombe
incoming,data\annotated\incoming\2022BCSC135_Ext-LLM_Annotated-EG_RevRL.html,https://canlii.ca/t/2cxpb,decision,Lacombe
incoming,data\annotated\incoming\2022BCSC135_Ext-LLM_Annotated-EG_RevRL.html,https://canlii.ca/t/2cxpd,decision,COPA
incoming,data\annotated\incoming\2022BCSC135_Ext-LLM_Annotated-EG_RevRL.html,https://canlii.ca/t/2cxpd,decision,COPA
incoming,data\annotated\incoming\2022BCSC135_Ext-LLM_Annotated-EG_RevRL.html,https://canlii.ca/t/2cxpd,decision,COPA
incoming,data\annotated\incoming\2022BCSC135_Ext-LLM_Annotated-EG_RevRL.html,https://canlii.ca/t/2cxpd,decision,COPA
incoming,data\annotated\incoming\2022BCSC135_Ext-LLM_Annotated-EG_RevRL.html,https://canlii.ca/t/2cxpd,decision,COPA
incoming,data\annotated\incoming\2022BCSC135_Ext-LLM_Annotated-EG_RevRL.html,https://canlii.ca/t/2cxpd,decision,COPA
incoming,data\annotated\incoming\2022BCSC135_Ext-LLM_Annotated-EG_RevRL.html,https://canlii.ca/t/2cxpd,decision,COPA
incoming,data\annotated\incoming\2022BCSC135_Ext-LLM_Annotated-EG_RevRL.html,https://canlii.ca/t/2cxpd,decision,COPA
incoming,data\annotated\incoming\2022BCSC135_Ext-LLM_Annotated-EG_RevRL.html,https://canlii.ca/t/2cxpd,decision,COPA
incoming,data\annotated\incoming\2022BCSC135_Ext-LLM_Annotated-EG_RevRL.html,https://canlii.ca/t/2cxpd,decision,COPA
incoming,data\annotated\incoming\2022BCSC135_Ext-LLM_Annotated-EG_RevRL.html,https://canlii.ca/t/2cxpd,decision,COPA
incoming,data\annotated\incoming\2022BCSC135_Ext-LLM_Annotated-EG_RevRL.html,https://canlii.ca/t/2cxpd,decision,COPA
incoming,data\annotated\incoming\2020FCA63_Ext-LLM_Annotated-EG_RevRL.html,https://canlii.ca/t/2d60s,decision,"NIL/TU,O"
incoming,data\annotated\incoming\2020FCA63_Ext-LLM_Annotated-EG_RevRL.html,https://canlii.ca/t/2d60s,decision,"NIL/TU,O"
incoming,data\annotated\incoming\2020FCA63_Ext-LLM_Annotated-EG_RevRL.html,https://canlii.ca/t/2d60s,decision,"NIL/TU,O"
incoming,data\annotated\incoming\2020FCA63_Ext-LLM_Annotated-EG_RevRL.html,https://canlii.ca/t/2d60s,decision,"NIL/TU,O"
incoming,data\annotated\incoming\2020FCA63_Ext-LLM_Annotated-EG_RevRL.html,https://canlii.ca/t/2d60s,decision,"NIL/TU,O"
incoming,data\annotated\incoming\2020FCA63_Ext-LLM_Annotated-EG_RevRL.html,https://canlii.ca/t/2d60s,decision,"NIL/TU,O"
incoming,data\annotated\incoming\2020FCA63_Ext-LLM_Annotated-EG_RevRL.html,https://canlii.ca/t/2d60s,decision,"NIL/TU,O"
incoming,data\annotated\incoming\2020FCA63_Ext-LLM_Annotated-EG_RevRL.html,https://canlii.ca/t/2d60s,decision,"NIL/TU,O"
incoming,data\annotated\incoming\2020FCA63_Ext-LLM_Annotated-EG_RevRL.html,https://canlii.ca/t/2d60s,decision,"NIL/TU,O"
incoming,data\annotated\incoming\2020FCA63_Ext-LLM_Annotated-EG_RevRL.html,https://canlii.ca/t/2d60s,decision,"NIL/TU,O"
incoming,data\annotated\incoming\2020FCA63_Ext-LLM_Annotated-EG_RevRL.html,https://canlii.ca/t/2d60s,decision,"NIL/TU,O"
incoming,data\annotated\incoming\2020FCA63_Ext-LLM_Annotated-EG_RevRL.html,https://canlii.ca/t/2d60s,decision,"NIL/TU,O"
incoming,data\annotated\incoming\2020FCA63_Ext-LLM_Annotated-EG_RevRL.html,https://canlii.ca/t/2d60s,decision,"NIL/TU,O"
incoming,data\annotated\incoming\2020FCA63_Ext-LLM_Annotated-EG_RevRL.html,https://canlii.ca/t/2d60s,decision,"NIL/TU,O"
incoming,data\annotated\incoming\2020FCA63_Ext-LLM_Annotated-EG_RevRL.html,https://canlii.ca/t/2d60s,decision,"NIL/TU,O"
incoming,data\annotated\incoming\2020FCA63_Ext-LLM_Annotated-EG_RevRL.html,https://canlii.ca/t/2d60s,decision,"NIL/TU,O"
incoming,data\annotated\incoming\2020FCA63_Ext-LLM_Annotated-EG_RevRL.html,https://canlii.ca/t/2d60s,decision,"NIL/TU,O"
incoming,data\annotated\incoming\2020FCA63_Ext-LLM_Annotated-EG_RevRL.html,https://canlii.ca/t/2d60s,decision,"NIL/TU,O"
incoming,data\annotated\incoming\2020FCA63_Ext-LLM_Annotated-EG_RevRL.html,https://canlii.ca/t/2d60s,decision,"NIL/TU,O"
incoming,data\annotated\incoming\2020FCA63_Ext-LLM_Annotated-EG_RevRL.html,https://canlii.ca/t/2d60s,decision,"NIL/TU,O"
incoming,data\annotated\incoming\2020FCA63_Ext-LLM_Annotated-EG_RevRL.html,https://canlii.ca/t/2d60s,decision,"NIL/TU,O"
incoming,data\annotated\incoming\2020FCA63_Ext-LLM_Annotated-EG_RevRL.html,https://canlii.ca/t/2d60s,decision,"NIL/TU,O"
incoming,data\annotated\incoming\2020FCA63_Ext-LLM_Annotated-EG_RevRL.html,https://canlii.ca/t/2d60s,decision,"NIL/TU,O"
incoming,data\annotated\incoming\2020FCA63_Ext-LLM_Annotated-EG_RevRL.html,https://canlii.ca/t/2d60s,decision,"NIL/TU,O"
incoming,data\annotated\incoming\2020FCA63_Ext-LLM_Annotated-EG_RevRL.html,https://canlii.ca/t/2d60s,decision,"NIL/TU,O"
incoming,data\annotated\incoming\2020FCA63_Ext-LLM_Annotated-EG_RevRL.html,https://canlii.ca/t/2d60s,decision,"NIL/TU,O"
incoming,data\annotated\incoming\2020FCA63_Ext-LLM_Annotated-EG_RevRL.html,https://canlii.ca/t/2d60s,decision,"NIL/TU,O"
incoming,data\annotated\incoming\2020FCA63_Ext-LLM_Annotated-EG_RevRL.html,https://canlii.ca/t/2d60s,decision,"NIL/TU,O"
incoming,data\annotated\incoming\2020FCA63_Ext-LLM_Annotated-EG_RevRL.html,https://canlii.ca/t/2d60s,decision,"NIL/TU,O"
incoming,data\annotated\incoming\2020FCA63_Ext-LLM_Annotated-EG_RevRL.html,https://canlii.ca/t/2d60s,decision,"NIL/TU,O"
incoming,data\annotated\incoming\2020FCA63_Ext-LLM_Annotated-EG_RevRL.html,https://canlii.ca/t/2d60s,decision,"NIL/TU,O"
incoming,data\annotated\incoming\2020FCA63_Ext-LLM_Annotated-EG_RevRL.html,https://canlii.ca/t/2d60s,decision,"NIL/TU,O"
incoming,data\annotated\incoming\2020FCA63_Ext-LLM_Annotated-EG_RevRL.html,https://canlii.ca/t/2d60s,decision,"NIL/TU,O"
incoming,data\annotated\incoming\2020FCA63_Ext-LLM_Annotated-EG_RevRL.html,https://canlii.ca/t/2d60s,decision,"NIL/TU,O"
incoming,data\annotated\incoming\2020FCA63_Ext-LLM_Annotated-EG_RevRL.html,https://canlii.ca/t/2d60s,decision,"NIL/TU,O"
incoming,data\annotated\incoming\2020FCA63_Ext-LLM_Annotated-EG_RevRL.html,https://canlii.ca/t/2d60s,decision,"NIL/TU,O"
incoming,data\annotated\incoming\2020FCA63_Ext-LLM_Annotated-EG_RevRL.html,https://canlii.ca/t/2d60s,decision,"NIL/TU,O"
incoming,data\annotated\incoming\2020FCA63_Ext-LLM_Annotated-EG_RevRL.html,https://canlii.ca/t/2d60s,decision,"NIL/TU,O"
incoming,data\annotated\incoming\2020FCA63_Ext-LLM_Annotated-EG_RevRL.html,https://canlii.ca/t/2d60s,decision,"NIL/TU,O"
incoming,data\annotated\incoming\2020FCA63_Ext-LLM_Annotated-EG_RevRL.html,https://canlii.ca/t/2d60s,decision,"NIL/TU,O"
incoming,data\annotated\incoming\2020FCA63_Ext-LLM_Annotated-EG_RevRL.html,https://canlii.ca/t/2d60s,decision,"NIL/TU,O"
incoming,data\annotated\incoming\2020FCA63_Ext-LLM_Annotated-EG_RevRL.html,https://canlii.ca/t/2d60s,decision,"NIL/TU,O"
incoming,data\annotated\incoming\2020FCA63_Ext-LLM_Annotated-EG_RevRL.html,https://canlii.ca/t/2d60s,decision,"NIL/TU,O"
incoming,data\annotated\incoming\1993NSSC71_Ext-LLM_Annotated-GL_Rev-RL.html,https://canlii.ca/t/2dm6j,decision,Canada Deposit Insurance Corporation
incoming,data\annotated\incoming\1993NSSC71_Ext-LLM_Annotated-GL_Rev-RL.html,https://canlii.ca/t/2dm6j,decision,Canada Deposit Insurance Corporation
incoming,data\annotated\incoming\2022BCSC135_Ext-LLM_Annotated-EG_RevRL.html,https://canlii.ca/t/2f387,decision,Re Assisted Human Reproduction Act
incoming,data\annotated\incoming\2022BCSC135_Ext-LLM_Annotated-EG_RevRL.html,https://canlii.ca/t/2fgn1,decision,CBC
incoming,data\annotated\incoming\2009BCHRT256_Ext-LLM_Annotated-EG_RevRL.html,https://canlii.ca/t/4w16,decision,O'Hara BCSC 2002
incoming,data\annotated\incoming\2020FCA63_Ext-LLM_Annotated-EG_RevRL.html,https://canlii.ca/t/50dq,decision,Paul
incoming,data\annotated\incoming\2020FCA63_Ext-LLM_Annotated-EG_RevRL.html,https://canlii.ca/t/50dq,decision,Paul
incoming,data\annotated\incoming\2022BCSC135_Ext-LLM_Annotated-EG_RevRL.html,https://canlii.ca/t/51s4,decision,Sierra Club
incoming,data\annotated\incoming\2022BCSC135_Ext-LLM_Annotated-EG_RevRL.html,https://canlii.ca/t/51s4,decision,Sierra Club
incoming,data\annotated\incoming\2022BCSC135_Ext-LLM_Annotated-EG_RevRL.html,https://canlii.ca/t/51s4,decision,Sierra Club
incoming,data\annotated\incoming\2022BCSC135_Ext-LLM_Annotated-EG_RevRL.html,https://canlii.ca/t/51s4,decision,Sierra Club
incoming,data\annotated\incoming\2022BCSC135_Ext-LLM_Annotated-EG_RevRL.html,https://canlii.ca/t/51s4,decision,Sierra Club
incoming,data\annotated\incoming\2022BCSC135_Ext-LLM_Annotated-EG_RevRL.html,https://canlii.ca/t/51s4,decision,Sierra Club
incoming,data\annotated\incoming\2022BCSC135_Ext-LLM_Annotated-EG_RevRL.html,https://canlii.ca/t/51s4,decision,Sierra Club
incoming,data\annotated\incoming\2022BCSC135_Ext-LLM_Annotated-EG_RevRL.html,https://canlii.ca/t/51s4,decision,Sierra Club
incoming,data\annotated\incoming\2022BCSC135_Ext-LLM_Annotated-EG_RevRL.html,https://canlii.ca/t/51s4,decision,Sierra Club
incoming,data\annotated\incoming\2022BCSC135_Ext-LLM_Annotated-EG_RevRL.html,https://canlii.ca/t/51s4,decision,Sierra Club
incoming,data\annotated\incoming\2022BCSC135_Ext-LLM_Annotated-EG_RevRL.html,https://canlii.ca/t/51s4,decision,Sierra Club
incoming,data\annotated\incoming\2022BCSC135_Ext-LLM_Annotated-EG_RevRL.html,https://canlii.ca/t/51s4,decision,Sierra Club
incoming,data\annotated\incoming\2022BCSC135_Ext-LLM_Annotated-EG_RevRL.html,https://canlii.ca/t/51s4,decision,Sierra Club
incoming,data\annotated\incoming\2024NUCA9_Ext-LLM_Annotated-GL_Rev-RL.html,https://canlii.ca/t/51xc,decision,Cooper
incoming,data\annotated\incoming\2022BCSC135_Ext-LLM_Annotated-EG_RevRL.html,https://canlii.ca/t/51zn,decision,Mangat
incoming,data\annotated\incoming\2022BCSC135_Ext-LLM_Annotated-EG_RevRL.html,https://canlii.ca/t/51zn,decision,Mangat
incoming,data\annotated\incoming\2022BCSC135_Ext-LLM_Annotated-EG_RevRL.html,https://canlii.ca/t/51zn,decision,Mangat
incoming,data\annotated\incoming\2009PECA12_Ext-LLM_Annotated-GL_Rev-RL.html,https://canlii.ca/t/53cf,decision,Nunweiler
incoming,data\annotated\incoming\2009PECA12_Ext-LLM_Annotated-GL_Rev-RL.html,https://canlii.ca/t/53cf,decision,Nunweiler
incoming,data\annotated\incoming\2009PECA12_Ext-LLM_Annotated-GL_Rev-RL.html,https://canlii.ca/t/53cf,decision,Nunweiler
incoming,data\annotated\incoming\2009PECA12_Ext-LLM_Annotated-GL_Rev-RL.html,https://canlii.ca/t/53cf,decision,Nunweiler
incoming,data\annotated\incoming\2009PECA12_Ext-LLM_Annotated-GL_Rev-RL.html,https://canlii.ca/t/53cf,decision,Nunweiler
incoming,data\annotated\incoming\2009PECA12_Ext-LLM_Annotated-GL_Rev-RL.html,https://canlii.ca/t/53cf,decision,Nunweiler
incoming,data\annotated\incoming\2009PECA12_Ext-LLM_Annotated-GL_Rev-RL.html,https://canlii.ca/t/53cf,decision,Nunweiler
incoming,data\annotated\incoming\2009PECA12_Ext-LLM_Annotated-GL_Rev-RL.html,https://canlii.ca/t/53cf,decision,Nunweiler
incoming,data\annotated\incoming\2009PECA12_Ext-LLM_Annotated-GL_Rev-RL.html,https://canlii.ca/t/53cf,decision,Nunweiler
incoming,data\annotated\incoming\2022BCSC135_Ext-LLM_Annotated-EG_RevRL.html,https://canlii.ca/t/543hb,legislation,Transportation of Dangerous Goods Act
incoming,data\annotated\incoming\2022BCSC135_Ext-LLM_Annotated-EG_RevRL.html,https://canlii.ca/t/543hb,legislation,Transportation of Dangerous Goods Act
incoming,data\annotated\incoming\2022BCSC135_Ext-LLM_Annotated-EG_RevRL.html,https://canlii.ca/t/543hb,legislation,Transportation of Dangerous Goods Act
incoming,data\annotated\incoming\2022BCSC135_Ext-LLM_Annotated-EG_RevRL.html,https://canlii.ca/t/543hb,legislation,Transportation of Dangerous Goods Act
incoming,data\annotated\incoming\2022BCSC135_Ext-LLM_Annotated-EG_RevRL.html,https://canlii.ca/t/543hb,legislation,Transportation of Dangerous Goods Act
incoming,data\annotated\incoming\2022BCSC135_Ext-LLM_Annotated-EG_RevRL.html,https://canlii.ca/t/543hb,legislation,Transportation of Dangerous Goods Act
incoming,data\annotated\incoming\2022BCSC135_Ext-LLM_Annotated-EG_RevRL.html,https://canlii.ca/t/543hb,legislation,Transportation of Dangerous Goods Act
incoming,data\annotated\incoming\2022BCSC135_Ext-LLM_Annotated-EG_RevRL.html,https://canlii.ca/t/543hb,legislation,Transportation of Dangerous Goods Act
incoming,data\annotated\incoming\2022BCSC135_Ext-LLM_Annotated-EG_RevRL.html,https://canlii.ca/t/543hb,legislation,Transportation of Dangerous Goods Act
incoming,data\annotated\incoming\2022BCSC135_Ext-LLM_Annotated-EG_RevRL.html,https://canlii.ca/t/543hb,legislation,Transportation of Dangerous Goods Act
incoming,data\annotated\incoming\2022BCSC135_Ext-LLM_Annotated-EG_RevRL.html,https://canlii.ca/t/543hb,legislation,Transportation of Dangerous Goods Act
incoming,data\annotated\incoming\2022BCSC135_Ext-LLM_Annotated-EG_RevRL.html,https://canlii.ca/t/543hb,legislation,Transportation of Dangerous Goods Act
incoming,data\annotated\incoming\2022BCSC135_Ext-LLM_Annotated-EG_RevRL.html,https://canlii.ca/t/543hb,legislation,Transportation of Dangerous Goods Act
incoming,data\annotated\incoming\2022BCSC135_Ext-LLM_Annotated-EG_RevRL.html,https://canlii.ca/t/543hb,legislation,Transportation of Dangerous Goods Act
incoming,data\annotated\incoming\2022BCSC135_Ext-LLM_Annotated-EG_RevRL.html,https://canlii.ca/t/543hb,legislation,Transportation of Dangerous Goods Act
incoming,data\annotated\incoming\2022BCSC135_Ext-LLM_Annotated-EG_RevRL.html,https://canlii.ca/t/543hb,legislation,Transportation of Dangerous Goods Act
incoming,data\annotated\incoming\2022BCSC135_Ext-LLM_Annotated-EG_RevRL.html,https://canlii.ca/t/543hb,legislation,Transportation of Dangerous Goods Act
incoming,data\annotated\incoming\2022BCSC135_Ext-LLM_Annotated-EG_RevRL.html,https://canlii.ca/t/543hb,legislation,Transportation of Dangerous Goods Act
incoming,data\annotated\incoming\2022BCSC135_Ext-LLM_Annotated-EG_RevRL.html,https://canlii.ca/t/543hb,legislation,Transportation of Dangerous Goods Act
incoming,data\annotated\incoming\2022BCSC135_Ext-LLM_Annotated-EG_RevRL.html,https://canlii.ca/t/543hb,legislation,Transportation of Dangerous Goods Act
incoming,data\annotated\incoming\2022BCSC135_Ext-LLM_Annotated-EG_RevRL.html,https://canlii.ca/t/543hb,legislation,Transportation of Dangerous Goods Act
incoming,data\annotated\incoming\2022BCSC135_Ext-LLM_Annotated-EG_RevRL.html,https://canlii.ca/t/543hb,legislation,Transportation of Dangerous Goods Act
incoming,data\annotated\incoming\2022BCSC135_Ext-LLM_Annotated-EG_RevRL.html,https://canlii.ca/t/543hb,legislation,Transportation of Dangerous Goods Act
incoming,data\annotated\incoming\2022BCSC135_Ext-LLM_Annotated-EG_RevRL.html,https://canlii.ca/t/543hb,legislation,Transportation of Dangerous Goods Act
incoming,data\annotated\incoming\2022BCSC135_Ext-LLM_Annotated-EG_RevRL.html,https://canlii.ca/t/543hb,legislation,Transportation of Dangerous Goods Act
incoming,data\annotated\incoming\2022BCSC135_Ext-LLM_Annotated-EG_RevRL.html,https://canlii.ca/t/543hb,legislation,Transportation of Dangerous Goods Act
incoming,data\annotated\incoming\2022BCSC135_Ext-LLM_Annotated-EG_RevRL.html,https://canlii.ca/t/543hb,legislation,Transportation of Dangerous Goods Act
incoming,data\annotated\incoming\2022BCSC135_Ext-LLM_Annotated-EG_RevRL.html,https://canlii.ca/t/543hb,legislation,Transportation of Dangerous Goods Act
incoming,data\annotated\incoming\2022BCSC135_Ext-LLM_Annotated-EG_RevRL.html,https://canlii.ca/t/543hb,legislation,Transportation of Dangerous Goods Act
incoming,data\annotated\incoming\2022BCSC135_Ext-LLM_Annotated-EG_RevRL.html,https://canlii.ca/t/543hb,legislation,Transportation of Dangerous Goods Act
incoming,data\annotated\incoming\2022BCSC135_Ext-LLM_Annotated-EG_RevRL.html,https://canlii.ca/t/543hb,legislation,Transportation of Dangerous Goods Act
incoming,data\annotated\incoming\2022BCSC135_Ext-LLM_Annotated-EG_RevRL.html,https://canlii.ca/t/543hb,legislation,Transportation of Dangerous Goods Act
incoming,data\annotated\incoming\2022BCSC135_Ext-LLM_Annotated-EG_RevRL.html,https://canlii.ca/t/543hb,legislation,Transportation of Dangerous Goods Act
incoming,data\annotated\incoming\2022BCSC135_Ext-LLM_Annotated-EG_RevRL.html,https://canlii.ca/t/543hb,legislation,Transportation of Dangerous Goods Act
incoming,data\annotated\incoming\2022BCSC135_Ext-LLM_Annotated-EG_RevRL.html,https://canlii.ca/t/543hb,legislation,Transportation of Dangerous Goods Act
incoming,data\annotated\incoming\2022BCSC135_Ext-LLM_Annotated-EG_RevRL.html,https://canlii.ca/t/543hb,legislation,Transportation of Dangerous Goods Act
incoming,data\annotated\incoming\2022BCSC135_Ext-LLM_Annotated-EG_RevRL.html,https://canlii.ca/t/543hb,legislation,Transportation of Dangerous Goods Act
incoming,data\annotated\incoming\2022BCSC135_Ext-LLM_Annotated-EG_RevRL.html,https://canlii.ca/t/543hb,legislation,Transportation of Dangerous Goods Act
incoming,data\annotated\incoming\2022BCSC135_Ext-LLM_Annotated-EG_RevRL.html,https://canlii.ca/t/543hb,legislation,Transportation of Dangerous Goods Act
incoming,data\annotated\incoming\2022BCSC135_Ext-LLM_Annotated-EG_RevRL.html,https://canlii.ca/t/543hb,legislation,Transportation of Dangerous Goods Act
incoming,data\annotated\incoming\2022BCSC135_Ext-LLM_Annotated-EG_RevRL.html,https://canlii.ca/t/543hb,legislation,Transportation of Dangerous Goods Act
incoming,data\annotated\incoming\2022BCSC135_Ext-LLM_Annotated-EG_RevRL.html,https://canlii.ca/t/553sm,legislation,Polices Services Act
incoming,data\annotated\incoming\2022BCSC135_Ext-LLM_Annotated-EG_RevRL.html,https://canlii.ca/t/55kd4,legislation,Environmental Management Amendment Act 2016
incoming,data\annotated\incoming\2022BCSC135_Ext-LLM_Annotated-EG_RevRL.html,https://canlii.ca/t/55kd4,legislation,Environmental Management Amendment Act 2016
incoming,data\annotated\incoming\2022BCSC135_Ext-LLM_Annotated-EG_RevRL.html,https://canlii.ca/t/55kd4,legislation,Environmental Management Amendment Act 2016
incoming,data\annotated\incoming\2022BCSC135_Ext-LLM_Annotated-EG_RevRL.html,https://canlii.ca/t/55kd4,legislation,Environmental Management Amendment Act 2016
incoming,data\annotated\incoming\2022BCSC135_Ext-LLM_Annotated-EG_RevRL.html,https://canlii.ca/t/55kgw,legislation,Railway Safety Act
incoming,data\annotated\incoming\2022BCSC135_Ext-LLM_Annotated-EG_RevRL.html,https://canlii.ca/t/55kgw,legislation,Railway Safety Act
incoming,data\annotated\incoming\2022BCSC135_Ext-LLM_Annotated-EG_RevRL.html,https://canlii.ca/t/55kgw,legislation,Railway Safety Act
incoming,data\annotated\incoming\2022BCSC135_Ext-LLM_Annotated-EG_RevRL.html,https://canlii.ca/t/55kgw,legislation,Railway Safety Act
incoming,data\annotated\incoming\2024NUCA9_Ext-LLM_Annotated-GL_Rev-RL.html,https://canlii.ca/t/55vp4,legislation,Education Act
incoming,data\annotated\incoming\2024NUCA9_Ext-LLM_Annotated-GL_Rev-RL.html,https://canlii.ca/t/55vp4,legislation,Education Act
incoming,data\annotated\incoming\2024NUCA9_Ext-LLM_Annotated-GL_Rev-RL.html,https://canlii.ca/t/55vp6,legislation,Inuit Language Protection Act
incoming,data\annotated\incoming\2024NUCA9_Ext-LLM_Annotated-GL_Rev-RL.html,https://canlii.ca/t/55vz4,legislation,Interim Language of Instruction Act
incoming,data\annotated\incoming\2024NUCA9_Ext-LLM_Annotated-GL_Rev-RL.html,https://canlii.ca/t/55vz4,legislation,Interim Language of Instruction Act
incoming,data\annotated\incoming\2024NUCA9_Ext-LLM_Annotated-GL_Rev-RL.html,https://canlii.ca/t/55vz4,legislation,Interim Language of Instruction Act
incoming,data\annotated\incoming\2024NUCA9_Ext-LLM_Annotated-GL_Rev-RL.html,https://canlii.ca/t/55vz4,legislation,Interim Language of Instruction Act
incoming,data\annotated\incoming\2024NUCA9_Ext-LLM_Annotated-GL_Rev-RL.html,https://canlii.ca/t/55vz4,legislation,Interim Language of Instruction Act
incoming,data\annotated\incoming\2024NUCA9_Ext-LLM_Annotated-GL_Rev-RL.html,https://canlii.ca/t/55vz4,legislation,Interim Language of Instruction Act
incoming,data\annotated\incoming\2024NUCA9_Ext-LLM_Annotated-GL_Rev-RL.html,https://canlii.ca/t/55vz4,legislation,Interim Language of Instruction Act
incoming,data\annotated\incoming\2024NUCA9_Ext-LLM_Annotated-GL_Rev-RL.html,https://canlii.ca/t/55vz4,legislation,Interim Language of Instruction Act
incoming,data\annotated\incoming\2024NUCA9_Ext-LLM_Annotated-GL_Rev-RL.html,https://canlii.ca/t/55vz4,legislation,Interim Language of Instruction Act
incoming,data\annotated\incoming\2024NUCA9_Ext-LLM_Annotated-GL_Rev-RL.html,https://canlii.ca/t/55vz4,legislation,Interim Language of Instruction Act
incoming,data\annotated\incoming\2024NUCA9_Ext-LLM_Annotated-GL_Rev-RL.html,https://canlii.ca/t/55vz4,legislation,Interim Language of Instruction Act
incoming,data\annotated\incoming\2024NUCA9_Ext-LLM_Annotated-GL_Rev-RL.html,https://canlii.ca/t/55vz4,legislation,Interim Language of Instruction Act
incoming,data\annotated\incoming\2024NUCA9_Ext-LLM_Annotated-GL_Rev-RL.html,https://canlii.ca/t/55vz4,legislation,Interim Language of Instruction Act
incoming,data\annotated\incoming\2024NUCA9_Ext-LLM_Annotated-GL_Rev-RL.html,https://canlii.ca/t/55vz4,legislation,Interim Language of Instruction Act
incoming,data\annotated\incoming\2024NUCA9_Ext-LLM_Annotated-GL_Rev-RL.html,https://canlii.ca/t/55vz4,legislation,Interim Language of Instruction Act
incoming,data\annotated\incoming\2022BCSC135_Ext-LLM_Annotated-EG_RevRL.html,https://canlii.ca/t/568fh,legislation,Spill Preparedness and Recovery Regulations
incoming,data\annotated\incoming\2022BCSC135_Ext-LLM_Annotated-EG_RevRL.html,https://canlii.ca/t/568fh,legislation,Spill Preparedness and Recovery Regulations
incoming,data\annotated\incoming\2022BCSC135_Ext-LLM_Annotated-EG_RevRL.html,https://canlii.ca/t/568fh,legislation,Spill Preparedness and Recovery Regulations
incoming,data\annotated\incoming\2022BCSC135_Ext-LLM_Annotated-EG_RevRL.html,https://canlii.ca/t/568fh,legislation,Spill Preparedness and Recovery Regulations
incoming,data\annotated\incoming\2022BCSC135_Ext-LLM_Annotated-EG_RevRL.html,https://canlii.ca/t/568fh,legislation,Spill Preparedness and Recovery Regulations
incoming,data\annotated\incoming\2022BCSC135_Ext-LLM_Annotated-EG_RevRL.html,https://canlii.ca/t/568fh,legislation,Spill Preparedness and Recovery Regulations
incoming,data\annotated\incoming\2022BCSC135_Ext-LLM_Annotated-EG_RevRL.html,https://canlii.ca/t/568fh,legislation,Spill Preparedness and Recovery Regulations
incoming,data\annotated\incoming\2022BCSC135_Ext-LLM_Annotated-EG_RevRL.html,https://canlii.ca/t/568fh,legislation,Spill Preparedness and Recovery Regulations
incoming,data\annotated\incoming\2022BCSC135_Ext-LLM_Annotated-EG_RevRL.html,https://canlii.ca/t/568fh,legislation,Spill Preparedness and Recovery Regulations
incoming,data\annotated\incoming\2022BCSC135_Ext-LLM_Annotated-EG_RevRL.html,https://canlii.ca/t/568fh,legislation,Spill Preparedness and Recovery Regulations
incoming,data\annotated\incoming\2022BCSC135_Ext-LLM_Annotated-EG_RevRL.html,https://canlii.ca/t/568fh,legislation,Spill Preparedness and Recovery Regulations
incoming,data\annotated\incoming\2022BCSC135_Ext-LLM_Annotated-EG_RevRL.html,https://canlii.ca/t/568fh,legislation,Spill Preparedness and Recovery Regulations
incoming,data\annotated\incoming\2022BCSC135_Ext-LLM_Annotated-EG_RevRL.html,https://canlii.ca/t/568fh,legislation,Spill Preparedness and Recovery Regulations
incoming,data\annotated\incoming\2022BCSC135_Ext-LLM_Annotated-EG_RevRL.html,https://canlii.ca/t/568fh,legislation,Spill Preparedness and Recovery Regulations
incoming,data\annotated\incoming\2022BCSC135_Ext-LLM_Annotated-EG_RevRL.html,https://canlii.ca/t/568fh,legislation,Spill Preparedness and Recovery Regulations
incoming,data\annotated\incoming\2022BCSC135_Ext-LLM_Annotated-EG_RevRL.html,https://canlii.ca/t/568fh,legislation,Spill Preparedness and Recovery Regulations
incoming,data\annotated\incoming\2022BCSC135_Ext-LLM_Annotated-EG_RevRL.html,https://canlii.ca/t/568fh,legislation,Spill Preparedness and Recovery Regulations
incoming,data\annotated\incoming\2022BCSC135_Ext-LLM_Annotated-EG_RevRL.html,https://canlii.ca/t/568fh,legislation,Spill Preparedness and Recovery Regulations
incoming,data\annotated\incoming\2022BCSC135_Ext-LLM_Annotated-EG_RevRL.html,https://canlii.ca/t/568fh,legislation,Spill Preparedness and Recovery Regulations
incoming,data\annotated\incoming\2022BCSC135_Ext-LLM_Annotated-EG_RevRL.html,https://canlii.ca/t/568fh,legislation,Spill Preparedness and Recovery Regulations
incoming,data\annotated\incoming\2022BCSC135_Ext-LLM_Annotated-EG_RevRL.html,https://canlii.ca/t/568fh,legislation,Spill Preparedness and Recovery Regulations
incoming,data\annotated\incoming\2022BCSC135_Ext-LLM_Annotated-EG_RevRL.html,https://canlii.ca/t/568fh,legislation,Spill Preparedness and Recovery Regulations
incoming,data\annotated\incoming\2022BCSC135_Ext-LLM_Annotated-EG_RevRL.html,https://canlii.ca/t/568fh,legislation,Spill Preparedness and Recovery Regulations
incoming,data\annotated\incoming\2022BCSC135_Ext-LLM_Annotated-EG_RevRL.html,https://canlii.ca/t/568fh,legislation,Spill Preparedness and Recovery Regulations
incoming,data\annotated\incoming\2022BCSC135_Ext-LLM_Annotated-EG_RevRL.html,https://canlii.ca/t/568fh,legislation,Spill Preparedness and Recovery Regulations
incoming,data\annotated\incoming\2022BCSC135_Ext-LLM_Annotated-EG_RevRL.html,https://canlii.ca/t/568fh,legislation,Spill Preparedness and Recovery Regulations
incoming,data\annotated\incoming\2022BCSC135_Ext-LLM_Annotated-EG_RevRL.html,https://canlii.ca/t/568fh,legislation,Spill Preparedness and Recovery Regulations
incoming,data\annotated\incoming\2022BCSC135_Ext-LLM_Annotated-EG_RevRL.html,https://canlii.ca/t/568fh,legislation,Spill Preparedness and Recovery Regulations
incoming,data\annotated\incoming\2022BCSC135_Ext-LLM_Annotated-EG_RevRL.html,https://canlii.ca/t/568fh,legislation,Spill Preparedness and Recovery Regulations
incoming,data\annotated\incoming\2022BCSC135_Ext-LLM_Annotated-EG_RevRL.html,https://canlii.ca/t/568fh,legislation,Spill Preparedness and Recovery Regulations
incoming,data\annotated\incoming\2022BCSC135_Ext-LLM_Annotated-EG_RevRL.html,https://canlii.ca/t/568fh,legislation,Spill Preparedness and Recovery Regulations
incoming,data\annotated\incoming\2022BCSC135_Ext-LLM_Annotated-EG_RevRL.html,https://canlii.ca/t/568fh,legislation,Spill Preparedness and Recovery Regulations
incoming,data\annotated\incoming\2022BCSC135_Ext-LLM_Annotated-EG_RevRL.html,https://canlii.ca/t/568fh,legislation,Spill Preparedness and Recovery Regulations
incoming,data\annotated\incoming\2022BCSC135_Ext-LLM_Annotated-EG_RevRL.html,https://canlii.ca/t/568fh,legislation,Spill Preparedness and Recovery Regulations
incoming,data\annotated\incoming\2022BCSC135_Ext-LLM_Annotated-EG_RevRL.html,https://canlii.ca/t/568fh,legislation,Spill Preparedness and Recovery Regulations
incoming,data\annotated\incoming\2022BCSC135_Ext-LLM_Annotated-EG_RevRL.html,https://canlii.ca/t/568fh,legislation,Spill Preparedness and Recovery Regulations
incoming,data\annotated\incoming\2022BCSC135_Ext-LLM_Annotated-EG_RevRL.html,https://canlii.ca/t/568fh,legislation,Spill Preparedness and Recovery Regulations
incoming,data\annotated\incoming\2022BCSC135_Ext-LLM_Annotated-EG_RevRL.html,https://canlii.ca/t/568fh,legislation,Spill Preparedness and Recovery Regulations
incoming,data\annotated\incoming\2022BCSC135_Ext-LLM_Annotated-EG_RevRL.html,https://canlii.ca/t/568fh,legislation,Spill Preparedness and Recovery Regulations
incoming,data\annotated\incoming\2022BCSC135_Ext-LLM_Annotated-EG_RevRL.html,https://canlii.ca/t/568fh,legislation,Spill Preparedness and Recovery Regulations
incoming,data\annotated\incoming\2022BCSC135_Ext-LLM_Annotated-EG_RevRL.html,https://canlii.ca/t/568fh,legislation,Spill Preparedness and Recovery Regulations
incoming,data\annotated\incoming\2022BCSC135_Ext-LLM_Annotated-EG_RevRL.html,https://canlii.ca/t/568fh,legislation,Spill Preparedness and Recovery Regulations
incoming,data\annotated\incoming\2020FCA63_Ext-LLM_Annotated-EG_RevRL.html,https://canlii.ca/t/5697p,legislation,Pension Benefits Standards Act 1985
incoming,data\annotated\incoming\2020FCA63_Ext-LLM_Annotated-EG_RevRL.html,https://canlii.ca/t/5697p,legislation,Pension Benefits Standards Act 1985
incoming,data\annotated\incoming\2020FCA63_Ext-LLM_Annotated-EG_RevRL.html,https://canlii.ca/t/5697p,legislation,Pension Benefits Standards Act 1985
incoming,data\annotated\incoming\2020FCA63_Ext-LLM_Annotated-EG_RevRL.html,https://canlii.ca/t/5697p,legislation,Pension Benefits Standards Act 1985
incoming,data\annotated\incoming\2020FCA63_Ext-LLM_Annotated-EG_RevRL.html,https://canlii.ca/t/5697p,legislation,Pension Benefits Standards Act 1985
incoming,data\annotated\incoming\2020FCA63_Ext-LLM_Annotated-EG_RevRL.html,https://canlii.ca/t/5697p,legislation,Pension Benefits Standards Act 1985
incoming,data\annotated\incoming\2020FCA63_Ext-LLM_Annotated-EG_RevRL.html,https://canlii.ca/t/5697p,legislation,Pension Benefits Standards Act 1985
incoming,data\annotated\incoming\2020FCA63_Ext-LLM_Annotated-EG_RevRL.html,https://canlii.ca/t/5697p,legislation,Pension Benefits Standards Act 1985
incoming,data\annotated\incoming\2020FCA63_Ext-LLM_Annotated-EG_RevRL.html,https://canlii.ca/t/5697p,legislation,Pension Benefits Standards Act 1985
incoming,data\annotated\incoming\2020FCA63_Ext-LLM_Annotated-EG_RevRL.html,https://canlii.ca/t/5697p,legislation,Pension Benefits Standards Act 1985
incoming,data\annotated\incoming\2020FCA63_Ext-LLM_Annotated-EG_RevRL.html,https://canlii.ca/t/5697p,legislation,Pension Benefits Standards Act 1985
incoming,data\annotated\incoming\2020FCA63_Ext-LLM_Annotated-EG_RevRL.html,https://canlii.ca/t/5697p,legislation,Pension Benefits Standards Act 1985
incoming,data\annotated\incoming\2020FCA63_Ext-LLM_Annotated-EG_RevRL.html,https://canlii.ca/t/5697p,legislation,Pension Benefits Standards Act 1985
incoming,data\annotated\incoming\2020FCA63_Ext-LLM_Annotated-EG_RevRL.html,https://canlii.ca/t/5697p,legislation,Pension Benefits Standards Act 1985
incoming,data\annotated\incoming\2020FCA63_Ext-LLM_Annotated-EG_RevRL.html,https://canlii.ca/t/5697p,legislation,Pension Benefits Standards Act 1985
incoming,data\annotated\incoming\2020FCA63_Ext-LLM_Annotated-EG_RevRL.html,https://canlii.ca/t/5697p,legislation,Pension Benefits Standards Act 1985
incoming,data\annotated\incoming\2020FCA63_Ext-LLM_Annotated-EG_RevRL.html,https://canlii.ca/t/5697p,legislation,Pension Benefits Standards Act 1985
incoming,data\annotated\incoming\2020FCA63_Ext-LLM_Annotated-EG_RevRL.html,https://canlii.ca/t/5697p,legislation,Pension Benefits Standards Act 1985
incoming,data\annotated\incoming\2020FCA63_Ext-LLM_Annotated-EG_RevRL.html,https://canlii.ca/t/5697p,legislation,Pension Benefits Standards Act 1985
incoming,data\annotated\incoming\2020FCA63_Ext-LLM_Annotated-EG_RevRL.html,https://canlii.ca/t/5697p,legislation,Pension Benefits Standards Act 1985
incoming,data\annotated\incoming\2020FCA63_Ext-LLM_Annotated-EG_RevRL.html,https://canlii.ca/t/5697p,legislation,Pension Benefits Standards Act 1985
incoming,data\annotated\incoming\2020FCA63_Ext-LLM_Annotated-EG_RevRL.html,https://canlii.ca/t/5697p,legislation,Pension Benefits Standards Act 1985
incoming,data\annotated\incoming\2020FCA63_Ext-LLM_Annotated-EG_RevRL.html,https://canlii.ca/t/5697p,legislation,Pension Benefits Standards Act 1985
incoming,data\annotated\incoming\2020FCA63_Ext-LLM_Annotated-EG_RevRL.html,https://canlii.ca/t/5697p,legislation,Pension Benefits Standards Act 1985
incoming,data\annotated\incoming\2020FCA63_Ext-LLM_Annotated-EG_RevRL.html,https://canlii.ca/t/5697p,legislation,Pension Benefits Standards Act 1985
incoming,data\annotated\incoming\2020FCA63_Ext-LLM_Annotated-EG_RevRL.html,https://canlii.ca/t/56bn8,legislation,The Pension Benefits Act 1992
incoming,data\annotated\incoming\2020FCA63_Ext-LLM_Annotated-EG_RevRL.html,https://canlii.ca/t/56bn8,legislation,The Pension Benefits Act 1992
incoming,data\annotated\incoming\2024ABOHSAB19_Ext-LLM_Annotated-GL_Rev-RL.html,https://canlii.ca/t/56gs3,legislation,Occupational Health and Safety Code
incoming,data\annotated\incoming\2022BCSC135_Ext-LLM_Annotated-EG_RevRL.html,https://canlii.ca/t/56hrq,legislation,Railway Act
incoming,data\annotated\incoming\2024ABOHSAB19_Ext-LLM_Annotated-GL_Rev-RL.html,https://canlii.ca/t/56jxc,legislation,Occupational Health and Safety Act
incoming,data\annotated\incoming\2024ABOHSAB19_Ext-LLM_Annotated-GL_Rev-RL.html,https://canlii.ca/t/56jxc,legislation,Occupational Health and Safety Act
incoming,data\annotated\incoming\2024ABOHSAB19_Ext-LLM_Annotated-GL_Rev-RL.html,https://canlii.ca/t/56jxc,legislation,Occupational Health and Safety Act
incoming,data\annotated\incoming\2024ABOHSAB19_Ext-LLM_Annotated-GL_Rev-RL.html,https://canlii.ca/t/56jxc,legislation,Occupational Health and Safety Act
incoming,data\annotated\incoming\2024ABOHSAB19_Ext-LLM_Annotated-GL_Rev-RL.html,https://canlii.ca/t/56jxc,legislation,Occupational Health and Safety Act
incoming,data\annotated\incoming\2024ABOHSAB19_Ext-LLM_Annotated-GL_Rev-RL.html,https://canlii.ca/t/56jxc,legislation,Occupational Health and Safety Act
incoming,data\annotated\incoming\2024ABOHSAB19_Ext-LLM_Annotated-GL_Rev-RL.html,https://canlii.ca/t/56jxc,legislation,Occupational Health and Safety Act
incoming,data\annotated\incoming\2024ABOHSAB19_Ext-LLM_Annotated-GL_Rev-RL.html,https://canlii.ca/t/56jxc,legislation,Occupational Health and Safety Act
incoming,data\annotated\incoming\2024ABOHSAB19_Ext-LLM_Annotated-GL_Rev-RL.html,https://canlii.ca/t/56jxc,legislation,Occupational Health and Safety Act
incoming,data\annotated\incoming\2024ABOHSAB19_Ext-LLM_Annotated-GL_Rev-RL.html,https://canlii.ca/t/56jxc,legislation,Occupational Health and Safety Act
incoming,data\annotated\incoming\2024ABOHSAB19_Ext-LLM_Annotated-GL_Rev-RL.html,https://canlii.ca/t/56jxc,legislation,Occupational Health and Safety Act
incoming,data\annotated\incoming\2024ABOHSAB19_Ext-LLM_Annotated-GL_Rev-RL.html,https://canlii.ca/t/56jxc,legislation,Occupational Health and Safety Act
incoming,data\annotated\incoming\2024ABOHSAB19_Ext-LLM_Annotated-GL_Rev-RL.html,https://canlii.ca/t/56jxc,legislation,Occupational Health and Safety Act
incoming,data\annotated\incoming\2024ABOHSAB19_Ext-LLM_Annotated-GL_Rev-RL.html,https://canlii.ca/t/56jxc,legislation,Occupational Health and Safety Act
incoming,data\annotated\incoming\2024ABOHSAB19_Ext-LLM_Annotated-GL_Rev-RL.html,https://canlii.ca/t/56jxc,legislation,Occupational Health and Safety Act
incoming,data\annotated\incoming\2024ABOHSAB19_Ext-LLM_Annotated-GL_Rev-RL.html,https://canlii.ca/t/56jxc,legislation,Occupational Health and Safety Act
incoming,data\annotated\incoming\2024ABOHSAB19_Ext-LLM_Annotated-GL_Rev-RL.html,https://canlii.ca/t/56jxc,legislation,Occupational Health and Safety Act
incoming,data\annotated\incoming\2024ABOHSAB19_Ext-LLM_Annotated-GL_Rev-RL.html,https://canlii.ca/t/56jxc,legislation,Occupational Health and Safety Act
incoming,data\annotated\incoming\2024ABOHSAB19_Ext-LLM_Annotated-GL_Rev-RL.html,https://canlii.ca/t/56jxc,legislation,Occupational Health and Safety Act
incoming,data\annotated\incoming\2024ABOHSAB19_Ext-LLM_Annotated-GL_Rev-RL.html,https://canlii.ca/t/56jxc,legislation,Occupational Health and Safety Act
incoming,data\annotated\incoming\2024ABOHSAB19_Ext-LLM_Annotated-GL_Rev-RL.html,https://canlii.ca/t/56jxc,legislation,Occupational Health and Safety Act
incoming,data\annotated\incoming\2024ABOHSAB19_Ext-LLM_Annotated-GL_Rev-RL.html,https://canlii.ca/t/56jxc,legislation,Occupational Health and Safety Act
incoming,data\annotated\incoming\2024ABOHSAB19_Ext-LLM_Annotated-GL_Rev-RL.html,https://canlii.ca/t/56jxc,legislation,Occupational Health and Safety Act
incoming,data\annotated\incoming\2024ABOHSAB19_Ext-LLM_Annotated-GL_Rev-RL.html,https://canlii.ca/t/56jxc,legislation,Occupational Health and Safety Act
incoming,data\annotated\incoming\2024ABOHSAB19_Ext-LLM_Annotated-GL_Rev-RL.html,https://canlii.ca/t/56jxc,legislation,Occupational Health and Safety Act
incoming,data\annotated\incoming\2024ABOHSAB19_Ext-LLM_Annotated-GL_Rev-RL.html,https://canlii.ca/t/56jxc,legislation,Occupational Health and Safety Act
incoming,data\annotated\incoming\2024ABOHSAB19_Ext-LLM_Annotated-GL_Rev-RL.html,https://canlii.ca/t/56jxc,legislation,Occupational Health and Safety Act
incoming,data\annotated\incoming\2024ABOHSAB19_Ext-LLM_Annotated-GL_Rev-RL.html,https://canlii.ca/t/56jxc,legislation,Occupational Health and Safety Act
incoming,data\annotated\incoming\2024ABOHSAB19_Ext-LLM_Annotated-GL_Rev-RL.html,https://canlii.ca/t/56jxc,legislation,Occupational Health and Safety Act
incoming,data\annotated\incoming\2024ABOHSAB19_Ext-LLM_Annotated-GL_Rev-RL.html,https://canlii.ca/t/56nbs,legislation,Labour Relations Code
incoming,data\annotated\incoming\2024ABOHSAB19_Ext-LLM_Annotated-GL_Rev-RL.html,https://canlii.ca/t/56nbs,legislation,Labour Relations Code
incoming,data\annotated\incoming\2024ABOHSAB19_Ext-LLM_Annotated-GL_Rev-RL.html,https://canlii.ca/t/56nbs,legislation,Labour Relations Code
incoming,data\annotated\incoming\2024ABOHSAB19_Ext-LLM_Annotated-GL_Rev-RL.html,https://canlii.ca/t/56nbs,legislation,Labour Relations Code
incoming,data\annotated\incoming\2024ABOHSAB19_Ext-LLM_Annotated-GL_Rev-RL.html,https://canlii.ca/t/56nbs,legislation,Labour Relations Code
incoming,data\annotated\incoming\2022BCSC135_Ext-LLM_Annotated-EG_RevRL.html,https://canlii.ca/t/56sp9,legislation,Canada Transportation Act
incoming,data\annotated\incoming\2022BCSC135_Ext-LLM_Annotated-EG_RevRL.html,https://canlii.ca/t/56sp9,legislation,Canada Transportation Act
incoming,data\annotated\incoming\2022BCSC135_Ext-LLM_Annotated-EG_RevRL.html,https://canlii.ca/t/56vg3,legislation,Judicial Review Procedure Act
incoming,data\annotated\incoming\2022BCSC135_Ext-LLM_Annotated-EG_RevRL.html,https://canlii.ca/t/56vg3,legislation,Judicial Review Procedure Act
incoming,data\annotated\incoming\2022BCSC135_Ext-LLM_Annotated-EG_RevRL.html,https://canlii.ca/t/56vg3,legislation,Judicial Review Procedure Act
incoming,data\annotated\incoming\2022BCSC135_Ext-LLM_Annotated-EG_RevRL.html,https://canlii.ca/t/56vg3,legislation,Judicial Review Procedure Act
incoming,data\annotated\incoming\2022BCSC135_Ext-LLM_Annotated-EG_RevRL.html,https://canlii.ca/t/56vg3,legislation,Judicial Review Procedure Act
incoming,data\annotated\incoming\2022BCSC135_Ext-LLM_Annotated-EG_RevRL.html,https://canlii.ca/t/56vg3,legislation,Judicial Review Procedure Act
incoming,data\annotated\incoming\2022BCSC135_Ext-LLM_Annotated-EG_RevRL.html,https://canlii.ca/t/56vg3,legislation,Judicial Review Procedure Act
incoming,data\annotated\incoming\2009BCHRT256_Ext-LLM_Annotated-EG_RevRL.html,https://canlii.ca/t/56vxm,legislation,School Act
incoming,data\annotated\incoming\2009BCHRT256_Ext-LLM_Annotated-EG_RevRL.html,https://canlii.ca/t/56vxm,legislation,School Act
incoming,data\annotated\incoming\2009BCHRT256_Ext-LLM_Annotated-EG_RevRL.html,https://canlii.ca/t/56vxm,legislation,School Act
incoming,data\annotated\incoming\2009BCHRT256_Ext-LLM_Annotated-EG_RevRL.html,https://canlii.ca/t/56vxm,legislation,School Act
incoming,data\annotated\incoming\2009BCHRT256_Ext-LLM_Annotated-EG_RevRL.html,https://canlii.ca/t/56vxm,legislation,School Act
incoming,data\annotated\incoming\2009BCHRT256_Ext-LLM_Annotated-EG_RevRL.html,https://canlii.ca/t/56vxm,legislation,School Act
incoming,data\annotated\incoming\2009BCHRT256_Ext-LLM_Annotated-EG_RevRL.html,https://canlii.ca/t/56vxm,legislation,School Act
incoming,data\annotated\incoming\2009BCHRT256_Ext-LLM_Annotated-EG_RevRL.html,https://canlii.ca/t/56w78,legislation,Freedom of Information Act
incoming,data\annotated\incoming\2022BCSC135_Ext-LLM_Annotated-EG_RevRL.html,https://canlii.ca/t/56w78,legislation,FOIPPA
incoming,data\annotated\incoming\2022BCSC135_Ext-LLM_Annotated-EG_RevRL.html,https://canlii.ca/t/56w78,legislation,FOIPPA
incoming,data\annotated\incoming\2022BCSC135_Ext-LLM_Annotated-EG_RevRL.html,https://canlii.ca/t/56w78,legislation,FOIPPA
incoming,data\annotated\incoming\2022BCSC135_Ext-LLM_Annotated-EG_RevRL.html,https://canlii.ca/t/56w78,legislation,FOIPPA
incoming,data\annotated\incoming\2022BCSC135_Ext-LLM_Annotated-EG_RevRL.html,https://canlii.ca/t/56w78,legislation,FOIPPA
incoming,data\annotated\incoming\2022BCSC135_Ext-LLM_Annotated-EG_RevRL.html,https://canlii.ca/t/56w78,legislation,FOIPPA
incoming,data\annotated\incoming\2022BCSC135_Ext-LLM_Annotated-EG_RevRL.html,https://canlii.ca/t/56w78,legislation,FOIPPA
incoming,data\annotated\incoming\2022BCSC135_Ext-LLM_Annotated-EG_RevRL.html,https://canlii.ca/t/56w78,legislation,FOIPPA
incoming,data\annotated\incoming\2022BCSC135_Ext-LLM_Annotated-EG_RevRL.html,https://canlii.ca/t/56w78,legislation,FOIPPA
incoming,data\annotated\incoming\2022BCSC135_Ext-LLM_Annotated-EG_RevRL.html,https://canlii.ca/t/56w78,legislation,FOIPPA
incoming,data\annotated\incoming\2022BCSC135_Ext-LLM_Annotated-EG_RevRL.html,https://canlii.ca/t/56w78,legislation,FOIPPA
incoming,data\annotated\incoming\2022BCSC135_Ext-LLM_Annotated-EG_RevRL.html,https://canlii.ca/t/56wnv,legislation,Administrative Penalties Regulation
incoming,data\annotated\incoming\2022BCSC135_Ext-LLM_Annotated-EG_RevRL.html,https://canlii.ca/t/56wpr,legislation,Rail Security Regulations
incoming,data\annotated\incoming\2022BCSC135_Ext-LLM_Annotated-EG_RevRL.html,https://canlii.ca/t/56wpr,legislation,Rail Security Regulations
incoming,data\annotated\incoming\2022BCSC135_Ext-LLM_Annotated-EG_RevRL.html,https://canlii.ca/t/56wpr,legislation,Rail Security Regulations
incoming,data\annotated\incoming\2022BCSC135_Ext-LLM_Annotated-EG_RevRL.html,https://canlii.ca/t/56wpr,legislation,Rail Security Regulations
incoming,data\annotated\incoming\2022BCSC135_Ext-LLM_Annotated-EG_RevRL.html,https://canlii.ca/t/56wpr,legislation,Rail Security Regulations
incoming,data\annotated\incoming\2022BCSC135_Ext-LLM_Annotated-EG_RevRL.html,https://canlii.ca/t/56wpr,legislation,Rail Security Regulations
incoming,data\annotated\incoming\2022BCSC135_Ext-LLM_Annotated-EG_RevRL.html,https://canlii.ca/t/56wpr,legislation,Rail Security Regulations
incoming,data\annotated\incoming\2022BCSC135_Ext-LLM_Annotated-EG_RevRL.html,https://canlii.ca/t/56wpr,legislation,Rail Security Regulations
incoming,data\annotated\incoming\2022BCSC135_Ext-LLM_Annotated-EG_RevRL.html,https://canlii.ca/t/56wpr,legislation,Rail Security Regulations
incoming,data\annotated\incoming\2022BCSC135_Ext-LLM_Annotated-EG_RevRL.html,https://canlii.ca/t/56wpr,legislation,Rail Security Regulations
incoming,data\annotated\incoming\2022BCSC135_Ext-LLM_Annotated-EG_RevRL.html,https://canlii.ca/t/56wpr,legislation,Rail Security Regulations
incoming,data\annotated\incoming\2022BCSC135_Ext-LLM_Annotated-EG_RevRL.html,https://canlii.ca/t/56wpr,legislation,Rail Security Regulations
incoming,data\annotated\incoming\2022BCSC135_Ext-LLM_Annotated-EG_RevRL.html,https://canlii.ca/t/56wpr,legislation,Rail Security Regulations
incoming,data\annotated\incoming\2022BCSC135_Ext-LLM_Annotated-EG_RevRL.html,https://canlii.ca/t/58tw,decision,K.L.B.
incoming,data\annotated\incoming\2009BCHRT256_Ext-LLM_Annotated-EG_RevRL.html,https://canlii.ca/t/5bnn,decision,O'Hara BCCA 2003
incoming,data\annotated\incoming\2009BCHRT256_Ext-LLM_Annotated-EG_RevRL.html,https://canlii.ca/t/5bnn,decision,O'Hara BCCA 2003
incoming,data\annotated\incoming\2024NUCA9_Ext-LLM_Annotated-GL_Rev-RL.html,https://canlii.ca/t/7vrt,legislation,Nunavut Act
incoming,data\annotated\incoming\2024NUCA9_Ext-LLM_Annotated-GL_Rev-RL.html,https://canlii.ca/t/flcz2,decision,Elder Advocates of Alberta Society
incoming,data\annotated\incoming\2020FCA63_Ext-LLM_Annotated-EG_RevRL.html,https://canlii.ca/t/fn9cf,decision,PHS
incoming,data\annotated\incoming\2020FCA63_Ext-LLM_Annotated-EG_RevRL.html,https://canlii.ca/t/fn9cf,decision,PHS
incoming,data\annotated\incoming\2022BCSC135_Ext-LLM_Annotated-EG_RevRL.html,https://canlii.ca/t/fn9cf,decision,PHS
incoming,data\annotated\incoming\2022BCSC135_Ext-LLM_Annotated-EG_RevRL.html,https://canlii.ca/t/fp9gs,decision,Melnick
incoming,data\annotated\incoming\2022BCSC135_Ext-LLM_Annotated-EG_RevRL.html,https://canlii.ca/t/fpdwb,decision,Reference re Securities Act
incoming,data\annotated\incoming\2022BCSC135_Ext-LLM_Annotated-EG_RevRL.html,https://canlii.ca/t/fpdwb,decision, IMTT-Québec QCCA 2019
incoming,data\annotated\incoming\2022BCSC135_Ext-LLM_Annotated-EG_RevRL.html,https://canlii.ca/t/fpdwb,decision, IMTT-Québec SCC 2020
incoming,data\annotated\incoming\2022BCSC135_Ext-LLM_Annotated-EG_RevRL.html,https://canlii.ca/t/fpdwb,decision,IMTT-Québec QCCA 2019
incoming,data\annotated\incoming\2022BCSC135_Ext-LLM_Annotated-EG_RevRL.html,https://canlii.ca/t/fpdwb,decision,IMTT-Québec QCCA 2019
incoming,data\annotated\incoming\2022BCSC135_Ext-LLM_Annotated-EG_RevRL.html,https://canlii.ca/t/fpdwb,decision,IMTT-Québec QCCA 2019
incoming,data\annotated\incoming\2022BCSC135_Ext-LLM_Annotated-EG_RevRL.html,https://canlii.ca/t/fpdwb,decision,IMTT-Québec QCCA 2019
incoming,data\annotated\incoming\2022BCSC135_Ext-LLM_Annotated-EG_RevRL.html,https://canlii.ca/t/fpdwb,decision,IMTT-Québec QCCA 2019
incoming,data\annotated\incoming\2022BCSC135_Ext-LLM_Annotated-EG_RevRL.html,https://canlii.ca/t/fpdwb,decision,IMTT-Québec QCCA 2019
incoming,data\annotated\incoming\2022BCSC135_Ext-LLM_Annotated-EG_RevRL.html,https://canlii.ca/t/fpdwb,decision,IMTT-Québec QCCA 2019
incoming,data\annotated\incoming\2022BCSC135_Ext-LLM_Annotated-EG_RevRL.html,https://canlii.ca/t/fpdwb,decision,IMTT-Québec QCCA 2019
incoming,data\annotated\incoming\2022BCSC135_Ext-LLM_Annotated-EG_RevRL.html,https://canlii.ca/t/fpdwb,decision,IMTT-Québec QCCA 2019
incoming,data\annotated\incoming\2022BCSC135_Ext-LLM_Annotated-EG_RevRL.html,https://canlii.ca/t/fpdwb,decision,IMTT-Québec QCCA 2019
incoming,data\annotated\incoming\2022BCSC135_Ext-LLM_Annotated-EG_RevRL.html,https://canlii.ca/t/fpdwb,decision,IMTT-Québec QCCA 2019
incoming,data\annotated\incoming\2020FCA63_Ext-LLM_Annotated-EG_RevRL.html,https://canlii.ca/t/fpszj,decision,Association of Universities
incoming,data\annotated\incoming\2020FCA63_Ext-LLM_Annotated-EG_RevRL.html,https://canlii.ca/t/fpszj,decision,Association of Universities
incoming,data\annotated\incoming\2024NUCA9_Ext-LLM_Annotated-GL_Rev-RL.html,https://canlii.ca/t/fpx2v,decision,Leroux BCCA 2012
incoming,data\annotated\incoming\2020FCA63_Ext-LLM_Annotated-EG_RevRL.html,https://canlii.ca/t/fr7wt,decision,Garda
incoming,data\annotated\incoming\2020FCA63_Ext-LLM_Annotated-EG_RevRL.html,https://canlii.ca/t/fr7wt,decision,Garda
incoming,data\annotated\incoming\2020FCA63_Ext-LLM_Annotated-EG_RevRL.html,https://canlii.ca/t/frc5f,decision,Tessier
incoming,data\annotated\incoming\2020FCA63_Ext-LLM_Annotated-EG_RevRL.html,https://canlii.ca/t/frc5f,decision,Tessier
incoming,data\annotated\incoming\2022BCSC135_Ext-LLM_Annotated-EG_RevRL.html,https://canlii.ca/t/fstvq,decision,Bragg Communications
incoming,data\annotated\incoming\2022BCSC135_Ext-LLM_Annotated-EG_RevRL.html,https://canlii.ca/t/fzwp7,decision,Marine Services
incoming,data\annotated\incoming\2024ABOHSAB19_Ext-LLM_Annotated-GL_Rev-RL.html,https://canlii.ca/t/g0bkf,decision,Kehewin Cree Nation
incoming,data\annotated\incoming\1997CanLII11497_Ext-LLM_Annotated-EG_RevRL.html,https://canlii.ca/t/g1562,decision,Ontario (Workers' Compensation Board)
incoming,data\annotated\incoming\2022BCSC135_Ext-LLM_Annotated-EG_RevRL.html,https://canlii.ca/t/g16t9,decision,Canadian Pacific ONCA 1993
incoming,data\annotated\incoming\2022BCSC135_Ext-LLM_Annotated-EG_RevRL.html,https://canlii.ca/t/g16t9,decision,Canadian Pacific ONCA 1993
incoming,data\annotated\incoming\2022BCSC135_Ext-LLM_Annotated-EG_RevRL.html,https://canlii.ca/t/g16t9,decision,Canadian Pacific ONCA 1993
incoming,data\annotated\incoming\2022BCSC135_Ext-LLM_Annotated-EG_RevRL.html,https://canlii.ca/t/g16t9,decision,Canadian Pacific ONCA 1993
incoming,data\annotated\incoming\2022BCSC135_Ext-LLM_Annotated-EG_RevRL.html,https://canlii.ca/t/g16t9,decision,Canadian Pacific ONCA 1993
incoming,data\annotated\incoming\2022BCSC135_Ext-LLM_Annotated-EG_RevRL.html,https://canlii.ca/t/g16t9,decision,Canadian Pacific ONCA 1993
incoming,data\annotated\incoming\2022BCSC135_Ext-LLM_Annotated-EG_RevRL.html,https://canlii.ca/t/g1cks,decision,TNT Canada
incoming,data\annotated\incoming\2022BCSC135_Ext-LLM_Annotated-EG_RevRL.html,https://canlii.ca/t/g1cks,decision,TNT Canada
incoming,data\annotated\incoming\2022BCSC135_Ext-LLM_Annotated-EG_RevRL.html,https://canlii.ca/t/g1cks,decision,TNT Canada
incoming,data\annotated\incoming\2022BCSC135_Ext-LLM_Annotated-EG_RevRL.html,https://canlii.ca/t/g1cks,decision,TNT Canada
incoming,data\annotated\incoming\2022BCSC135_Ext-LLM_Annotated-EG_RevRL.html,https://canlii.ca/t/g1cks,decision,TNT Canada
incoming,data\annotated\incoming\2022BCSC135_Ext-LLM_Annotated-EG_RevRL.html,https://canlii.ca/t/g1cks,decision,TNT Canada
incoming,data\annotated\incoming\2022BCSC135_Ext-LLM_Annotated-EG_RevRL.html,https://canlii.ca/t/g1cks,decision,TNT Canada
incoming,data\annotated\incoming\2022BCSC135_Ext-LLM_Annotated-EG_RevRL.html,https://canlii.ca/t/g1cks,decision,TNT Canada
incoming,data\annotated\incoming\2022BCSC135_Ext-LLM_Annotated-EG_RevRL.html,https://canlii.ca/t/g1cks,decision,TNT Canada
incoming,data\annotated\incoming\2022BCSC135_Ext-LLM_Annotated-EG_RevRL.html,https://canlii.ca/t/g1cks,decision,TNT Canada
incoming,data\annotated\incoming\2022BCSC135_Ext-LLM_Annotated-EG_RevRL.html,https://canlii.ca/t/g1cks,decision,TNT Canada
incoming,data\annotated\incoming\2022BCSC135_Ext-LLM_Annotated-EG_RevRL.html,https://canlii.ca/t/g1cks,decision,TNT Canada
incoming,data\annotated\incoming\2022BCSC135_Ext-LLM_Annotated-EG_RevRL.html,https://canlii.ca/t/g1cks,decision,TNT Canada
incoming,data\annotated\incoming\2022BCSC135_Ext-LLM_Annotated-EG_RevRL.html,https://canlii.ca/t/g1ct5,decision,Papp
incoming,data\annotated\incoming\1993NSSC71_Ext-LLM_Annotated-GL_Rev-RL.html,https://canlii.ca/t/g1dm9,decision,Mulroney
incoming,data\annotated\incoming\1993NSSC71_Ext-LLM_Annotated-GL_Rev-RL.html,https://canlii.ca/t/g1f23,decision,Inducon Construction
incoming,data\annotated\incoming\2024NUCA9_Ext-LLM_Annotated-GL_Rev-RL.html,https://canlii.ca/t/g1lt9,decision,JP Morgan
incoming,data\annotated\incoming\2010SKQB255.html,https://canlii.ca/t/g76jc,decision,Morton
incoming,data\annotated\incoming\2020FCA63_Ext-LLM_Annotated-EG_RevRL.html,https://canlii.ca/t/g7mtb,decision,Tsilhqot’in Nation
incoming,data\annotated\incoming\2010SKQB255.html,https://canlii.ca/t/g8mdq,decision,Hamar
incoming,data\annotated\incoming\2024NUCA9_Ext-LLM_Annotated-GL_Rev-RL.html,https://canlii.ca/t/g90hw,decision,Ernst
incoming,data\annotated\incoming\2022BCSC135_Ext-LLM_Annotated-EG_RevRL.html,https://canlii.ca/t/g91dq,decision,Marcotte
incoming,data\annotated\incoming\1993NSSC71_Ext-LLM_Annotated-GL_Rev-RL.html,https://canlii.ca/t/g9bbl,decision,Gordon
incoming,data\annotated\incoming\1993NSSC71_Ext-LLM_Annotated-GL_Rev-RL.html,https://canlii.ca/t/g9g3w,decision,Weldon
incoming,data\annotated\incoming\1993NSSC71_Ext-LLM_Annotated-GL_Rev-RL.html,https://canlii.ca/t/g9g3w,decision,Weldon
incoming,data\annotated\incoming\2009BCHRT256_Ext-LLM_Annotated-EG_RevRL.html,https://canlii.ca/t/g9r8w,decision,Simon Fraser University
incoming,data\annotated\incoming\2022BCSC135_Ext-LLM_Annotated-EG_RevRL.html,https://canlii.ca/t/gb0d2,decision,Reciprocal Insurers
incoming,data\annotated\incoming\1993NSSC71_Ext-LLM_Annotated-GL_Rev-RL.html,https://canlii.ca/t/gbtwt,decision,Trainor
incoming,data\annotated\incoming\1993NSSC71_Ext-LLM_Annotated-GL_Rev-RL.html,https://canlii.ca/t/gccjw,decision,Guptill
incoming,data\annotated\incoming\2020FCA63_Ext-LLM_Annotated-EG_RevRL.html,https://canlii.ca/t/gjv86,decision,Boogaard
incoming,data\annotated\incoming\2020FCA63_Ext-LLM_Annotated-EG_RevRL.html,https://canlii.ca/t/gjv86,decision,Boogaard
incoming,data\annotated\incoming\2020FCA63_Ext-LLM_Annotated-EG_RevRL.html,https://canlii.ca/t/glhcf,decision,Nishnawbe-Aski Police
incoming,data\annotated\incoming\2020FCA63_Ext-LLM_Annotated-EG_RevRL.html,https://canlii.ca/t/glhcf,decision,Nishnawbe-Aski Police
incoming,data\annotated\incoming\2020FCA63_Ext-LLM_Annotated-EG_RevRL.html,https://canlii.ca/t/glhcf,decision,Nishnawbe-Aski Police
incoming,data\annotated\incoming\2020FCA63_Ext-LLM_Annotated-EG_RevRL.html,https://canlii.ca/t/glhcf,decision,Nishnawbe-Aski Police
incoming,data\annotated\incoming\2020FCA63_Ext-LLM_Annotated-EG_RevRL.html,https://canlii.ca/t/glhcf,decision,Nishnawbe-Aski Police
incoming,data\annotated\incoming\2022BCSC135_Ext-LLM_Annotated-EG_RevRL.html,https://canlii.ca/t/gm22l,decision,Moloney
incoming,data\annotated\incoming\2022BCSC135_Ext-LLM_Annotated-EG_RevRL.html,https://canlii.ca/t/gm22l,decision,Moloney
incoming,data\annotated\incoming\2022BCSC135_Ext-LLM_Annotated-EG_RevRL.html,https://canlii.ca/t/gm22l,decision,Moloney
incoming,data\annotated\incoming\2022BCSC135_Ext-LLM_Annotated-EG_RevRL.html,https://canlii.ca/t/gm22l,decision,Moloney
incoming,data\annotated\incoming\2022BCSC135_Ext-LLM_Annotated-EG_RevRL.html,https://canlii.ca/t/gm22l,decision,Moloney
incoming,data\annotated\incoming\2020FCA63_Ext-LLM_Annotated-EG_RevRL.html,https://canlii.ca/t/gmb0m,decision,Bernard
incoming,data\annotated\incoming\2020FCA63_Ext-LLM_Annotated-EG_RevRL.html,https://canlii.ca/t/gmb0m,decision,Bernard
incoming,data\annotated\incoming\2024NUCA9_Ext-LLM_Annotated-GL_Rev-RL.html,https://canlii.ca/t/gmgxq,decision,Nammo
incoming,data\annotated\incoming\2022BCSC135_Ext-LLM_Annotated-EG_RevRL.html,https://canlii.ca/t/grlg9,decision,Weekly Rest
incoming,data\annotated\incoming\2022BCSC135_Ext-LLM_Annotated-EG_RevRL.html,https://canlii.ca/t/gs3l3,decision,Rogers
incoming,data\annotated\incoming\2022BCSC135_Ext-LLM_Annotated-EG_RevRL.html,https://canlii.ca/t/gs3l3,decision,Rogers
incoming,data\annotated\incoming\2022BCSC135_Ext-LLM_Annotated-EG_RevRL.html,https://canlii.ca/t/gs3l3,decision,Rogers
incoming,data\annotated\incoming\2022BCSC135_Ext-LLM_Annotated-EG_RevRL.html,https://canlii.ca/t/gs3l3,decision,Rogers
incoming,data\annotated\incoming\2022BCSC135_Ext-LLM_Annotated-EG_RevRL.html,https://canlii.ca/t/gs3l3,decision,Rogers
incoming,data\annotated\incoming\2022BCSC135_Ext-LLM_Annotated-EG_RevRL.html,https://canlii.ca/t/gs3l3,decision,Rogers
incoming,data\annotated\incoming\2022BCSC135_Ext-LLM_Annotated-EG_RevRL.html,https://canlii.ca/t/gs3l3,decision,Rogers
incoming,data\annotated\incoming\2022BCSC135_Ext-LLM_Annotated-EG_RevRL.html,https://canlii.ca/t/gskjd,decision,Chanmany
incoming,data\annotated\incoming\2022BCSC135_Ext-LLM_Annotated-EG_RevRL.html,https://canlii.ca/t/gtgdf,decision,Winner
incoming,data\annotated\incoming\2022BCSC135_Ext-LLM_Annotated-EG_RevRL.html,https://canlii.ca/t/gtgdf,decision,Winner
incoming,data\annotated\incoming\2020FCA63_Ext-LLM_Annotated-EG_RevRL.html,https://canlii.ca/t/gvv12,decision,Singh
incoming,data\annotated\incoming\2020FCA63_Ext-LLM_Annotated-EG_RevRL.html,https://canlii.ca/t/gvv12,decision,Singh
incoming,data\annotated\incoming\1993NSSC71_Ext-LLM_Annotated-GL_Rev-RL.html,https://canlii.ca/t/gw7w0,decision,Crombie
incoming,data\annotated\incoming\1993NSSC71_Ext-LLM_Annotated-GL_Rev-RL.html,https://canlii.ca/t/gw7w0,decision,Crombie
incoming,data\annotated\incoming\1993NSSC71_Ext-LLM_Annotated-GL_Rev-RL.html,https://canlii.ca/t/gwh22,decision,Air Canada
incoming,data\annotated\incoming\1993NSSC71_Ext-LLM_Annotated-GL_Rev-RL.html,https://canlii.ca/t/gwh22,decision,Air Canada
incoming,data\annotated\incoming\1993NSSC71_Ext-LLM_Annotated-GL_Rev-RL.html,https://canlii.ca/t/gwh22,decision,Air Canada
incoming,data\annotated\incoming\2009BCHRT256_Ext-LLM_Annotated-EG_RevRL.html,https://canlii.ca/t/h05zm,decision,Stephenson
incoming,data\annotated\incoming\2009BCHRT256_Ext-LLM_Annotated-EG_RevRL.html,https://canlii.ca/t/h0616,decision,Paisley
incoming,data\annotated\incoming\2009BCHRT256_Ext-LLM_Annotated-EG_RevRL.html,https://canlii.ca/t/h0619,decision,Taylor
incoming,data\annotated\incoming\2009BCHRT256_Ext-LLM_Annotated-EG_RevRL.html,https://canlii.ca/t/h06jq,decision,Bailey
incoming,data\annotated\incoming\2009BCHRT256_Ext-LLM_Annotated-EG_RevRL.html,https://canlii.ca/t/h06k8,decision,Ehrler
incoming,data\annotated\incoming\2009BCHRT256_Ext-LLM_Annotated-EG_RevRL.html,https://canlii.ca/t/h06p1,decision,Pavlovic
incoming,data\annotated\incoming\2009BCHRT256_Ext-LLM_Annotated-EG_RevRL.html,https://canlii.ca/t/h06qg,decision,Dove
incoming,data\annotated\incoming\2009BCHRT256_Ext-LLM_Annotated-EG_RevRL.html,https://canlii.ca/t/h06sc,decision,Martens
incoming,data\annotated\incoming\2009BCHRT256_Ext-LLM_Annotated-EG_RevRL.html,https://canlii.ca/t/h086b,decision,Freeman
incoming,data\annotated\incoming\2009BCHRT256_Ext-LLM_Annotated-EG_RevRL.html,https://canlii.ca/t/h086b,decision,Freeman
incoming,data\annotated\incoming\2009BCHRT256_Ext-LLM_Annotated-EG_RevRL.html,https://canlii.ca/t/h088z,decision,Verslype
incoming,data\annotated\incoming\2009BCHRT256_Ext-LLM_Annotated-EG_RevRL.html,https://canlii.ca/t/h08c1,decision,Earnshaw
incoming,data\annotated\incoming\2009BCHRT256_Ext-LLM_Annotated-EG_RevRL.html,https://canlii.ca/t/h08f3,decision,Dickson
incoming,data\annotated\incoming\2009BCHRT256_Ext-LLM_Annotated-EG_RevRL.html,https://canlii.ca/t/h08ng,decision,Famous Players
incoming,data\annotated\incoming\2009BCHRT256_Ext-LLM_Annotated-EG_RevRL.html,https://canlii.ca/t/h08ns,decision,Alessa
incoming,data\annotated\incoming\2009BCHRT256_Ext-LLM_Annotated-EG_RevRL.html,https://canlii.ca/t/h08ns,decision,Alessa
incoming,data\annotated\incoming\2009BCHRT256_Ext-LLM_Annotated-EG_RevRL.html,https://canlii.ca/t/h08sr,decision,Fontaine
incoming,data\annotated\incoming\2009BCHRT256_Ext-LLM_Annotated-EG_RevRL.html,https://canlii.ca/t/h09jf,decision,Low
incoming,data\annotated\incoming\2009BCHRT256_Ext-LLM_Annotated-EG_RevRL.html,https://canlii.ca/t/h09jh,decision,Moser
incoming,data\annotated\incoming\2009BCHRT256_Ext-LLM_Annotated-EG_RevRL.html,https://canlii.ca/t/h09lg,decision,Wickham
incoming,data\annotated\incoming\2009BCHRT256_Ext-LLM_Annotated-EG_RevRL.html,https://canlii.ca/t/h09lg,decision,Wickham
incoming,data\annotated\incoming\2009BCHRT256_Ext-LLM_Annotated-EG_RevRL.html,https://canlii.ca/t/h09n5,decision,Jenkins BCHRT 2004
incoming,data\annotated\incoming\2009BCHRT256_Ext-LLM_Annotated-EG_RevRL.html,https://canlii.ca/t/h0b03,decision,Chartier
incoming,data\annotated\incoming\2009BCHRT256_Ext-LLM_Annotated-EG_RevRL.html,https://canlii.ca/t/h0b03,decision,Chartier
incoming,data\annotated\incoming\2009BCHRT256_Ext-LLM_Annotated-EG_RevRL.html,https://canlii.ca/t/h0b03,decision,Chartier
incoming,data\annotated\incoming\2009BCHRT256_Ext-LLM_Annotated-EG_RevRL.html,https://canlii.ca/t/h0b03,decision,Chartier
incoming,data\annotated\incoming\2009BCHRT256_Ext-LLM_Annotated-EG_RevRL.html,https://canlii.ca/t/h0b03,decision,Chartier
incoming,data\annotated\incoming\2009BCHRT256_Ext-LLM_Annotated-EG_RevRL.html,https://canlii.ca/t/h0b0w,decision,Bell
incoming,data\annotated\incoming\2009BCHRT256_Ext-LLM_Annotated-EG_RevRL.html,https://canlii.ca/t/h0b0w,decision,Bell
incoming,data\annotated\incoming\2009BCHRT256_Ext-LLM_Annotated-EG_RevRL.html,https://canlii.ca/t/h0b1d,decision,Schofield
incoming,data\annotated\incoming\2009BCHRT256_Ext-LLM_Annotated-EG_RevRL.html,https://canlii.ca/t/h37dk,decision,Daley
incoming,data\annotated\incoming\2009BCHRT256_Ext-LLM_Annotated-EG_RevRL.html,https://canlii.ca/t/h38dh,decision,N and N obo S
incoming,data\annotated\incoming\2024NUCA9_Ext-LLM_Annotated-GL_Rev-RL.html,https://canlii.ca/t/h4g28,decision,Grand River Enterprises Six Nations
incoming,data\annotated\incoming\2022BCSC135_Ext-LLM_Annotated-EG_RevRL.html,https://canlii.ca/t/hvd7z,decision,AB
incoming,data\annotated\incoming\2020FCA63_Ext-LLM_Annotated-EG_RevRL.html,https://canlii.ca/t/hvqd7,decision,Innu Matimekush
incoming,data\annotated\incoming\2020FCA63_Ext-LLM_Annotated-EG_RevRL.html,https://canlii.ca/t/hvqd7,decision,Innu Matimekush
incoming,data\annotated\incoming\2022BCSC135_Ext-LLM_Annotated-EG_RevRL.html,https://canlii.ca/t/hw1xc,decision,Duteil
incoming,data\annotated\incoming\2020FCA63_Ext-LLM_Annotated-EG_RevRL.html,https://canlii.ca/t/hwc3j,decision,Northern Inter-Tribal FC 2018
incoming,data\annotated\incoming\2020FCA63_Ext-LLM_Annotated-EG_RevRL.html,https://canlii.ca/t/hwc3j,decision,Northern Inter-Tribal FC 2018
incoming,data\annotated\incoming\2024NUCA9_Ext-LLM_Annotated-GL_Rev-RL.html,https://canlii.ca/t/hwqc0,decision,Das
incoming,data\annotated\incoming\2022BCSC135_Ext-LLM_Annotated-EG_RevRL.html,https://canlii.ca/t/hx4sr,decision,Arsenault
incoming,data\annotated\incoming\2022BCSC135_Ext-LLM_Annotated-EG_RevRL.html,https://canlii.ca/t/j0fsc,decision,EMA Reference BCCA 2019
incoming,data\annotated\incoming\2022BCSC135_Ext-LLM_Annotated-EG_RevRL.html,https://canlii.ca/t/j0fsc,decision,EMA Reference BCCA 2019
incoming,data\annotated\incoming\2022BCSC135_Ext-LLM_Annotated-EG_RevRL.html,https://canlii.ca/t/j0fsc,decision,EMA Reference BCCA 2019
incoming,data\annotated\incoming\2022BCSC135_Ext-LLM_Annotated-EG_RevRL.html,https://canlii.ca/t/j0fsc,decision,EMA Reference BCCA 2019
incoming,data\annotated\incoming\2022BCSC135_Ext-LLM_Annotated-EG_RevRL.html,https://canlii.ca/t/j0fsc,decision,EMA Reference BCCA 2019
incoming,data\annotated\incoming\2022BCSC135_Ext-LLM_Annotated-EG_RevRL.html,https://canlii.ca/t/j0fsc,decision,EMA Reference BCCA 2019
incoming,data\annotated\incoming\2022BCSC135_Ext-LLM_Annotated-EG_RevRL.html,https://canlii.ca/t/j0fsc,decision,EMA Reference BCCA 2019
incoming,data\annotated\incoming\2022BCSC135_Ext-LLM_Annotated-EG_RevRL.html,https://canlii.ca/t/j0fsc,decision,EMA Reference BCCA 2019
incoming,data\annotated\incoming\2022BCSC135_Ext-LLM_Annotated-EG_RevRL.html,https://canlii.ca/t/j0fsc,decision,EMA Reference BCCA 2019
incoming,data\annotated\incoming\2022BCSC135_Ext-LLM_Annotated-EG_RevRL.html,https://canlii.ca/t/j0fsc,decision,EMA Reference BCCA 2019
incoming,data\annotated\incoming\2022BCSC135_Ext-LLM_Annotated-EG_RevRL.html,https://canlii.ca/t/j0fsc,decision,EMA Reference BCCA 2019
incoming,data\annotated\incoming\2022BCSC135_Ext-LLM_Annotated-EG_RevRL.html,https://canlii.ca/t/j0fsc,decision,EMA Reference BCCA 2019
incoming,data\annotated\incoming\2022BCSC135_Ext-LLM_Annotated-EG_RevRL.html,https://canlii.ca/t/j0fsc,decision,EMA Reference BCCA 2019
incoming,data\annotated\incoming\2022BCSC135_Ext-LLM_Annotated-EG_RevRL.html,https://canlii.ca/t/j0fsc,decision,EMA Reference BCCA 2019
incoming,data\annotated\incoming\2022BCSC135_Ext-LLM_Annotated-EG_RevRL.html,https://canlii.ca/t/j0fsc,decision,EMA Reference BCCA 2019
incoming,data\annotated\incoming\2022BCSC135_Ext-LLM_Annotated-EG_RevRL.html,https://canlii.ca/t/j0fsc,decision,EMA Reference BCCA 2019
incoming,data\annotated\incoming\2022BCSC135_Ext-LLM_Annotated-EG_RevRL.html,https://canlii.ca/t/j0fsc,decision,EMA Reference BCCA 2019
incoming,data\annotated\incoming\2022BCSC135_Ext-LLM_Annotated-EG_RevRL.html,https://canlii.ca/t/j0fsc,decision,EMA Reference BCCA 2019
incoming,data\annotated\incoming\2022BCSC135_Ext-LLM_Annotated-EG_RevRL.html,https://canlii.ca/t/j0fsc,decision,EMA Reference BCCA 2019
incoming,data\annotated\incoming\2022BCSC135_Ext-LLM_Annotated-EG_RevRL.html,https://canlii.ca/t/j0fsc,decision,EMA Reference BCCA 2019
incoming,data\annotated\incoming\2022BCSC135_Ext-LLM_Annotated-EG_RevRL.html,https://canlii.ca/t/j0fsc,decision,EMA Reference BCCA 2019
incoming,data\annotated\incoming\2022BCSC135_Ext-LLM_Annotated-EG_RevRL.html,https://canlii.ca/t/j0fsc,decision,EMA Reference BCCA 2019
incoming,data\annotated\incoming\2022BCSC135_Ext-LLM_Annotated-EG_RevRL.html,https://canlii.ca/t/j0fsc,decision,EMA Reference BCCA 2019
incoming,data\annotated\incoming\2022BCSC135_Ext-LLM_Annotated-EG_RevRL.html,https://canlii.ca/t/j0fsc,decision,EMA Reference BCCA 2019
incoming,data\annotated\incoming\2022BCSC135_Ext-LLM_Annotated-EG_RevRL.html,https://canlii.ca/t/j0fsc,decision,EMA Reference BCCA 2019
incoming,data\annotated\incoming\2022BCSC135_Ext-LLM_Annotated-EG_RevRL.html,https://canlii.ca/t/j0fsc,decision,EMA Reference BCCA 2019
incoming,data\annotated\incoming\2022BCSC135_Ext-LLM_Annotated-EG_RevRL.html,https://canlii.ca/t/j0fsc,decision,EMA Reference BCCA 2019
incoming,data\annotated\incoming\2022BCSC135_Ext-LLM_Annotated-EG_RevRL.html,https://canlii.ca/t/j0fsc,decision,EMA Reference BCCA 2019
incoming,data\annotated\incoming\2022BCSC135_Ext-LLM_Annotated-EG_RevRL.html,https://canlii.ca/t/j0fsc,decision,EMA Reference BCCA 2019
incoming,data\annotated\incoming\2022BCSC135_Ext-LLM_Annotated-EG_RevRL.html,https://canlii.ca/t/j0fsc,decision,EMA Reference BCCA 2019
incoming,data\annotated\incoming\2022BCSC135_Ext-LLM_Annotated-EG_RevRL.html,https://canlii.ca/t/j0fsc,decision,EMA Reference BCCA 2019
incoming,data\annotated\incoming\2022BCSC135_Ext-LLM_Annotated-EG_RevRL.html,https://canlii.ca/t/j0fsc,decision,EMA Reference BCCA 2019
incoming,data\annotated\incoming\2022BCSC135_Ext-LLM_Annotated-EG_RevRL.html,https://canlii.ca/t/j0fsc,decision,EMA Reference BCCA 2019
incoming,data\annotated\incoming\2022BCSC135_Ext-LLM_Annotated-EG_RevRL.html,https://canlii.ca/t/j0fsc,decision,EMA Reference BCCA 2019
incoming,data\annotated\incoming\2022BCSC135_Ext-LLM_Annotated-EG_RevRL.html,https://canlii.ca/t/j0fsc,decision,EMA Reference BCCA 2019
incoming,data\annotated\incoming\2022BCSC135_Ext-LLM_Annotated-EG_RevRL.html,https://canlii.ca/t/j0fsc,decision,EMA Reference BCCA 2019
incoming,data\annotated\incoming\2022BCSC135_Ext-LLM_Annotated-EG_RevRL.html,https://canlii.ca/t/j0fsc,decision,EMA Reference BCCA 2019
incoming,data\annotated\incoming\2022BCSC135_Ext-LLM_Annotated-EG_RevRL.html,https://canlii.ca/t/j0fsc,decision,EMA Reference BCCA 2019
incoming,data\annotated\incoming\2022BCSC135_Ext-LLM_Annotated-EG_RevRL.html,https://canlii.ca/t/j0fsc,decision,EMA Reference BCCA 2019
incoming,data\annotated\incoming\2022BCSC135_Ext-LLM_Annotated-EG_RevRL.html,https://canlii.ca/t/j0fsc,decision,EMA Reference BCCA 2019
incoming,data\annotated\incoming\2022BCSC135_Ext-LLM_Annotated-EG_RevRL.html,https://canlii.ca/t/j0fsc,decision,EMA Reference BCCA 2019
incoming,data\annotated\incoming\2022BCSC135_Ext-LLM_Annotated-EG_RevRL.html,https://canlii.ca/t/j0fsc,decision,EMA Reference BCCA 2019
incoming,data\annotated\incoming\2020FCA63_Ext-LLM_Annotated-EG_RevRL.html,https://canlii.ca/t/j2nxr,decision,Telecon
incoming,data\annotated\incoming\2020FCA63_Ext-LLM_Annotated-EG_RevRL.html,https://canlii.ca/t/j2nxr,decision,Telecon
incoming,data\annotated\incoming\2020FCA63_Ext-LLM_Annotated-EG_RevRL.html,https://canlii.ca/t/j2nxr,decision,Telecon
incoming,data\annotated\incoming\2022BCSC135_Ext-LLM_Annotated-EG_RevRL.html,https://canlii.ca/t/j3n27,decision,Desgagnés
incoming,data\annotated\incoming\2022BCSC135_Ext-LLM_Annotated-EG_RevRL.html,https://canlii.ca/t/j3n27,decision,Desgagnés
incoming,data\annotated\incoming\2022BCSC135_Ext-LLM_Annotated-EG_RevRL.html,https://canlii.ca/t/j3n27,decision,Desgagnés
incoming,data\annotated\incoming\2022BCSC135_Ext-LLM_Annotated-EG_RevRL.html,https://canlii.ca/t/j3n27,decision,Desgagnés
incoming,data\annotated\incoming\2022BCSC135_Ext-LLM_Annotated-EG_RevRL.html,https://canlii.ca/t/j3n27,decision,Desgagnés
incoming,data\annotated\incoming\2022BCSC135_Ext-LLM_Annotated-EG_RevRL.html,https://canlii.ca/t/j3n27,decision,Desgagnés
incoming,data\annotated\incoming\2022BCSC135_Ext-LLM_Annotated-EG_RevRL.html,https://canlii.ca/t/j3n27,decision,Desgagnés
incoming,data\annotated\incoming\2022BCSC135_Ext-LLM_Annotated-EG_RevRL.html,https://canlii.ca/t/j3n27,decision,Desgagnés
incoming,data\annotated\incoming\2022BCSC135_Ext-LLM_Annotated-EG_RevRL.html,https://canlii.ca/t/j3n27,decision,Desgagnés
incoming,data\annotated\incoming\2022BCSC135_Ext-LLM_Annotated-EG_RevRL.html,https://canlii.ca/t/j3n27,decision,Desgagnés
incoming,data\annotated\incoming\2022BCSC135_Ext-LLM_Annotated-EG_RevRL.html,https://canlii.ca/t/j3n27,decision,Desgagnés
incoming,data\annotated\incoming\2022BCSC135_Ext-LLM_Annotated-EG_RevRL.html,https://canlii.ca/t/j3n27,decision,Desgagnés
incoming,data\annotated\incoming\2022BCSC135_Ext-LLM_Annotated-EG_RevRL.html,https://canlii.ca/t/j3n27,decision,Desgagnés
incoming,data\annotated\incoming\2022BCSC135_Ext-LLM_Annotated-EG_RevRL.html,https://canlii.ca/t/j3n27,decision,Desgagnés
incoming,data\annotated\incoming\2020FCA63_Ext-LLM_Annotated-EG_RevRL.html,https://canlii.ca/t/j45dw,decision,Siksika
incoming,data\annotated\incoming\2020FCA63_Ext-LLM_Annotated-EG_RevRL.html,https://canlii.ca/t/j45dw,decision,Siksika
incoming,data\annotated\incoming\2022BCSC135_Ext-LLM_Annotated-EG_RevRL.html,https://canlii.ca/t/j49hl,decision,Ferrier ONCA 2019
incoming,data\annotated\incoming\2022BCSC135_Ext-LLM_Annotated-EG_RevRL.html,https://canlii.ca/t/j49hl,decision,Ferrier ONCA 2019
incoming,data\annotated\incoming\2022BCSC135_Ext-LLM_Annotated-EG_RevRL.html,https://canlii.ca/t/j49hl,decision,Ferrier ONCA 2019
incoming,data\annotated\incoming\2022BCSC135_Ext-LLM_Annotated-EG_RevRL.html,https://canlii.ca/t/j49hl,decision,Ferrier ONCA 2019
incoming,data\annotated\incoming\2022BCSC135_Ext-LLM_Annotated-EG_RevRL.html,https://canlii.ca/t/j49hl,decision,Ferrier ONCA 2019
incoming,data\annotated\incoming\2022BCSC135_Ext-LLM_Annotated-EG_RevRL.html,https://canlii.ca/t/j49hl,decision,Ferrier ONCA 2019
incoming,data\annotated\incoming\2022BCSC135_Ext-LLM_Annotated-EG_RevRL.html,https://canlii.ca/t/j49hl,decision,Ferrier ONCA 2019
incoming,data\annotated\incoming\2022BCSC135_Ext-LLM_Annotated-EG_RevRL.html,https://canlii.ca/t/j49hl,decision,Ferrier ONCA 2019
incoming,data\annotated\incoming\2022BCSC135_Ext-LLM_Annotated-EG_RevRL.html,https://canlii.ca/t/j49hl,decision,Ferrier ONCA 2019
incoming,data\annotated\incoming\2022BCSC135_Ext-LLM_Annotated-EG_RevRL.html,https://canlii.ca/t/j49hl,decision,Ferrier ONCA 2019
incoming,data\annotated\incoming\2022BCSC135_Ext-LLM_Annotated-EG_RevRL.html,https://canlii.ca/t/j49hl,decision,Ferrier ONCA 2019
incoming,data\annotated\incoming\2022BCSC135_Ext-LLM_Annotated-EG_RevRL.html,https://canlii.ca/t/j49hl,decision,Ferrier ONCA 2019
incoming,data\annotated\incoming\2022BCSC135_Ext-LLM_Annotated-EG_RevRL.html,https://canlii.ca/t/j49hl,decision,Ferrier ONCA 2019
incoming,data\annotated\incoming\2022BCSC135_Ext-LLM_Annotated-EG_RevRL.html,https://canlii.ca/t/j49hl,decision,Ferrier ONCA 2019
incoming,data\annotated\incoming\2022BCSC135_Ext-LLM_Annotated-EG_RevRL.html,https://canlii.ca/t/j4rs7,decision,EMA Reference SCC 2020
incoming,data\annotated\incoming\2024NUCA9_Ext-LLM_Annotated-GL_Rev-RL.html,https://canlii.ca/t/j5k5j,decision,Nevsun
incoming,data\annotated\incoming\2020FCA63_Ext-LLM_Annotated-EG_RevRL.html,https://canlii.ca/t/j5x7z,decision,Northern Inter-Tribal FCA 2020
incoming,data\annotated\incoming\2020FCA63_Ext-LLM_Annotated-EG_RevRL.html,https://canlii.ca/t/j5x7z,decision,Northern Inter-Tribal FCA 2020
incoming,data\annotated\incoming\2020FCA63_Ext-LLM_Annotated-EG_RevRL.html,https://canlii.ca/t/j5x7z,decision,Northern Inter-Tribal FCA 2020
incoming,data\annotated\incoming\2022BCSC135_Ext-LLM_Annotated-EG_RevRL.html,https://canlii.ca/t/j6b2r,decision,BridgeMark
incoming,data\annotated\incoming\2024NUCA9_Ext-LLM_Annotated-GL_Rev-RL.html,https://canlii.ca/t/j8tcb,decision,Atlantic Lottery
incoming,data\annotated\incoming\2024NUCA9_Ext-LLM_Annotated-GL_Rev-RL.html,https://canlii.ca/t/j8tcb,decision,Atlantic Lottery
incoming,data\annotated\incoming\2024NUCA9_Ext-LLM_Annotated-GL_Rev-RL.html,https://canlii.ca/t/j8tcb,decision,Atlantic Lottery
incoming,data\annotated\incoming\2024NUCA9_Ext-LLM_Annotated-GL_Rev-RL.html,https://canlii.ca/t/j8tcb,decision,Atlantic Lottery
incoming,data\annotated\incoming\2024NUCA9_Ext-LLM_Annotated-GL_Rev-RL.html,https://canlii.ca/t/j8tcb,decision,Atlantic Lottery
incoming,data\annotated\incoming\2024NUCA9_Ext-LLM_Annotated-GL_Rev-RL.html,https://canlii.ca/t/j8tcb,decision,Atlantic Lottery
incoming,data\annotated\incoming\2024NUCA9_Ext-LLM_Annotated-GL_Rev-RL.html,https://canlii.ca/t/j8tcb,decision,Atlantic Lottery
incoming,data\annotated\incoming\2024NUCA9_Ext-LLM_Annotated-GL_Rev-RL.html,https://canlii.ca/t/j8tcb,decision,Atlantic Lottery
incoming,data\annotated\incoming\2024NUCA9_Ext-LLM_Annotated-GL_Rev-RL.html,https://canlii.ca/t/j8tcb,decision,Atlantic Lottery
incoming,data\annotated\incoming\2022BCSC135_Ext-LLM_Annotated-EG_RevRL.html,https://canlii.ca/t/j9zlr,decision,Ferrier SCC 2020
incoming,data\annotated\incoming\2024NUCA9_Ext-LLM_Annotated-GL_Rev-RL.html,https://canlii.ca/t/jbpb4,decision,Ontario (Attorney General)
incoming,data\annotated\incoming\2024NUCA9_Ext-LLM_Annotated-GL_Rev-RL.html,https://canlii.ca/t/jbpb4,decision,Ontario (Attorney General)
incoming,data\annotated\incoming\2024NUCA9_Ext-LLM_Annotated-GL_Rev-RL.html,https://canlii.ca/t/jbpb4,decision,Ontario (Attorney General)
incoming,data\annotated\incoming\2022BCSC135_Ext-LLM_Annotated-EG_RevRL.html,https://canlii.ca/t/jbwm6,decision,Corus
incoming,data\annotated\incoming\2022BCSC135_Ext-LLM_Annotated-EG_RevRL.html,https://canlii.ca/t/jbwm6,decision,Corus
incoming,data\annotated\incoming\2022BCSC135_Ext-LLM_Annotated-EG_RevRL.html,https://canlii.ca/t/jdwnw,decision,Reference re Greenhouse
incoming,data\annotated\incoming\2022BCSC135_Ext-LLM_Annotated-EG_RevRL.html,https://canlii.ca/t/jgc4w,decision,Sherman Estate
incoming,data\annotated\incoming\2022BCSC135_Ext-LLM_Annotated-EG_RevRL.html,https://canlii.ca/t/jgc4w,decision,Sherman Estate
incoming,data\annotated\incoming\2022BCSC135_Ext-LLM_Annotated-EG_RevRL.html,https://canlii.ca/t/jgc4w,decision,Sherman Estate
incoming,data\annotated\incoming\2022BCSC135_Ext-LLM_Annotated-EG_RevRL.html,https://canlii.ca/t/jgc4w,decision,Sherman Estate
incoming,data\annotated\incoming\2022BCSC135_Ext-LLM_Annotated-EG_RevRL.html,https://canlii.ca/t/jgc4w,decision,Sherman Estate
incoming,data\annotated\incoming\2022BCSC135_Ext-LLM_Annotated-EG_RevRL.html,https://canlii.ca/t/jgc4w,decision,Sherman Estate
incoming,data\annotated\incoming\2022BCSC135_Ext-LLM_Annotated-EG_RevRL.html,https://canlii.ca/t/jgc4w,decision,Sherman Estate
incoming,data\annotated\incoming\2022BCSC135_Ext-LLM_Annotated-EG_RevRL.html,https://canlii.ca/t/jgc4w,decision,Sherman Estate
incoming,data\annotated\incoming\2022BCSC135_Ext-LLM_Annotated-EG_RevRL.html,https://canlii.ca/t/jgc4w,decision,Sherman Estate
incoming,data\annotated\incoming\2022BCSC135_Ext-LLM_Annotated-EG_RevRL.html,https://canlii.ca/t/jgc4w,decision,Sherman Estate
incoming,data\annotated\incoming\2022BCSC135_Ext-LLM_Annotated-EG_RevRL.html,https://canlii.ca/t/jgc4w,decision,Sherman Estate
incoming,data\annotated\incoming\2022BCSC135_Ext-LLM_Annotated-EG_RevRL.html,https://canlii.ca/t/jgc4w,decision,Sherman Estate
incoming,data\annotated\incoming\2022BCSC135_Ext-LLM_Annotated-EG_RevRL.html,https://canlii.ca/t/jgc4w,decision,Sherman Estate
incoming,data\annotated\incoming\2022BCSC135_Ext-LLM_Annotated-EG_RevRL.html,https://canlii.ca/t/jgc4w,decision,Sherman Estate
incoming,data\annotated\incoming\2022BCSC135_Ext-LLM_Annotated-EG_RevRL.html,https://canlii.ca/t/jhh3j,decision,Fraser
incoming,data\annotated\incoming\2022BCSC135_Ext-LLM_Annotated-EG_RevRL.html,https://canlii.ca/t/jhh3j,decision,Fraser
incoming,data\annotated\incoming\2024NUCA9_Ext-LLM_Annotated-GL_Rev-RL.html,https://canlii.ca/t/jjglp,decision,Jane Doe
incoming,data\annotated\incoming\2022BCSC135_Ext-LLM_Annotated-EG_RevRL.html,https://canlii.ca/t/jm25m,decision,Canadian National Railway Company BCSC 2022
incoming,data\annotated\incoming\2022BCSC135_Ext-LLM_Annotated-EG_RevRL.html,https://canlii.ca/t/jm25m,decision,Canadian National Railway Company BCSC 2022
incoming,data\annotated\incoming\1993NSSC71_Ext-LLM_Annotated-GL_Rev-RL.html,https://canlii.ca/t/jpvq,legislation,Planning Act
incoming,data\annotated\incoming\1993NSSC71_Ext-LLM_Annotated-GL_Rev-RL.html,https://canlii.ca/t/jpvq,legislation,Planning Act
incoming,data\annotated\incoming\1993NSSC71_Ext-LLM_Annotated-GL_Rev-RL.html,https://canlii.ca/t/jpvq,legislation,Planning Act
incoming,data\annotated\incoming\1993NSSC71_Ext-LLM_Annotated-GL_Rev-RL.html,https://canlii.ca/t/jpvq,legislation,Planning Act
incoming,data\annotated\incoming\1993NSSC71_Ext-LLM_Annotated-GL_Rev-RL.html,https://canlii.ca/t/jpvq,legislation,Planning Act
incoming,data\annotated\incoming\1993NSSC71_Ext-LLM_Annotated-GL_Rev-RL.html,https://canlii.ca/t/jpvq,legislation,Planning Act
incoming,data\annotated\incoming\2024NUCA9_Ext-LLM_Annotated-GL_Rev-RL.html,https://canlii.ca/t/jr8k9,decision,Scow
incoming,data\annotated\incoming\1993NSSC71_Ext-LLM_Annotated-GL_Rev-RL.html,https://canlii.ca/t/jskv4,decision,Thornhill
incoming,data\annotated\incoming\1993NSSC71_Ext-LLM_Annotated-GL_Rev-RL.html,https://canlii.ca/t/jskv4,decision,Thornhill
incoming,data\annotated\incoming\1993NSSC71_Ext-LLM_Annotated-GL_Rev-RL.html,https://canlii.ca/t/jskv4,decision,Thornhill
incoming,data\annotated\incoming\2022BCSC135_Ext-LLM_Annotated-EG_RevRL.html,https://canlii.ca/t/jvn8l,decision,Canadian National Railway Company BCEAB-1 2019
incoming,data\annotated\incoming\2022BCSC135_Ext-LLM_Annotated-EG_RevRL.html,https://canlii.ca/t/jvn8l,decision,Canadian National Railway Company BCEAB-1 2019
incoming,data\annotated\incoming\2022BCSC135_Ext-LLM_Annotated-EG_RevRL.html,https://canlii.ca/t/jvn8l,decision,Canadian National Railway Company BCEAB-1 2019
incoming,data\annotated\incoming\2022BCSC135_Ext-LLM_Annotated-EG_RevRL.html,https://canlii.ca/t/jvn8l,decision,Canadian National Railway Company BCEAB-1 2019
incoming,data\annotated\incoming\2022BCSC135_Ext-LLM_Annotated-EG_RevRL.html,https://canlii.ca/t/jvn8l,decision,Canadian National Railway Company BCEAB-1 2019
incoming,data\annotated\incoming\2022BCSC135_Ext-LLM_Annotated-EG_RevRL.html,https://canlii.ca/t/jvn8l,decision,Canadian National Railway Company BCEAB-1 2019
incoming,data\annotated\incoming\2022BCSC135_Ext-LLM_Annotated-EG_RevRL.html,https://canlii.ca/t/jvn8l,decision,Canadian National Railway Company BCEAB-1 2019
incoming,data\annotated\incoming\2022BCSC135_Ext-LLM_Annotated-EG_RevRL.html,https://canlii.ca/t/jvn8l,decision,Canadian National Railway Company BCEAB-1 2019
incoming,data\annotated\incoming\2022BCSC135_Ext-LLM_Annotated-EG_RevRL.html,https://canlii.ca/t/jvn8l,decision,Canadian National Railway Company BCEAB-1 2019
incoming,data\annotated\incoming\2022BCSC135_Ext-LLM_Annotated-EG_RevRL.html,https://canlii.ca/t/jvn8l,decision,Canadian National Railway Company BCEAB-1 2019
incoming,data\annotated\incoming\2022BCSC135_Ext-LLM_Annotated-EG_RevRL.html,https://canlii.ca/t/jvn8l,decision,Canadian National Railway Company BCEAB-1 2019
incoming,data\annotated\incoming\2022BCSC135_Ext-LLM_Annotated-EG_RevRL.html,https://canlii.ca/t/jvn8l,decision,Canadian National Railway Company BCEAB-1 2019
incoming,data\annotated\incoming\2022BCSC135_Ext-LLM_Annotated-EG_RevRL.html,https://canlii.ca/t/jvn8l,decision,Canadian National Railway Company BCEAB-1 2019
incoming,data\annotated\incoming\2022BCSC135_Ext-LLM_Annotated-EG_RevRL.html,https://canlii.ca/t/jvn8l,decision,Canadian National Railway Company BCEAB-1 2019
incoming,data\annotated\incoming\2022BCSC135_Ext-LLM_Annotated-EG_RevRL.html,https://canlii.ca/t/jvn8l,decision,Canadian National Railway Company BCEAB-1 2019
incoming,data\annotated\incoming\2022BCSC135_Ext-LLM_Annotated-EG_RevRL.html,https://canlii.ca/t/jvn8l,decision,Canadian National Railway Company BCEAB-1 2019
incoming,data\annotated\incoming\2022BCSC135_Ext-LLM_Annotated-EG_RevRL.html,https://canlii.ca/t/jvn8l,decision,Canadian National Railway Company BCEAB-1 2019
incoming,data\annotated\incoming\2022BCSC135_Ext-LLM_Annotated-EG_RevRL.html,https://canlii.ca/t/jvn8l,decision,Canadian National Railway Company BCEAB-1 2019
incoming,data\annotated\incoming\2022BCSC135_Ext-LLM_Annotated-EG_RevRL.html,https://canlii.ca/t/jvn8l,decision,Canadian National Railway Company BCEAB-1 2019
incoming,data\annotated\incoming\2022BCSC135_Ext-LLM_Annotated-EG_RevRL.html,https://canlii.ca/t/jvn8l,decision,Canadian National Railway Company BCEAB-1 2019
incoming,data\annotated\incoming\2022BCSC135_Ext-LLM_Annotated-EG_RevRL.html,https://canlii.ca/t/jvn8l,decision,Canadian National Railway Company BCEAB-1 2019
incoming,data\annotated\incoming\2022BCSC135_Ext-LLM_Annotated-EG_RevRL.html,https://canlii.ca/t/jvn8l,decision,Canadian National Railway Company BCEAB-1 2019
incoming,data\annotated\incoming\2022BCSC135_Ext-LLM_Annotated-EG_RevRL.html,https://canlii.ca/t/jvn8l,decision,Canadian National Railway Company BCEAB-1 2019
incoming,data\annotated\incoming\2022BCSC135_Ext-LLM_Annotated-EG_RevRL.html,https://canlii.ca/t/jvn8l,decision,Canadian National Railway Company BCEAB-1 2019
incoming,data\annotated\incoming\2022BCSC135_Ext-LLM_Annotated-EG_RevRL.html,https://canlii.ca/t/jvn8l,decision,Canadian National Railway Company BCEAB-1 2019
incoming,data\annotated\incoming\2022BCSC135_Ext-LLM_Annotated-EG_RevRL.html,https://canlii.ca/t/jvn8l,decision,Canadian National Railway Company BCEAB-1 2019
incoming,data\annotated\incoming\2022BCSC135_Ext-LLM_Annotated-EG_RevRL.html,https://canlii.ca/t/jvn8l,decision,Canadian National Railway Company BCEAB-1 2019
incoming,data\annotated\incoming\2022BCSC135_Ext-LLM_Annotated-EG_RevRL.html,https://canlii.ca/t/jvn8l,decision,Canadian National Railway Company BCEAB-1 2019
incoming,data\annotated\incoming\2022BCSC135_Ext-LLM_Annotated-EG_RevRL.html,https://canlii.ca/t/jvn8l,decision,Canadian National Railway Company BCEAB-1 2019
incoming,data\annotated\incoming\2022BCSC135_Ext-LLM_Annotated-EG_RevRL.html,https://canlii.ca/t/jvn8l,decision,Canadian National Railway Company BCEAB-1 2019
incoming,data\annotated\incoming\2022BCSC135_Ext-LLM_Annotated-EG_RevRL.html,https://canlii.ca/t/jvn8l,decision,Canadian National Railway Company BCEAB-1 2019
incoming,data\annotated\incoming\2022BCSC135_Ext-LLM_Annotated-EG_RevRL.html,https://canlii.ca/t/jvn8l,decision,Canadian National Railway Company BCEAB-1 2019
incoming,data\annotated\incoming\2022BCSC135_Ext-LLM_Annotated-EG_RevRL.html,https://canlii.ca/t/jvn8l,decision,Canadian National Railway Company BCEAB-1 2019
incoming,data\annotated\incoming\2022BCSC135_Ext-LLM_Annotated-EG_RevRL.html,https://canlii.ca/t/jvn8l,decision,Canadian National Railway Company BCEAB-1 2019
incoming,data\annotated\incoming\2022BCSC135_Ext-LLM_Annotated-EG_RevRL.html,https://canlii.ca/t/jvn8l,decision,Canadian National Railway Company BCEAB-1 2019
incoming,data\annotated\incoming\2022BCSC135_Ext-LLM_Annotated-EG_RevRL.html,https://canlii.ca/t/jvn8l,decision,Canadian National Railway Company BCEAB-1 2019
incoming,data\annotated\incoming\2022BCSC135_Ext-LLM_Annotated-EG_RevRL.html,https://canlii.ca/t/jvn8l,decision,Canadian National Railway Company BCEAB-1 2019
incoming,data\annotated\incoming\2022BCSC135_Ext-LLM_Annotated-EG_RevRL.html,https://canlii.ca/t/jvn8l,decision,Canadian National Railway Company BCEAB-1 2019
incoming,data\annotated\incoming\2022BCSC135_Ext-LLM_Annotated-EG_RevRL.html,https://canlii.ca/t/jvn8l,decision,Canadian National Railway Company BCEAB-1 2019
incoming,data\annotated\incoming\2022BCSC135_Ext-LLM_Annotated-EG_RevRL.html,https://canlii.ca/t/jvn8l,decision,Canadian National Railway Company BCEAB-1 2019
incoming,data\annotated\incoming\2022BCSC135_Ext-LLM_Annotated-EG_RevRL.html,https://canlii.ca/t/jvn8l,decision,Canadian National Railway Company BCEAB-1 2019
incoming,data\annotated\incoming\2022BCSC135_Ext-LLM_Annotated-EG_RevRL.html,https://canlii.ca/t/jvn8l,decision,Canadian National Railway Company BCEAB-1 2019
incoming,data\annotated\incoming\2022BCSC135_Ext-LLM_Annotated-EG_RevRL.html,https://canlii.ca/t/jvn8l,decision,Canadian National Railway Company BCEAB-1 2019
incoming,data\annotated\incoming\2022BCSC135_Ext-LLM_Annotated-EG_RevRL.html,https://canlii.ca/t/jvn8l,decision,Canadian National Railway Company BCEAB-1 2019
incoming,data\annotated\incoming\2022BCSC135_Ext-LLM_Annotated-EG_RevRL.html,https://canlii.ca/t/jvn8l,decision,Canadian National Railway Company BCEAB-1 2019
incoming,data\annotated\incoming\2022BCSC135_Ext-LLM_Annotated-EG_RevRL.html,https://canlii.ca/t/jvn8l,decision,Canadian National Railway Company BCEAB-1 2019
incoming,data\annotated\incoming\2022BCSC135_Ext-LLM_Annotated-EG_RevRL.html,https://canlii.ca/t/jvn8l,decision,Canadian National Railway Company BCEAB-1 2019
incoming,data\annotated\incoming\2022BCSC135_Ext-LLM_Annotated-EG_RevRL.html,https://canlii.ca/t/jvn8l,decision,Canadian National Railway Company BCEAB-1 2019
incoming,data\annotated\incoming\2022BCSC135_Ext-LLM_Annotated-EG_RevRL.html,https://canlii.ca/t/jvn8l,decision,Canadian National Railway Company BCEAB-1 2019
incoming,data\annotated\incoming\2022BCSC135_Ext-LLM_Annotated-EG_RevRL.html,https://canlii.ca/t/jvn8l,decision,Canadian National Railway Company BCEAB-1 2019
incoming,data\annotated\incoming\2022BCSC135_Ext-LLM_Annotated-EG_RevRL.html,https://canlii.ca/t/jvn8l,decision,Canadian National Railway Company BCEAB-1 2019
incoming,data\annotated\incoming\2022BCSC135_Ext-LLM_Annotated-EG_RevRL.html,https://canlii.ca/t/jvn8l,decision,Canadian National Railway Company BCEAB-1 2019
incoming,data\annotated\incoming\2022BCSC135_Ext-LLM_Annotated-EG_RevRL.html,https://canlii.ca/t/jvn8l,decision,Canadian National Railway Company BCEAB-1 2019
incoming,data\annotated\incoming\2022BCSC135_Ext-LLM_Annotated-EG_RevRL.html,https://canlii.ca/t/jvn8l,decision,Canadian National Railway Company BCEAB-1 2019
incoming,data\annotated\incoming\2022BCSC135_Ext-LLM_Annotated-EG_RevRL.html,https://canlii.ca/t/jvn8l,decision,Canadian National Railway Company BCEAB-1 2019
incoming,data\annotated\incoming\2022BCSC135_Ext-LLM_Annotated-EG_RevRL.html,https://canlii.ca/t/jvn8l,decision,Canadian National Railway Company BCEAB-1 2019
incoming,data\annotated\incoming\2022BCSC135_Ext-LLM_Annotated-EG_RevRL.html,https://canlii.ca/t/jvn8l,decision,Canadian National Railway Company BCEAB-1 2019
incoming,data\annotated\incoming\2022BCSC135_Ext-LLM_Annotated-EG_RevRL.html,https://canlii.ca/t/jvn8l,decision,Canadian National Railway Company BCEAB-1 2019
incoming,data\annotated\incoming\2022BCSC135_Ext-LLM_Annotated-EG_RevRL.html,https://canlii.ca/t/jvn8l,decision,Canadian National Railway Company BCEAB-1 2019
incoming,data\annotated\incoming\2022BCSC135_Ext-LLM_Annotated-EG_RevRL.html,https://canlii.ca/t/jvn8l,decision,Canadian National Railway Company BCEAB-1 2019
incoming,data\annotated\incoming\2022BCSC135_Ext-LLM_Annotated-EG_RevRL.html,https://canlii.ca/t/jvn8l,decision,Canadian National Railway Company BCEAB-1 2019
incoming,data\annotated\incoming\2022BCSC135_Ext-LLM_Annotated-EG_RevRL.html,https://canlii.ca/t/jvn8l,decision,Canadian National Railway Company BCEAB-1 2019
incoming,data\annotated\incoming\2022BCSC135_Ext-LLM_Annotated-EG_RevRL.html,https://canlii.ca/t/jvn8l,decision,Canadian National Railway Company BCEAB-1 2019
incoming,data\annotated\incoming\2022BCSC135_Ext-LLM_Annotated-EG_RevRL.html,https://canlii.ca/t/jvn8l,decision,Canadian National Railway Company BCEAB-1 2019
incoming,data\annotated\incoming\2022BCSC135_Ext-LLM_Annotated-EG_RevRL.html,https://canlii.ca/t/jvn8l,decision,Canadian National Railway Company BCEAB-1 2019
incoming,data\annotated\incoming\2022BCSC135_Ext-LLM_Annotated-EG_RevRL.html,https://canlii.ca/t/jvn8l,decision,Canadian National Railway Company BCEAB-1 2019
incoming,data\annotated\incoming\2022BCSC135_Ext-LLM_Annotated-EG_RevRL.html,https://canlii.ca/t/jvn8l,decision,Canadian National Railway Company BCEAB-1 2019
incoming,data\annotated\incoming\2022BCSC135_Ext-LLM_Annotated-EG_RevRL.html,https://canlii.ca/t/jvn8l,decision,Canadian National Railway Company BCEAB-1 2019
incoming,data\annotated\incoming\2022BCSC135_Ext-LLM_Annotated-EG_RevRL.html,https://canlii.ca/t/jvn8l,decision,Canadian National Railway Company BCEAB-1 2019
incoming,data\annotated\incoming\2022BCSC135_Ext-LLM_Annotated-EG_RevRL.html,https://canlii.ca/t/jvn8l,decision,Canadian National Railway Company BCEAB-1 2019
incoming,data\annotated\incoming\2022BCSC135_Ext-LLM_Annotated-EG_RevRL.html,https://canlii.ca/t/jvn8l,decision,Canadian National Railway Company BCEAB-1 2019
incoming,data\annotated\incoming\2022BCSC135_Ext-LLM_Annotated-EG_RevRL.html,https://canlii.ca/t/jvn8l,decision,Canadian National Railway Company BCEAB-1 2019
incoming,data\annotated\incoming\2022BCSC135_Ext-LLM_Annotated-EG_RevRL.html,https://canlii.ca/t/jvn9f,decision,Canadian National Railway Company BCEAB 2020
incoming,data\annotated\incoming\2022BCSC135_Ext-LLM_Annotated-EG_RevRL.html,https://canlii.ca/t/jvn9f,decision,Canadian National Railway Company BCEAB 2020
incoming,data\annotated\incoming\2022BCSC135_Ext-LLM_Annotated-EG_RevRL.html,https://canlii.ca/t/jvn9f,decision,Canadian National Railway Company BCEAB 2020
incoming,data\annotated\incoming\2022BCSC135_Ext-LLM_Annotated-EG_RevRL.html,https://canlii.ca/t/jvn9f,decision,Canadian National Railway Company BCEAB 2020
incoming,data\annotated\incoming\2022BCSC135_Ext-LLM_Annotated-EG_RevRL.html,https://canlii.ca/t/jvn9f,decision,Canadian National Railway Company BCEAB 2020
incoming,data\annotated\incoming\2022BCSC135_Ext-LLM_Annotated-EG_RevRL.html,https://canlii.ca/t/jvn9f,legislation,Constitutional Question Act 
incoming,data\annotated\incoming\2022BCSC135_Ext-LLM_Annotated-EG_RevRL.html,https://canlii.ca/t/jvn9f,decision,Canadian National Railway Company BCEAB 2020
incoming,data\annotated\incoming\2022BCSC135_Ext-LLM_Annotated-EG_RevRL.html,https://canlii.ca/t/jvn9f,decision,Canadian National Railway Company BCEAB 2020
incoming,data\annotated\incoming\2022BCSC135_Ext-LLM_Annotated-EG_RevRL.html,https://canlii.ca/t/jvn9f,decision,Canadian National Railway Company BCEAB 2020
incoming,data\annotated\incoming\2022BCSC135_Ext-LLM_Annotated-EG_RevRL.html,https://canlii.ca/t/jvn9f,decision,Canadian National Railway Company BCEAB 2020
incoming,data\annotated\incoming\2022BCSC135_Ext-LLM_Annotated-EG_RevRL.html,https://canlii.ca/t/jvn9f,decision,Canadian National Railway Company BCEAB 2020
incoming,data\annotated\incoming\2022BCSC135_Ext-LLM_Annotated-EG_RevRL.html,https://canlii.ca/t/jvn9f,decision,Canadian National Railway Company BCEAB 2020
incoming,data\annotated\incoming\2022BCSC135_Ext-LLM_Annotated-EG_RevRL.html,https://canlii.ca/t/jvn9f,decision,Canadian National Railway Company BCEAB 2020
incoming,data\annotated\incoming\2022BCSC135_Ext-LLM_Annotated-EG_RevRL.html,https://canlii.ca/t/jvn9f,decision,Canadian National Railway Company BCEAB 2020
incoming,data\annotated\incoming\2022BCSC135_Ext-LLM_Annotated-EG_RevRL.html,https://canlii.ca/t/jvn9f,decision,Canadian National Railway Company BCEAB 2020
incoming,data\annotated\incoming\2022BCSC135_Ext-LLM_Annotated-EG_RevRL.html,https://canlii.ca/t/jvn9f,decision,Canadian National Railway Company BCEAB 2020
incoming,data\annotated\incoming\2022BCSC135_Ext-LLM_Annotated-EG_RevRL.html,https://canlii.ca/t/jvn9f,decision,Canadian National Railway Company BCEAB 2020
incoming,data\annotated\incoming\2022BCSC135_Ext-LLM_Annotated-EG_RevRL.html,https://canlii.ca/t/jvn9f,decision,Canadian National Railway Company BCEAB 2020
incoming,data\annotated\incoming\2022BCSC135_Ext-LLM_Annotated-EG_RevRL.html,https://canlii.ca/t/jvn9f,decision,Canadian National Railway Company BCEAB 2020
incoming,data\annotated\incoming\2022BCSC135_Ext-LLM_Annotated-EG_RevRL.html,https://canlii.ca/t/jvn9f,decision,Canadian National Railway Company BCEAB 2020
incoming,data\annotated\incoming\2022BCSC135_Ext-LLM_Annotated-EG_RevRL.html,https://canlii.ca/t/jvn9f,decision,Canadian National Railway Company BCEAB 2020
incoming,data\annotated\incoming\2022BCSC135_Ext-LLM_Annotated-EG_RevRL.html,https://canlii.ca/t/jvn9f,decision,Canadian National Railway Company BCEAB 2020
incoming,data\annotated\incoming\2022BCSC135_Ext-LLM_Annotated-EG_RevRL.html,https://canlii.ca/t/jvn9f,decision,Canadian National Railway Company BCEAB 2020
incoming,data\annotated\incoming\2022BCSC135_Ext-LLM_Annotated-EG_RevRL.html,https://canlii.ca/t/jvn9f,decision,Canadian National Railway Company BCEAB 2020
incoming,data\annotated\incoming\2022BCSC135_Ext-LLM_Annotated-EG_RevRL.html,https://canlii.ca/t/jvn9f,decision,Canadian National Railway Company BCEAB 2020
incoming,data\annotated\incoming\2022BCSC135_Ext-LLM_Annotated-EG_RevRL.html,https://canlii.ca/t/jvn9f,decision,Canadian National Railway Company BCEAB 2020
incoming,data\annotated\incoming\2022BCSC135_Ext-LLM_Annotated-EG_RevRL.html,https://canlii.ca/t/jvn9f,decision,Canadian National Railway Company BCEAB 2020
incoming,data\annotated\incoming\2022BCSC135_Ext-LLM_Annotated-EG_RevRL.html,https://canlii.ca/t/jvn9f,decision,Canadian National Railway Company BCEAB 2020
incoming,data\annotated\incoming\2022BCSC135_Ext-LLM_Annotated-EG_RevRL.html,https://canlii.ca/t/jvn9f,decision,Canadian National Railway Company BCEAB 2020
incoming,data\annotated\incoming\2022BCSC135_Ext-LLM_Annotated-EG_RevRL.html,https://canlii.ca/t/jvn9f,decision,Canadian National Railway Company BCEAB 2020
incoming,data\annotated\incoming\2022BCSC135_Ext-LLM_Annotated-EG_RevRL.html,https://canlii.ca/t/jvn9f,decision,Canadian National Railway Company BCEAB 2020
incoming,data\annotated\incoming\2022BCSC135_Ext-LLM_Annotated-EG_RevRL.html,https://canlii.ca/t/jvn9f,decision,Canadian National Railway Company BCEAB 2020
incoming,data\annotated\incoming\2022BCSC135_Ext-LLM_Annotated-EG_RevRL.html,https://canlii.ca/t/jvn9f,decision,Canadian National Railway Company BCEAB 2020
incoming,data\annotated\incoming\2022BCSC135_Ext-LLM_Annotated-EG_RevRL.html,https://canlii.ca/t/jvn9f,decision,Canadian National Railway Company BCEAB 2020
incoming,data\annotated\incoming\2022BCSC135_Ext-LLM_Annotated-EG_RevRL.html,https://canlii.ca/t/jvn9f,decision,Canadian National Railway Company BCEAB 2020
incoming,data\annotated\incoming\2022BCSC135_Ext-LLM_Annotated-EG_RevRL.html,https://canlii.ca/t/jvn9f,decision,Canadian National Railway Company BCEAB 2020
incoming,data\annotated\incoming\2022BCSC135_Ext-LLM_Annotated-EG_RevRL.html,https://canlii.ca/t/jvn9f,decision,Canadian National Railway Company BCEAB 2020
incoming,data\annotated\incoming\2022BCSC135_Ext-LLM_Annotated-EG_RevRL.html,https://canlii.ca/t/jvn9f,decision,Canadian National Railway Company BCEAB 2020
incoming,data\annotated\incoming\2022BCSC135_Ext-LLM_Annotated-EG_RevRL.html,https://canlii.ca/t/jvn9f,decision,Canadian National Railway Company BCEAB 2020
incoming,data\annotated\incoming\2022BCSC135_Ext-LLM_Annotated-EG_RevRL.html,https://canlii.ca/t/jvn9f,decision,Canadian National Railway Company BCEAB 2020
incoming,data\annotated\incoming\2022BCSC135_Ext-LLM_Annotated-EG_RevRL.html,https://canlii.ca/t/jvn9f,decision,Canadian National Railway Company BCEAB 2020
incoming,data\annotated\incoming\2022BCSC135_Ext-LLM_Annotated-EG_RevRL.html,https://canlii.ca/t/jvn9f,decision,Canadian National Railway Company BCEAB 2020
incoming,data\annotated\incoming\2022BCSC135_Ext-LLM_Annotated-EG_RevRL.html,https://canlii.ca/t/jvn9f,decision,Canadian National Railway Company BCEAB 2020
incoming,data\annotated\incoming\2022BCSC135_Ext-LLM_Annotated-EG_RevRL.html,https://canlii.ca/t/jvn9f,decision,Canadian National Railway Company BCEAB 2020
incoming,data\annotated\incoming\2022BCSC135_Ext-LLM_Annotated-EG_RevRL.html,https://canlii.ca/t/jvn9f,decision,Canadian National Railway Company BCEAB 2020
incoming,data\annotated\incoming\2022BCSC135_Ext-LLM_Annotated-EG_RevRL.html,https://canlii.ca/t/jvn9f,decision,Canadian National Railway Company BCEAB 2020
incoming,data\annotated\incoming\2022BCSC135_Ext-LLM_Annotated-EG_RevRL.html,https://canlii.ca/t/jvn9f,decision,Canadian National Railway Company BCEAB 2020
incoming,data\annotated\incoming\2022BCSC135_Ext-LLM_Annotated-EG_RevRL.html,https://canlii.ca/t/jvn9f,decision,Canadian National Railway Company BCEAB 2020
incoming,data\annotated\incoming\2022BCSC135_Ext-LLM_Annotated-EG_RevRL.html,https://canlii.ca/t/jvn9f,decision,Canadian National Railway Company BCEAB 2020
incoming,data\annotated\incoming\2022BCSC135_Ext-LLM_Annotated-EG_RevRL.html,https://canlii.ca/t/jvn9f,decision,Canadian National Railway Company BCEAB 2020
incoming,data\annotated\incoming\2022BCSC135_Ext-LLM_Annotated-EG_RevRL.html,https://canlii.ca/t/jvn9f,decision,Canadian National Railway Company BCEAB 2020
incoming,data\annotated\incoming\2022BCSC135_Ext-LLM_Annotated-EG_RevRL.html,https://canlii.ca/t/jvn9f,decision,Canadian National Railway Company BCEAB 2020
incoming,data\annotated\incoming\2022BCSC135_Ext-LLM_Annotated-EG_RevRL.html,https://canlii.ca/t/jvn9f,decision,Canadian National Railway Company BCEAB 2020
incoming,data\annotated\incoming\2022BCSC135_Ext-LLM_Annotated-EG_RevRL.html,https://canlii.ca/t/jvn9f,decision,Canadian National Railway Company BCEAB 2020
incoming,data\annotated\incoming\2022BCSC135_Ext-LLM_Annotated-EG_RevRL.html,https://canlii.ca/t/jvn9f,decision,Canadian National Railway Company BCEAB 2020
incoming,data\annotated\incoming\2022BCSC135_Ext-LLM_Annotated-EG_RevRL.html,https://canlii.ca/t/jvn9f,decision,Canadian National Railway Company BCEAB 2020
incoming,data\annotated\incoming\2022BCSC135_Ext-LLM_Annotated-EG_RevRL.html,https://canlii.ca/t/jvn9f,decision,Canadian National Railway Company BCEAB 2020
incoming,data\annotated\incoming\2022BCSC135_Ext-LLM_Annotated-EG_RevRL.html,https://canlii.ca/t/jvn9f,decision,Canadian National Railway Company BCEAB 2020
incoming,data\annotated\incoming\2022BCSC135_Ext-LLM_Annotated-EG_RevRL.html,https://canlii.ca/t/jvn9f,decision,Canadian National Railway Company BCEAB 2020
incoming,data\annotated\incoming\2022BCSC135_Ext-LLM_Annotated-EG_RevRL.html,https://canlii.ca/t/jvn9f,decision,Canadian National Railway Company BCEAB 2020
incoming,data\annotated\incoming\2022BCSC135_Ext-LLM_Annotated-EG_RevRL.html,https://canlii.ca/t/jvn9f,decision,Canadian National Railway Company BCEAB 2020
incoming,data\annotated\incoming\2022BCSC135_Ext-LLM_Annotated-EG_RevRL.html,https://canlii.ca/t/jvn9f,decision,Canadian National Railway Company BCEAB 2020
incoming,data\annotated\incoming\2022BCSC135_Ext-LLM_Annotated-EG_RevRL.html,https://canlii.ca/t/jvn9f,decision,Canadian National Railway Company BCEAB 2020
incoming,data\annotated\incoming\2022BCSC135_Ext-LLM_Annotated-EG_RevRL.html,https://canlii.ca/t/jvn9f,decision,Canadian National Railway Company BCEAB 2020
incoming,data\annotated\incoming\2022BCSC135_Ext-LLM_Annotated-EG_RevRL.html,https://canlii.ca/t/jvn9f,decision,Canadian National Railway Company BCEAB 2020
incoming,data\annotated\incoming\2022BCSC135_Ext-LLM_Annotated-EG_RevRL.html,https://canlii.ca/t/jvn9f,decision,Canadian National Railway Company BCEAB 2020
incoming,data\annotated\incoming\2022BCSC135_Ext-LLM_Annotated-EG_RevRL.html,https://canlii.ca/t/jvn9f,decision,Canadian National Railway Company BCEAB 2020
incoming,data\annotated\incoming\2022BCSC135_Ext-LLM_Annotated-EG_RevRL.html,https://canlii.ca/t/jvn9f,decision,Canadian National Railway Company BCEAB 2020
incoming,data\annotated\incoming\2022BCSC135_Ext-LLM_Annotated-EG_RevRL.html,https://canlii.ca/t/jvn9f,decision,Canadian National Railway Company BCEAB 2020
incoming,data\annotated\incoming\2022BCSC135_Ext-LLM_Annotated-EG_RevRL.html,https://canlii.ca/t/jvn9f,decision,Canadian National Railway Company BCEAB 2020
incoming,data\annotated\incoming\2022BCSC135_Ext-LLM_Annotated-EG_RevRL.html,https://canlii.ca/t/jvn9f,decision,Canadian National Railway Company BCEAB 2020
incoming,data\annotated\incoming\2022BCSC135_Ext-LLM_Annotated-EG_RevRL.html,https://canlii.ca/t/jvn9f,decision,Canadian National Railway Company BCEAB 2020
incoming,data\annotated\incoming\2022BCSC135_Ext-LLM_Annotated-EG_RevRL.html,https://canlii.ca/t/jvn9f,decision,Canadian National Railway Company BCEAB 2020
incoming,data\annotated\incoming\2022BCSC135_Ext-LLM_Annotated-EG_RevRL.html,https://canlii.ca/t/jvn9f,decision,Canadian National Railway Company BCEAB 2020
incoming,data\annotated\incoming\2022BCSC135_Ext-LLM_Annotated-EG_RevRL.html,https://canlii.ca/t/jvn9f,decision,Canadian National Railway Company BCEAB 2020
incoming,data\annotated\incoming\2022BCSC135_Ext-LLM_Annotated-EG_RevRL.html,https://canlii.ca/t/jvn9f,decision,Canadian National Railway Company BCEAB 2020
incoming,data\annotated\incoming\2022BCSC135_Ext-LLM_Annotated-EG_RevRL.html,https://canlii.ca/t/jvn9f,decision,Canadian National Railway Company BCEAB 2020
incoming,data\annotated\incoming\2022BCSC135_Ext-LLM_Annotated-EG_RevRL.html,https://canlii.ca/t/jvn9f,decision,Canadian National Railway Company BCEAB 2020
incoming,data\annotated\incoming\2022BCSC135_Ext-LLM_Annotated-EG_RevRL.html,https://canlii.ca/t/jvn9f,decision,Canadian National Railway Company BCEAB 2020
incoming,data\annotated\incoming\2022BCSC135_Ext-LLM_Annotated-EG_RevRL.html,https://canlii.ca/t/jvn9f,decision,Canadian National Railway Company BCEAB 2020
incoming,data\annotated\incoming\2022BCSC135_Ext-LLM_Annotated-EG_RevRL.html,https://canlii.ca/t/jvn9f,decision,Canadian National Railway Company BCEAB 2020
incoming,data\annotated\incoming\2022BCSC135_Ext-LLM_Annotated-EG_RevRL.html,https://canlii.ca/t/jvn9f,decision,Canadian National Railway Company BCEAB 2020
incoming,data\annotated\incoming\2022BCSC135_Ext-LLM_Annotated-EG_RevRL.html,https://canlii.ca/t/jvn9f,decision,Canadian National Railway Company BCEAB 2020
incoming,data\annotated\incoming\2022BCSC135_Ext-LLM_Annotated-EG_RevRL.html,https://canlii.ca/t/jvn9f,decision,Canadian National Railway Company BCEAB 2020
incoming,data\annotated\incoming\2022BCSC135_Ext-LLM_Annotated-EG_RevRL.html,https://canlii.ca/t/jvn9f,decision,Canadian National Railway Company BCEAB 2020
incoming,data\annotated\incoming\2022BCSC135_Ext-LLM_Annotated-EG_RevRL.html,https://canlii.ca/t/jvn9f,decision,Canadian National Railway Company BCEAB 2020
incoming,data\annotated\incoming\2022BCSC135_Ext-LLM_Annotated-EG_RevRL.html,https://canlii.ca/t/jvn9f,decision,Canadian National Railway Company BCEAB 2020
incoming,data\annotated\incoming\2022BCSC135_Ext-LLM_Annotated-EG_RevRL.html,https://canlii.ca/t/jvn9f,decision,Canadian National Railway Company BCEAB 2020
incoming,data\annotated\incoming\2022BCSC135_Ext-LLM_Annotated-EG_RevRL.html,https://canlii.ca/t/jvn9f,decision,Canadian National Railway Company BCEAB 2020
incoming,data\annotated\incoming\2022BCSC135_Ext-LLM_Annotated-EG_RevRL.html,https://canlii.ca/t/jvn9f,decision,Canadian National Railway Company BCEAB 2020
incoming,data\annotated\incoming\2024NUCA9_Ext-LLM_Annotated-GL_Rev-RL.html,https://canlii.ca/t/jvwmz,decision,Nunavut Tunngavik Incorporated NUCJ 2023
incoming,data\annotated\incoming\2024NUCA9_Ext-LLM_Annotated-GL_Rev-RL.html,https://canlii.ca/t/jvwmz,decision,Nunavut Tunngavik Incorporated NUCJ 2023
incoming,data\annotated\incoming\2024NUCA9_Ext-LLM_Annotated-GL_Rev-RL.html,https://canlii.ca/t/jvwmz,decision,Nunavut Tunngavik Incorporated NUCJ 2023
incoming,data\annotated\incoming\2024NUCA9_Ext-LLM_Annotated-GL_Rev-RL.html,https://canlii.ca/t/jvwmz,decision,Nunavut Tunngavik Incorporated NUCJ 2023
incoming,data\annotated\incoming\2024NUCA9_Ext-LLM_Annotated-GL_Rev-RL.html,https://canlii.ca/t/jvwmz,decision,Nunavut Tunngavik Incorporated NUCJ 2023
incoming,data\annotated\incoming\2024NUCA9_Ext-LLM_Annotated-GL_Rev-RL.html,https://canlii.ca/t/jvwmz,decision,Nunavut Tunngavik Incorporated NUCJ 2023
incoming,data\annotated\incoming\2024NUCA9_Ext-LLM_Annotated-GL_Rev-RL.html,https://canlii.ca/t/jvwmz,decision,Nunavut Tunngavik Incorporated NUCJ 2023
incoming,data\annotated\incoming\2024NUCA9_Ext-LLM_Annotated-GL_Rev-RL.html,https://canlii.ca/t/jx1q3,decision,Leroux ONCA 2023
incoming,data\annotated\incoming\2024ABOHSAB19_Ext-LLM_Annotated-GL_Rev-RL.html,https://canlii.ca/t/k3p9x,decision,Ishdorj
incoming,data\annotated\incoming\2024ABOHSAB19_Ext-LLM_Annotated-GL_Rev-RL.html,https://canlii.ca/t/k3p9x,decision,Ishdorj
incoming,data\annotated\incoming\2009PECA12_Ext-LLM_Annotated-GL_Rev-RL.html,https://canlii.ca/t/k45z,legislation,Child Support Guidelines
incoming,data\annotated\incoming\2024NUCA9_Ext-LLM_Annotated-GL_Rev-RL.html,https://canlii.ca/t/k6hrp,decision,Nunavut Tunngavik Incorporated NUCA 2024
incoming,data\annotated\incoming\2024NUCA9_Ext-LLM_Annotated-GL_Rev-RL.html,https://canlii.ca/t/k6hrp,decision,Imperial Tobacco
incoming,data\annotated\incoming\2024NUCA9_Ext-LLM_Annotated-GL_Rev-RL.html,https://canlii.ca/t/k6hrp,decision,Imperial Tobacco
incoming,data\annotated\incoming\2024ABOHSAB19_Ext-LLM_Annotated-GL_Rev-RL.html,https://canlii.ca/t/k7bzn,decision,Thorkelson
incoming,data\annotated\incoming\2024ABOHSAB19_Ext-LLM_Annotated-GL_Rev-RL.html,https://canlii.ca/t/k7bzn,decision,Thorkelson
incoming,data\annotated\incoming\2024ABOHSAB19_Ext-LLM_Annotated-GL_Rev-RL.html,https://canlii.ca/t/k7qlt,decision,Sherlock Environmental Services
incoming,data\annotated\incoming\1993CanLII3004FCA.html,https://canlii.ca/t/k97fc>,decision,Merck SCC 1972
incoming,data\annotated\incoming\1993CanLII3004FCA.html,https://canlii.ca/t/k97fc>,decision,Merck SCC 1972
incoming,data\annotated\incoming\2024NUCA9_Ext-LLM_Annotated-GL_Rev-RL.html,https://canlii.ca/t/khbp,legislation,Rules of Supreme Court NWT
incoming,data\annotated\incoming\2024NUCA9_Ext-LLM_Annotated-GL_Rev-RL.html,https://canlii.ca/t/khbp,legislation,Rules of Supreme Court NWT
incoming,data\annotated\incoming\1999CanLII7320(ONCA).html,https://www.canlii.org/en/commentary/doc/1976CanLIIDocs22#Discovery__Production_of_Documents__Claim_of_Privilege_to_Prevent_Disclosure_,secondary sources,Commentary: Discovery - Production of documents
incoming,data\annotated\incoming\1999CanLII7320(ONCA).html,https://www.canlii.org/en/commentary/doc/1976CanLIIDocs22#Discovery__Production_of_Documents__Claim_of_Privilege_to_Prevent_Disclosure_,secondary sources,Commentary: Discovery - Production of documents
incoming,data\annotated\incoming\2024BCSC764.html,https://www.canlii.org/en/commentary/doc/2020CanLIIDocs1608#A_PRACTICAL_GUIDE_TO_STARE_DECISIS___Theble_Justice_Malcolm_Rowe_and_Leanna_Katz,secondary sources,Practical Guide to Stare Decisis
incoming,data\annotated\incoming\2024BCSC764.html,https://www.canlii.org/en/commentary/doc/2020CanLIIDocs1608#A_PRACTICAL_GUIDE_TO_STARE_DECISIS___Theble_Justice_Malcolm_Rowe_and_Leanna_Katz,secondary sources,Practical Guide to Stare Decisis
incoming,data\annotated\incoming\2024BCSC764.html,https://www.canlii.org/en/commentary/doc/2020CanLIIDocs1608#A_PRACTICAL_GUIDE_TO_STARE_DECISIS___Theble_Justice_Malcolm_Rowe_and_Leanna_Katz,secondary sources,Practical Guide to Stare Decisis
incoming,data\annotated\incoming\2024BCSC764.html,https://canliiconnects.org/en/commentaries/93579,secondary sources,A Hill Too Far
