original_url,metadata
https://canlii.ca/t/1cff2,"[
  {
    ""id"": ""1989csc-scc127"",
    ""docType"": ""DECISION"",
    ""path"": ""/en/ca/scc/doc/1989/1989canlii16/1989canlii16.html"",
    ""docTitle"": ""Just v. British Columbia"",
    ""autoCompletions"": ""[{\""type\"":\""DECISION_CANLII_REFERENCE\"",\""text\"":\""1989 CanLII 16 (SCC)\""},{\""type\"":\""DECISION_CANLII_REFERENCE\"",\""text\"":\""1989 CanLII 16 (CSC)\""},{\""type\"":\""MAIN_TITLE\"",\""text\"":\""Just v. British Columbia\""},{\""type\"":\""DECISION_OFFICIAL_REPORT_REFERENCE\"",\""text\"":\""[1989] 2 SCR 1228\""},{\""type\"":\""DECISION_OFFICIAL_REPORT_REFERENCE\"",\""text\"":\""[1989] 2 RCS 1228\""},{\""type\"":\""DECISION_OTHER_REFERENCES\"",\""text\"":\""103 NR 1\""},{\""type\"":\""DECISION_OTHER_REFERENCES\"",\""text\"":\"" 64 DLR (4th) 689\""},{\""type\"":\""DECISION_OTHER_REFERENCES\"",\""text\"":\"" 18 ACWS (3d) 527\""},{\""type\"":\""DECISION_OTHER_REFERENCES\"",\""text\"":\"" [1990] 1 WWR 385\""},{\""type\"":\""DECISION_OTHER_REFERENCES\"",\""text\"":\"" 41 BCLR (2d) 350\""},{\""type\"":\""DECISION_OTHER_REFERENCES\"",\""text\"":\"" [1990] RRA 140\""},{\""type\"":\""DECISION_OTHER_REFERENCES\"",\""text\"":\"" 1 CCLT (2d) 1\""},{\""type\"":\""DECISION_OTHER_REFERENCES\"",\""text\"":\"" 41 Admin LR 161\""},{\""type\"":\""DECISION_OTHER_REFERENCES\"",\""text\"":\"" [1989] CarswellBC 234\""},{\""type\"":\""DECISION_OTHER_REFERENCES\"",\""text\"":\"" JE 90-18\""},{\""type\"":\""DECISION_OTHER_REFERENCES\"",\""text\"":\"" [1989] SCJ No 121 (QL)\""},{\""type\"":\""DECISION_OTHER_REFERENCES\"",\""text\"":\"" 18 MVR (2d) 1\""},{\""type\"":\""DECISION_OTHER_REFERENCES\"",\""text\"":\"" [1989] ACS no 121\""},{\""type\"":\""DECISION_ALTERNATE_TITLE\"",\""text\"":\""Just v. British columbia\""},{\""type\"":\""DECISION_ALTERNATE_TITLE\"",\""text\"":\""Just v. B.C.\""},{\""type\"":\""DECISION_ALTERNATE_TITLE\"",\""text\"":\""Just c. Colombie-Britannique\""},{\""type\"":\""DECISION_DOCKET_NUMBER\"",\""text\"":\""20246\""},{\""type\"":\""JURISDICTION_NAME\"",\""text\"":\""Canada (Federal)\""},{\""type\"":\""COLLECTION_NAME\"",\""text\"":\""Supreme Court of Canada\""}]"",
    ""jurisdictionId"": ""ca"",
    ""citedCount"": 694
  }
]"
https://canlii.ca/t/1cxmx,"[
  {
    ""id"": ""1986csc-scc38"",
    ""docType"": ""DECISION"",
    ""path"": ""/en/ca/scc/doc/1986/1986canlii17/1986canlii17.html"",
    ""docTitle"": ""Mills v. The Queen"",
    ""autoCompletions"": ""[{\""type\"":\""DECISION_CANLII_REFERENCE\"",\""text\"":\""1986 CanLII 17 (SCC)\""},{\""type\"":\""DECISION_CANLII_REFERENCE\"",\""text\"":\""1986 CanLII 17 (CSC)\""},{\""type\"":\""MAIN_TITLE\"",\""text\"":\""Mills v. The Queen\""},{\""type\"":\""DECISION_OFFICIAL_REPORT_REFERENCE\"",\""text\"":\""[1986] 1 SCR 863\""},{\""type\"":\""DECISION_OFFICIAL_REPORT_REFERENCE\"",\""text\"":\""[1986] 1 RCS 863\""},{\""type\"":\""DECISION_OTHER_REFERENCES\"",\""text\"":\""58 OR (2d) 543\""},{\""type\"":\""DECISION_OTHER_REFERENCES\"",\""text\"":\"" 58 OR (2d) 544\""},{\""type\"":\""DECISION_OTHER_REFERENCES\"",\""text\"":\"" 29 DLR (4th) 161\""},{\""type\"":\""DECISION_OTHER_REFERENCES\"",\""text\"":\"" 67 NR 241\""},{\""type\"":\""DECISION_OTHER_REFERENCES\"",\""text\"":\"" 16 OAC 81\""},{\""type\"":\""DECISION_OTHER_REFERENCES\"",\""text\"":\"" 26 CCC (3d) 481\""},{\""type\"":\""DECISION_OTHER_REFERENCES\"",\""text\"":\"" 52 CR (3d) 1\""},{\""type\"":\""DECISION_OTHER_REFERENCES\"",\""text\"":\"" 17 WCB 41\""},{\""type\"":\""DECISION_OTHER_REFERENCES\"",\""text\"":\"" 21 CRR 76\""},{\""type\"":\""DECISION_OTHER_REFERENCES\"",\""text\"":\"" JE 86-709\""},{\""type\"":\""DECISION_OTHER_REFERENCES\"",\""text\"":\"" [1986] SCJ No 39 (QL)\""},{\""type\"":\""DECISION_OTHER_REFERENCES\"",\""text\"":\"" [1986] ACS no 39\""},{\""type\"":\""DECISION_ALTERNATE_TITLE\"",\""text\"":\""R. v. Mills\""},{\""type\"":\""DECISION_ALTERNATE_TITLE\"",\""text\"":\""Re Mills and The Queen\""},{\""type\"":\""DECISION_ALTERNATE_TITLE\"",\""text\"":\""Mills v. R.\""},{\""type\"":\""DECISION_ALTERNATE_TITLE\"",\""text\"":\""Mills c. La Reine\""},{\""type\"":\""DECISION_DOCKET_NUMBER\"",\""text\"":\""17818\""},{\""type\"":\""JURISDICTION_NAME\"",\""text\"":\""Canada (Federal)\""},{\""type\"":\""COLLECTION_NAME\"",\""text\"":\""Supreme Court of Canada\""}]"",
    ""jurisdictionId"": ""ca"",
    ""citedCount"": 1820
  }
]"
https://canlii.ca/t/1f8xj,"[
  {
    ""id"": ""2001mbca151"",
    ""docType"": ""DECISION"",
    ""path"": ""/en/mb/mbca/doc/2001/2001mbca151/2001mbca151.html"",
    ""docTitle"": ""Seshia v. Health Sciences Centre"",
    ""autoCompletions"": ""[{\""type\"":\""DECISION_NEUTRAL_CITATION\"",\""text\"":\""2001 MBCA 151\""},{\""type\"":\""DECISION_CANLII_REFERENCE\"",\""text\"":\""2001 MBCA 151 (CanLII)\""},{\""type\"":\""MAIN_TITLE\"",\""text\"":\""Seshia v. Health Sciences Centre\""},{\""type\"":\""DECISION_OTHER_REFERENCES\"",\""text\"":\""160 Man R (2d) 41\""},{\""type\"":\""DECISION_ALTERNATE_TITLE\"",\""text\"":\""Seshia v. Health Sciences Centre et al.\""},{\""type\"":\""DECISION_DOCKET_NUMBER\"",\""text\"":\""AI01-30-05006\""},{\""type\"":\""JURISDICTION_NAME\"",\""text\"":\""Manitoba\""},{\""type\"":\""COLLECTION_NAME\"",\""text\"":\""Court of Appeal of Manitoba\""}]"",
    ""jurisdictionId"": ""mb"",
    ""citedCount"": 5
  }
]"
https://canlii.ca/t/1fbhf,"[
  {
    ""id"": ""2000onca542"",
    ""docType"": ""DECISION"",
    ""path"": ""/en/on/onca/doc/2000/2000canlii16991/2000canlii16991.html"",
    ""docTitle"": ""Chippewas of Sarnia Band v. Canada (Attorney General)"",
    ""autoCompletions"": ""[{\""type\"":\""DECISION_CANLII_REFERENCE\"",\""text\"":\""2000 CanLII 16991 (ON CA)\""},{\""type\"":\""MAIN_TITLE\"",\""text\"":\""Chippewas of Sarnia Band v. Canada (Attorney General)\""},{\""type\"":\""DECISION_OTHER_REFERENCES\"",\""text\"":\""51 OR (3d) 641\""},{\""type\"":\""DECISION_OTHER_REFERENCES\"",\""text\"":\"" 195 DLR (4th) 135\""},{\""type\"":\""DECISION_OTHER_REFERENCES\"",\""text\"":\"" 101 ACWS (3d) 859\""},{\""type\"":\""DECISION_OTHER_REFERENCES\"",\""text\"":\"" 139 OAC 201\""},{\""type\"":\""DECISION_OTHER_REFERENCES\"",\""text\"":\"" [2001] 1 CNLR 56\""},{\""type\"":\""DECISION_OTHER_REFERENCES\"",\""text\"":\"" [2000] OJ No 4804 (QL)\""},{\""type\"":\""DECISION_OTHER_REFERENCES\"",\""text\"":\"" 41 RPR (3d) 1\""},{\""type\"":\""DECISION_DOCKET_NUMBER\"",\""text\"":\"" C32202\""},{\""type\"":\""DECISION_DOCKET_NUMBER\"",\""text\"":\""C32170\""},{\""type\"":\""DECISION_DOCKET_NUMBER\"",\""text\"":\"" C32188\""},{\""type\"":\""JURISDICTION_NAME\"",\""text\"":\""Ontario\""},{\""type\"":\""COLLECTION_NAME\"",\""text\"":\""Court of Appeal for Ontario\""}]"",
    ""jurisdictionId"": ""on"",
    ""citedCount"": 133
  }
]"
https://canlii.ca/t/1fbxk,"[
  {
    ""id"": ""2000qcca620"",
    ""docType"": ""DECISION"",
    ""path"": ""/fr/qc/qcca/doc/2000/2000canlii8435/2000canlii8435.html"",
    ""docTitle"": ""Maksteel inc. c. Québec (Commission des droits de la personne et des droits de la personne)"",
    ""autoCompletions"": ""[{\""type\"":\""DECISION_CANLII_REFERENCE\"",\""text\"":\""2000 CanLII 8435 (QC CA)\""},{\""type\"":\""MAIN_TITLE\"",\""text\"":\""Maksteel inc. c. Québec (Commission des droits de la personne et des droits de la personne)\""},{\""type\"":\""DECISION_OTHER_REFERENCES\"",\""text\"":\"" REJB 2000-21408\""},{\""type\"":\""DECISION_OTHER_REFERENCES\"",\""text\"":\""[2001] RJQ 28\""},{\""type\"":\""DECISION_OTHER_REFERENCES\"",\""text\"":\"" 41 CHRR 182\""},{\""type\"":\""DECISION_OTHER_REFERENCES\"",\""text\"":\"" EYB 2000-21408\""},{\""type\"":\""DECISION_OTHER_REFERENCES\"",\""text\"":\"" [2000] JQ no 5371\""},{\""type\"":\""DECISION_OTHER_REFERENCES\"",\""text\"":\"" [2000] QJ 5371\""},{\""type\"":\""DECISION_ALTERNATE_TITLE\"",\""text\"":\""Maksteel Inc. c. Commission des droits de la personne et des droits de la jeunesse\""},{\""type\"":\""DECISION_ALTERNATE_TITLE\"",\""text\"":\""Maksteel Québec Inc. c. Québec (Comm. des droits de la personne et des droits de la jeunesse)\""},{\""type\"":\""DECISION_DOCKET_NUMBER\"",\""text\"":\""500-09-005653-977\""},{\""type\"":\""JURISDICTION_NAME\"",\""text\"":\""Québec\""},{\""type\"":\""COLLECTION_NAME\"",\""text\"":\""Cour d'appel du Québec\""}]"",
    ""jurisdictionId"": ""qc"",
    ""citedCount"": 8
  }
]"
https://canlii.ca/t/1fc2k,"[
  {
    ""id"": ""2001qcca70"",
    ""docType"": ""DECISION"",
    ""path"": ""/fr/qc/qcca/doc/2001/2001canlii5956/2001canlii5956.html"",
    ""docTitle"": ""Procureure générale du Québec c. Solski"",
    ""autoCompletions"": ""[{\""type\"":\""DECISION_CANLII_REFERENCE\"",\""text\"":\""2001 CanLII 5956 (QC CA)\""},{\""type\"":\""MAIN_TITLE\"",\""text\"":\""Procureure générale du Québec c. Solski\""},{\""type\"":\""DECISION_OTHER_REFERENCES\"",\""text\"":\"" REJB 2001-22170\""},{\""type\"":\""DECISION_OTHER_REFERENCES\"",\""text\"":\""AZ-50082561\""},{\""type\"":\""DECISION_OTHER_REFERENCES\"",\""text\"":\"" EYB 2001-22170\""},{\""type\"":\""DECISION_OTHER_REFERENCES\"",\""text\"":\"" JE 2001-400\""},{\""type\"":\""DECISION_DOCKET_NUMBER\"",\""text\"":\""500-09-010454-007\""},{\""type\"":\""JURISDICTION_NAME\"",\""text\"":\""Québec\""},{\""type\"":\""COLLECTION_NAME\"",\""text\"":\""Cour d'appel du Québec\""}]"",
    ""jurisdictionId"": ""qc"",
    ""citedCount"": 18
  }
]"
https://canlii.ca/t/1fndz,"[
  {
    ""id"": ""2000bcca584"",
    ""docType"": ""DECISION"",
    ""path"": ""/en/bc/bcca/doc/2000/2000bcca584/2000bcca584.html"",
    ""docTitle"": ""B.C. Human Rights Commission v. B.C. Human Rights Tribunal"",
    ""autoCompletions"": ""[{\""type\"":\""DECISION_NEUTRAL_CITATION\"",\""text\"":\""2000 BCCA 584\""},{\""type\"":\""DECISION_CANLII_REFERENCE\"",\""text\"":\""2000 BCCA 584 (CanLII)\""},{\""type\"":\""MAIN_TITLE\"",\""text\"":\""B.C. Human Rights Commission v. B.C. Human Rights Tribunal\""},{\""type\"":\""DECISION_OTHER_REFERENCES\"",\""text\"":\""193 DLR (4th) 488\""},{\""type\"":\""DECISION_OTHER_REFERENCES\"",\""text\"":\"" 81 BCLR (3d) 195\""},{\""type\"":\""DECISION_OTHER_REFERENCES\"",\""text\"":\"" 143 BCAC 305\""},{\""type\"":\""DECISION_OTHER_REFERENCES\"",\""text\"":\"" 38 CHRR 390\""},{\""type\"":\""DECISION_OTHER_REFERENCES\"",\""text\"":\"" [2000] BCJ No 2162 (QL)\""},{\""type\"":\""DECISION_ALTERNATE_TITLE\"",\""text\"":\""McLaughlan v. Fletcher Challenge Canada Ltd.\""},{\""type\"":\""DECISION_ALTERNATE_TITLE\"",\""text\"":\""British Columbia (Human Rights Commission) v. British Columbia (Human Rights Tribunal)\""},{\""type\"":\""DECISION_ALTERNATE_TITLE\"",\""text\"":\""British Columbia (Human Rights Comm.) v. British Columbia (Human Rights Tribunal) and Fletcher Challenge Canada Ltd.\""},{\""type\"":\""DECISION_DOCKET_NUMBER\"",\""text\"":\""V03536\""},{\""type\"":\""JURISDICTION_NAME\"",\""text\"":\""British Columbia\""},{\""type\"":\""COLLECTION_NAME\"",\""text\"":\""Court of Appeal for British Columbia\""}]"",
    ""jurisdictionId"": ""bc"",
    ""citedCount"": 15
  }
]"
https://canlii.ca/t/1fqdm,"[
  {
    ""id"": ""1997csc-scc64"",
    ""docType"": ""DECISION"",
    ""path"": ""/fr/ca/csc/doc/1997/1997canlii359/1997canlii359.html"",
    ""docTitle"": ""États-Unis d'Amérique c. Dynar"",
    ""autoCompletions"": ""[{\""type\"":\""DECISION_CANLII_REFERENCE\"",\""text\"":\""1997 CanLII 359 (CSC)\""},{\""type\"":\""DECISION_CANLII_REFERENCE\"",\""text\"":\""1997 CanLII 359 (SCC)\""},{\""type\"":\""MAIN_TITLE\"",\""text\"":\""États-Unis d'Amérique c. Dynar\""},{\""type\"":\""DECISION_OFFICIAL_REPORT_REFERENCE\"",\""text\"":\""[1997] 2 RCS 462\""},{\""type\"":\""DECISION_OFFICIAL_REPORT_REFERENCE\"",\""text\"":\""[1997] 2 SCR 462\""},{\""type\"":\""DECISION_OTHER_REFERENCES\"",\""text\"":\""33 OR (3d) 478\""},{\""type\"":\""DECISION_OTHER_REFERENCES\"",\""text\"":\"" 147 DLR (4th) 399\""},{\""type\"":\""DECISION_OTHER_REFERENCES\"",\""text\"":\"" 213 NR 321\""},{\""type\"":\""DECISION_OTHER_REFERENCES\"",\""text\"":\"" 101 OAC 321\""},{\""type\"":\""DECISION_OTHER_REFERENCES\"",\""text\"":\"" 115 CCC (3d) 481\""},{\""type\"":\""DECISION_OTHER_REFERENCES\"",\""text\"":\"" 8 CR (5th) 79\""},{\""type\"":\""DECISION_OTHER_REFERENCES\"",\""text\"":\"" 35 WCB (2d) 8\""},{\""type\"":\""DECISION_OTHER_REFERENCES\"",\""text\"":\"" 44 CRR (2d) 189\""},{\""type\"":\""DECISION_OTHER_REFERENCES\"",\""text\"":\"" [1997] CarswellOnt 1982\""},{\""type\"":\""DECISION_OTHER_REFERENCES\"",\""text\"":\"" JE 97-1400\""},{\""type\"":\""DECISION_OTHER_REFERENCES\"",\""text\"":\"" [1997] SCJ No 64 (QL)\""},{\""type\"":\""DECISION_OTHER_REFERENCES\"",\""text\"":\"" [1997] ACS no 64\""},{\""type\"":\""DECISION_ALTERNATE_TITLE\"",\""text\"":\""United States of America v. Dynar\""},{\""type\"":\""DECISION_DOCKET_NUMBER\"",\""text\"":\""24997\""},{\""type\"":\""JURISDICTION_NAME\"",\""text\"":\""Canada (fédéral)\""},{\""type\"":\""COLLECTION_NAME\"",\""text\"":\""Cour suprême du Canada\""}]"",
    ""jurisdictionId"": ""ca"",
    ""citedCount"": 761
  }
]"
https://canlii.ca/t/1fqhf,"[
  {
    ""id"": ""1999csc-scc78"",
    ""docType"": ""DECISION"",
    ""path"": ""/en/ca/scc/doc/1999/1999canlii642/1999canlii642.html"",
    ""docTitle"": ""Renaud v. Quebec (Commission des affaires sociales)"",
    ""autoCompletions"": ""[{\""type\"":\""DECISION_CANLII_REFERENCE\"",\""text\"":\""1999 CanLII 642 (SCC)\""},{\""type\"":\""DECISION_CANLII_REFERENCE\"",\""text\"":\""1999 CanLII 642 (CSC)\""},{\""type\"":\""MAIN_TITLE\"",\""text\"":\""Renaud v. Quebec (Commission des affaires sociales)\""},{\""type\"":\""DECISION_OFFICIAL_REPORT_REFERENCE\"",\""text\"":\""[1999] 3 SCR 855\""},{\""type\"":\""DECISION_OFFICIAL_REPORT_REFERENCE\"",\""text\"":\""[1999] 3 RCS 855\""},{\""type\"":\""DECISION_OTHER_REFERENCES\"",\""text\"":\""184 DLR (4th) 441\""},{\""type\"":\""DECISION_OTHER_REFERENCES\"",\""text\"":\"" 249 NR 389\""},{\""type\"":\""DECISION_OTHER_REFERENCES\"",\""text\"":\"" [1999] SCJ No 70 (QL)\""},{\""type\"":\""DECISION_ALTERNATE_TITLE\"",\""text\"":\""Renaud v. Quebec\""},{\""type\"":\""DECISION_ALTERNATE_TITLE\"",\""text\"":\""Renaud c. Québec (Commission des affaires sociales)\""},{\""type\"":\""DECISION_DOCKET_NUMBER\"",\""text\"":\""26677\""},{\""type\"":\""JURISDICTION_NAME\"",\""text\"":\""Canada (Federal)\""},{\""type\"":\""COLLECTION_NAME\"",\""text\"":\""Supreme Court of Canada\""}]"",
    ""jurisdictionId"": ""ca"",
    ""citedCount"": 79
  }
]"
https://canlii.ca/t/1fqjf,"[
  {
    ""id"": ""1999csc-scc53"",
    ""docType"": ""DECISION"",
    ""path"": ""/en/ca/scc/doc/1999/1999canlii657/1999canlii657.html"",
    ""docTitle"": ""Wells v. Newfoundland"",
    ""autoCompletions"": ""[{\""type\"":\""DECISION_CANLII_REFERENCE\"",\""text\"":\""1999 CanLII 657 (SCC)\""},{\""type\"":\""DECISION_CANLII_REFERENCE\"",\""text\"":\""1999 CanLII 657 (CSC)\""},{\""type\"":\""MAIN_TITLE\"",\""text\"":\""Wells v. Newfoundland\""},{\""type\"":\""DECISION_OFFICIAL_REPORT_REFERENCE\"",\""text\"":\""[1999] 3 SCR 199\""},{\""type\"":\""DECISION_OFFICIAL_REPORT_REFERENCE\"",\""text\"":\""[1999] 3 RCS 199\""},{\""type\"":\""DECISION_OTHER_REFERENCES\"",\""text\"":\""180 Nfld & PEIR 269\""},{\""type\"":\""DECISION_OTHER_REFERENCES\"",\""text\"":\"" 177 DLR (4th) 73\""},{\""type\"":\""DECISION_OTHER_REFERENCES\"",\""text\"":\"" 245 NR 275\""},{\""type\"":\""DECISION_OTHER_REFERENCES\"",\""text\"":\"" 90 ACWS (3d) 894\""},{\""type\"":\""DECISION_OTHER_REFERENCES\"",\""text\"":\"" 548 APR 269\""},{\""type\"":\""DECISION_OTHER_REFERENCES\"",\""text\"":\"" 15 Admin LR (3d) 274\""},{\""type\"":\""DECISION_OTHER_REFERENCES\"",\""text\"":\"" 46 CCEL (2d) 165\""},{\""type\"":\""DECISION_OTHER_REFERENCES\"",\""text\"":\"" JE 99-1909\""},{\""type\"":\""DECISION_OTHER_REFERENCES\"",\""text\"":\"" [1999] SCJ No 50 (QL)\""},{\""type\"":\""DECISION_OTHER_REFERENCES\"",\""text\"":\"" [1999] ACS no 50\""},{\""type\"":\""DECISION_ALTERNATE_TITLE\"",\""text\"":\""Wells v. Newfoundland and Board of Commissioners of Public Utilities (Nfld.)\""},{\""type\"":\""DECISION_ALTERNATE_TITLE\"",\""text\"":\""Wells c. Terre-Neuve\""},{\""type\"":\""DECISION_DOCKET_NUMBER\"",\""text\"":\""26362\""},{\""type\"":\""JURISDICTION_NAME\"",\""text\"":\""Canada (Federal)\""},{\""type\"":\""COLLECTION_NAME\"",\""text\"":\""Supreme Court of Canada\""}]"",
    ""jurisdictionId"": ""ca"",
    ""citedCount"": 336
  }
]"
https://canlii.ca/t/1fqlk,"[
  {
    ""id"": ""1999csc-scc41"",
    ""docType"": ""DECISION"",
    ""path"": ""/en/ca/scc/doc/1999/1999canlii699/1999canlii699.html"",
    ""docTitle"": ""Baker v. Canada (Minister of Citizenship and Immigration)"",
    ""autoCompletions"": ""[{\""type\"":\""DECISION_CANLII_REFERENCE\"",\""text\"":\""1999 CanLII 699 (SCC)\""},{\""type\"":\""DECISION_CANLII_REFERENCE\"",\""text\"":\""1999 CanLII 699 (CSC)\""},{\""type\"":\""MAIN_TITLE\"",\""text\"":\""Baker v. Canada (Minister of Citizenship and Immigration)\""},{\""type\"":\""DECISION_OFFICIAL_REPORT_REFERENCE\"",\""text\"":\""[1999] 2 SCR 817\""},{\""type\"":\""DECISION_OFFICIAL_REPORT_REFERENCE\"",\""text\"":\""[1999] 2 RCS 817\""},{\""type\"":\""DECISION_OTHER_REFERENCES\"",\""text\"":\"" REJB 1999-13279\""},{\""type\"":\""DECISION_OTHER_REFERENCES\"",\""text\"":\""174 DLR (4th) 193\""},{\""type\"":\""DECISION_OTHER_REFERENCES\"",\""text\"":\"" 243 NR 22\""},{\""type\"":\""DECISION_OTHER_REFERENCES\"",\""text\"":\"" 89 ACWS (3d) 777\""},{\""type\"":\""DECISION_OTHER_REFERENCES\"",\""text\"":\"" AZ-99111041\""},{\""type\"":\""DECISION_OTHER_REFERENCES\"",\""text\"":\"" 14 Admin LR (3d) 173\""},{\""type\"":\""DECISION_OTHER_REFERENCES\"",\""text\"":\"" 1 Imm LR (3d) 1\""},{\""type\"":\""DECISION_OTHER_REFERENCES\"",\""text\"":\"" [1999] CarswellNat 1124\""},{\""type\"":\""DECISION_OTHER_REFERENCES\"",\""text\"":\"" EYB 1999-13279\""},{\""type\"":\""DECISION_OTHER_REFERENCES\"",\""text\"":\"" JE 99-1412\""},{\""type\"":\""DECISION_OTHER_REFERENCES\"",\""text\"":\"" [1999] FCJ No 39 (QL)\""},{\""type\"":\""DECISION_OTHER_REFERENCES\"",\""text\"":\"" [1999] SCJ No 39 (QL)\""},{\""type\"":\""DECISION_OTHER_REFERENCES\"",\""text\"":\"" [1999] ACS no 39\""},{\""type\"":\""DECISION_OTHER_REFERENCES\"",\""text\"":\"" [1999] ACF No 39 (QL)\""},{\""type\"":\""DECISION_ALTERNATE_TITLE\"",\""text\"":\""Baker v. Canada (Minister of Citizenship & Immigration)\""},{\""type\"":\""DECISION_ALTERNATE_TITLE\"",\""text\"":\""Baker c. Canada (Ministre de la Citoyenneté et de l'Immigration)\""},{\""type\"":\""DECISION_DOCKET_NUMBER\"",\""text\"":\""25823\""},{\""type\"":\""JURISDICTION_NAME\"",\""text\"":\""Canada (Federal)\""},{\""type\"":\""COLLECTION_NAME\"",\""text\"":\""Supreme Court of Canada\""}]"",
    ""jurisdictionId"": ""ca"",
    ""citedCount"": 10133
  }
]"
https://canlii.ca/t/1fqpf,"[
  {
    ""id"": ""1999csc-scc6"",
    ""docType"": ""DECISION"",
    ""path"": ""/en/ca/scc/doc/1999/1999canlii706/1999canlii706.html"",
    ""docTitle"": ""Ryan v. Victoria (City)"",
    ""autoCompletions"": ""[{\""type\"":\""DECISION_CANLII_REFERENCE\"",\""text\"":\""1999 CanLII 706 (SCC)\""},{\""type\"":\""DECISION_CANLII_REFERENCE\"",\""text\"":\""1999 CanLII 706 (CSC)\""},{\""type\"":\""MAIN_TITLE\"",\""text\"":\""Ryan v. Victoria (City)\""},{\""type\"":\""DECISION_OFFICIAL_REPORT_REFERENCE\"",\""text\"":\""[1999] 1 SCR 201\""},{\""type\"":\""DECISION_OFFICIAL_REPORT_REFERENCE\"",\""text\"":\""[1999] 1 RCS 201\""},{\""type\"":\""DECISION_OTHER_REFERENCES\"",\""text\"":\""168 DLR (4th) 513\""},{\""type\"":\""DECISION_OTHER_REFERENCES\"",\""text\"":\"" 234 NR 201\""},{\""type\"":\""DECISION_OTHER_REFERENCES\"",\""text\"":\"" 85 ACWS (3d) 208\""},{\""type\"":\""DECISION_OTHER_REFERENCES\"",\""text\"":\"" 191 WAC 103\""},{\""type\"":\""DECISION_OTHER_REFERENCES\"",\""text\"":\"" [1999] 6 WWR 61\""},{\""type\"":\""DECISION_OTHER_REFERENCES\"",\""text\"":\"" AZ-99111006\""},{\""type\"":\""DECISION_OTHER_REFERENCES\"",\""text\"":\"" 59 BCLR (3d) 81\""},{\""type\"":\""DECISION_OTHER_REFERENCES\"",\""text\"":\"" 117 BCAC 103\""},{\""type\"":\""DECISION_OTHER_REFERENCES\"",\""text\"":\"" 44 CCLT (2d) 1\""},{\""type\"":\""DECISION_OTHER_REFERENCES\"",\""text\"":\"" JE 99-357\""},{\""type\"":\""DECISION_OTHER_REFERENCES\"",\""text\"":\"" [1999] SCJ No 7 (QL)\""},{\""type\"":\""DECISION_OTHER_REFERENCES\"",\""text\"":\"" [1999] ACS no 7\""},{\""type\"":\""DECISION_OTHER_REFERENCES\"",\""text\"":\"" 40 MVR (3d) 1\""},{\""type\"":\""DECISION_OTHER_REFERENCES\"",\""text\"":\"" 50 MPLR (2d) 1\""},{\""type\"":\""DECISION_ALTERNATE_TITLE\"",\""text\"":\""Ryan c. Victoria (Ville)\""},{\""type\"":\""DECISION_DOCKET_NUMBER\"",\""text\"":\""25704\""},{\""type\"":\""JURISDICTION_NAME\"",\""text\"":\""Canada (Federal)\""},{\""type\"":\""COLLECTION_NAME\"",\""text\"":\""Supreme Court of Canada\""}]"",
    ""jurisdictionId"": ""ca"",
    ""citedCount"": 698
  }
]"
https://canlii.ca/t/1fqs6,"[
  {
    ""id"": ""1998csc-scc48"",
    ""docType"": ""DECISION"",
    ""path"": ""/en/ca/scc/doc/1998/1998canlii778/1998canlii778.html"",
    ""docTitle"": ""Pushpanathan v. Canada (Minister of Citizenship and Immigration)"",
    ""autoCompletions"": ""[{\""type\"":\""DECISION_CANLII_REFERENCE\"",\""text\"":\""1998 CanLII 778 (SCC)\""},{\""type\"":\""DECISION_CANLII_REFERENCE\"",\""text\"":\""1998 CanLII 778 (CSC)\""},{\""type\"":\""MAIN_TITLE\"",\""text\"":\""Pushpanathan v. Canada (Minister of Citizenship and Immigration)\""},{\""type\"":\""DECISION_OFFICIAL_REPORT_REFERENCE\"",\""text\"":\""[1998] 1 SCR 982\""},{\""type\"":\""DECISION_OFFICIAL_REPORT_REFERENCE\"",\""text\"":\""[1998] 1 RCS 982\""},{\""type\"":\""DECISION_OTHER_REFERENCES\"",\""text\"":\""160 DLR (4th) 193\""},{\""type\"":\""DECISION_OTHER_REFERENCES\"",\""text\"":\"" 226 NR 201\""},{\""type\"":\""DECISION_OTHER_REFERENCES\"",\""text\"":\"" 79 ACWS (3d) 998\""},{\""type\"":\""DECISION_OTHER_REFERENCES\"",\""text\"":\"" AZ-98111064\""},{\""type\"":\""DECISION_OTHER_REFERENCES\"",\""text\"":\"" 11 Admin LR (3d) 1\""},{\""type\"":\""DECISION_OTHER_REFERENCES\"",\""text\"":\"" 38 WCB (2d) 423\""},{\""type\"":\""DECISION_OTHER_REFERENCES\"",\""text\"":\"" 43 Imm LR (2d) 117\""},{\""type\"":\""DECISION_OTHER_REFERENCES\"",\""text\"":\"" [1998] CarswellNat 830\""},{\""type\"":\""DECISION_OTHER_REFERENCES\"",\""text\"":\"" JE 98-1298\""},{\""type\"":\""DECISION_OTHER_REFERENCES\"",\""text\"":\"" [1998] FCJ No 46 (QL)\""},{\""type\"":\""DECISION_OTHER_REFERENCES\"",\""text\"":\"" [1998] SCJ No 46 (QL)\""},{\""type\"":\""DECISION_OTHER_REFERENCES\"",\""text\"":\"" [1998] ACS no 46\""},{\""type\"":\""DECISION_OTHER_REFERENCES\"",\""text\"":\"" [1998] ACF No 46 (QL)\""},{\""type\"":\""DECISION_ALTERNATE_TITLE\"",\""text\"":\""Pushpanathan v. Canada (Minister of Employment & Immigration\""},{\""type\"":\""DECISION_ALTERNATE_TITLE\"",\""text\"":\""Pushpanathan c. Canada (Ministre de la Citoyenneté et de l'Immigration)\""},{\""type\"":\""DECISION_DOCKET_NUMBER\"",\""text\"":\""25173\""},{\""type\"":\""JURISDICTION_NAME\"",\""text\"":\""Canada (Federal)\""},{\""type\"":\""COLLECTION_NAME\"",\""text\"":\""Supreme Court of Canada\""}]"",
    ""jurisdictionId"": ""ca"",
    ""citedCount"": 3032
  }
]"
https://canlii.ca/t/1fqsb,"[
  {
    ""id"": ""1998csc-scc50"",
    ""docType"": ""DECISION"",
    ""path"": ""/en/ca/scc/doc/1998/1998canlii780/1998canlii780.html"",
    ""docTitle"": ""Canada Safeway Ltd. v. RWDSU, Local 454"",
    ""autoCompletions"": ""[{\""type\"":\""DECISION_CANLII_REFERENCE\"",\""text\"":\""1998 CanLII 780 (SCC)\""},{\""type\"":\""DECISION_CANLII_REFERENCE\"",\""text\"":\""1998 CanLII 780 (CSC)\""},{\""type\"":\""MAIN_TITLE\"",\""text\"":\""Canada Safeway Ltd. v. RWDSU, Local 454\""},{\""type\"":\""DECISION_OFFICIAL_REPORT_REFERENCE\"",\""text\"":\""[1998] 1 SCR 1079\""},{\""type\"":\""DECISION_OFFICIAL_REPORT_REFERENCE\"",\""text\"":\""[1998] 1 RCS 1079\""},{\""type\"":\""DECISION_OTHER_REFERENCES\"",\""text\"":\""160 DLR (4th) 1\""},{\""type\"":\""DECISION_OTHER_REFERENCES\"",\""text\"":\"" 226 NR 319\""},{\""type\"":\""DECISION_OTHER_REFERENCES\"",\""text\"":\"" 79 ACWS (3d) 945\""},{\""type\"":\""DECISION_OTHER_REFERENCES\"",\""text\"":\"" 173 WAC 104\""},{\""type\"":\""DECISION_OTHER_REFERENCES\"",\""text\"":\"" [1999] 6 WWR 453\""},{\""type\"":\""DECISION_OTHER_REFERENCES\"",\""text\"":\"" 168 Sask R 104\""},{\""type\"":\""DECISION_OTHER_REFERENCES\"",\""text\"":\"" 10 Admin LR (3d) 1\""},{\""type\"":\""DECISION_OTHER_REFERENCES\"",\""text\"":\"" [1998] CarswellSask 298\""},{\""type\"":\""DECISION_OTHER_REFERENCES\"",\""text\"":\"" [1998] SCJ No 47 (QL)\""},{\""type\"":\""DECISION_OTHER_REFERENCES\"",\""text\"":\"" [1998] ACS no 47\""},{\""type\"":\""DECISION_ALTERNATE_TITLE\"",\""text\"":\""Canada Safeway Ltd. v. Retail, Wholesale and Department Store Union, Local 454 and Hardy\""},{\""type\"":\""DECISION_ALTERNATE_TITLE\"",\""text\"":\""Canada Safeway Ltd. v. R.W.D.S.U., Local 454\""},{\""type\"":\""DECISION_ALTERNATE_TITLE\"",\""text\"":\""Canada Safeway Ltd. V. R.W.D.S.U. 454\""},{\""type\"":\""DECISION_ALTERNATE_TITLE\"",\""text\"":\""Canada Safeway Ltd. c. SDGMR, section locale 454\""},{\""type\"":\""DECISION_DOCKET_NUMBER\"",\""text\"":\""25356\""},{\""type\"":\""JURISDICTION_NAME\"",\""text\"":\""Canada (Federal)\""},{\""type\"":\""COLLECTION_NAME\"",\""text\"":\""Supreme Court of Canada\""}]"",
    ""jurisdictionId"": ""ca"",
    ""citedCount"": 249
  }
]"
https://canlii.ca/t/1fqsz,"[
  {
    ""id"": ""1998csc-scc27"",
    ""docType"": ""DECISION"",
    ""path"": ""/en/ca/scc/doc/1998/1998canlii813/1998canlii813.html"",
    ""docTitle"": ""Westcoast Energy Inc. v. Canada (National Energy Board)"",
    ""autoCompletions"": ""[{\""type\"":\""DECISION_CANLII_REFERENCE\"",\""text\"":\""1998 CanLII 813 (SCC)\""},{\""type\"":\""DECISION_CANLII_REFERENCE\"",\""text\"":\""1998 CanLII 813 (CSC)\""},{\""type\"":\""MAIN_TITLE\"",\""text\"":\""Westcoast Energy Inc. v. Canada (National Energy Board)\""},{\""type\"":\""DECISION_OFFICIAL_REPORT_REFERENCE\"",\""text\"":\""[1998] 1 SCR 322\""},{\""type\"":\""DECISION_OFFICIAL_REPORT_REFERENCE\"",\""text\"":\""[1998] 1 RCS 322\""},{\""type\"":\""DECISION_OTHER_REFERENCES\"",\""text\"":\""156 DLR (4th) 456\""},{\""type\"":\""DECISION_OTHER_REFERENCES\"",\""text\"":\"" 223 NR 241\""},{\""type\"":\""DECISION_OTHER_REFERENCES\"",\""text\"":\"" 78 ACWS (3d) 1309\""},{\""type\"":\""DECISION_OTHER_REFERENCES\"",\""text\"":\"" 3 Admin LR (3d) 163\""},{\""type\"":\""DECISION_OTHER_REFERENCES\"",\""text\"":\"" JE 98-675\""},{\""type\"":\""DECISION_OTHER_REFERENCES\"",\""text\"":\"" [1998] SCJ No 27 (QL)\""},{\""type\"":\""DECISION_OTHER_REFERENCES\"",\""text\"":\"" [1998] ACS no 27\""},{\""type\"":\""DECISION_ALTERNATE_TITLE\"",\""text\"":\""West Coast Energy Inc. v. Canada (National Energy Board)\""},{\""type\"":\""DECISION_ALTERNATE_TITLE\"",\""text\"":\""Westcoast Energy Inc. c. Canada (Office national de l'énergie)\""},{\""type\"":\""DECISION_DOCKET_NUMBER\"",\""text\"":\""25259\""},{\""type\"":\""JURISDICTION_NAME\"",\""text\"":\""Canada (Federal)\""},{\""type\"":\""COLLECTION_NAME\"",\""text\"":\""Supreme Court of Canada\""}]"",
    ""jurisdictionId"": ""ca"",
    ""citedCount"": 208
  }
]"
https://canlii.ca/t/1fqwt,"[
  {
    ""id"": ""1998csc-scc5"",
    ""docType"": ""DECISION"",
    ""path"": ""/en/ca/scc/doc/1998/1998canlii837/1998canlii837.html"",
    ""docTitle"": ""Rizzo & Rizzo Shoes Ltd. (Re)"",
    ""autoCompletions"": ""[{\""type\"":\""DECISION_CANLII_REFERENCE\"",\""text\"":\""1998 CanLII 837 (SCC)\""},{\""type\"":\""DECISION_CANLII_REFERENCE\"",\""text\"":\""1998 CanLII 837 (CSC)\""},{\""type\"":\""MAIN_TITLE\"",\""text\"":\""Rizzo & Rizzo Shoes Ltd. (Re)\""},{\""type\"":\""DECISION_OFFICIAL_REPORT_REFERENCE\"",\""text\"":\""[1998] 1 SCR 27\""},{\""type\"":\""DECISION_OFFICIAL_REPORT_REFERENCE\"",\""text\"":\""[1998] 1 RCS 27\""},{\""type\"":\""DECISION_OTHER_REFERENCES\"",\""text\"":\"" REJB 1998-04271\""},{\""type\"":\""DECISION_OTHER_REFERENCES\"",\""text\"":\""36 OR (3d) 418\""},{\""type\"":\""DECISION_OTHER_REFERENCES\"",\""text\"":\"" 154 DLR (4th) 193\""},{\""type\"":\""DECISION_OTHER_REFERENCES\"",\""text\"":\"" 221 NR 241\""},{\""type\"":\""DECISION_OTHER_REFERENCES\"",\""text\"":\"" 76 ACWS (3d) 894\""},{\""type\"":\""DECISION_OTHER_REFERENCES\"",\""text\"":\"" 106 OAC 1\""},{\""type\"":\""DECISION_OTHER_REFERENCES\"",\""text\"":\"" AZ-98111014\""},{\""type\"":\""DECISION_OTHER_REFERENCES\"",\""text\"":\"" 33 CCEL (2d) 173\""},{\""type\"":\""DECISION_OTHER_REFERENCES\"",\""text\"":\"" 50 CBR (3d) 163\""},{\""type\"":\""DECISION_OTHER_REFERENCES\"",\""text\"":\"" DTE 98T-154\""},{\""type\"":\""DECISION_OTHER_REFERENCES\"",\""text\"":\"" [1998] CarswellOnt 1\""},{\""type\"":\""DECISION_OTHER_REFERENCES\"",\""text\"":\"" EYB 1998-04271\""},{\""type\"":\""DECISION_OTHER_REFERENCES\"",\""text\"":\"" JE 98-201\""},{\""type\"":\""DECISION_OTHER_REFERENCES\"",\""text\"":\"" [1998] FCJ No 2 (QL)\""},{\""type\"":\""DECISION_OTHER_REFERENCES\"",\""text\"":\"" [1998] SCJ No 2 (QL)\""},{\""type\"":\""DECISION_OTHER_REFERENCES\"",\""text\"":\"" [1998] ACS no 2\""},{\""type\"":\""DECISION_OTHER_REFERENCES\"",\""text\"":\"" 50 RCDF (3d) 163\""},{\""type\"":\""DECISION_OTHER_REFERENCES\"",\""text\"":\"" [1998] ACF No 2 (QL)\""},{\""type\"":\""DECISION_ALTERNATE_TITLE\"",\""text\"":\""Rizzo v. Rizzo Shoes Ltd., Re\""},{\""type\"":\""DECISION_ALTERNATE_TITLE\"",\""text\"":\""Rizzo & Rizzo Shoes Ltd., Re\""},{\""type\"":\""DECISION_ALTERNATE_TITLE\"",\""text\"":\""Rizzo & Rizzo Shoes Ltd., Re \""},{\""type\"":\""DECISION_ALTERNATE_TITLE\"",\""text\"":\""Rizzo & Rizzo Shoes Ltd. (Re)\""},{\""type\"":\""DECISION_DOCKET_NUMBER\"",\""text\"":\""24711\""},{\""type\"":\""JURISDICTION_NAME\"",\""text\"":\""Canada (Federal)\""},{\""type\"":\""COLLECTION_NAME\"",\""text\"":\""Supreme Court of Canada\""}]"",
    ""jurisdictionId"": ""ca"",
    ""citedCount"": 7454
  }
]"
https://canlii.ca/t/1fqxh,"[
  {
    ""id"": ""1997csc-scc94"",
    ""docType"": ""DECISION"",
    ""path"": ""/en/ca/scc/doc/1997/1997canlii332/1997canlii332.html"",
    ""docTitle"": ""Wallace v. United Grain Growers Ltd."",
    ""autoCompletions"": ""[{\""type\"":\""DECISION_CANLII_REFERENCE\"",\""text\"":\""1997 CanLII 332 (SCC)\""},{\""type\"":\""DECISION_CANLII_REFERENCE\"",\""text\"":\""1997 CanLII 332 (CSC)\""},{\""type\"":\""MAIN_TITLE\"",\""text\"":\""Wallace v. United Grain Growers Ltd.\""},{\""type\"":\""DECISION_OFFICIAL_REPORT_REFERENCE\"",\""text\"":\""[1997] 3 SCR 701\""},{\""type\"":\""DECISION_OFFICIAL_REPORT_REFERENCE\"",\""text\"":\""[1997] 3 RCS 701\""},{\""type\"":\""DECISION_OTHER_REFERENCES\"",\""text\"":\""152 DLR (4th) 1\""},{\""type\"":\""DECISION_OTHER_REFERENCES\"",\""text\"":\"" 219 NR 161\""},{\""type\"":\""DECISION_OTHER_REFERENCES\"",\""text\"":\"" 159 WAC 1\""},{\""type\"":\""DECISION_OTHER_REFERENCES\"",\""text\"":\"" [1999] 4 WWR 86\""},{\""type\"":\""DECISION_OTHER_REFERENCES\"",\""text\"":\"" AZ-97111106\""},{\""type\"":\""DECISION_OTHER_REFERENCES\"",\""text\"":\"" 123 Man R (2d) 1\""},{\""type\"":\""DECISION_OTHER_REFERENCES\"",\""text\"":\"" 36 CCEL (2d) 1\""},{\""type\"":\""DECISION_OTHER_REFERENCES\"",\""text\"":\"" 3 CBR (4th) 1\""},{\""type\"":\""DECISION_OTHER_REFERENCES\"",\""text\"":\"" DTE 97T-1327\""},{\""type\"":\""DECISION_OTHER_REFERENCES\"",\""text\"":\"" [1997] CarswellMan 455\""},{\""type\"":\""DECISION_OTHER_REFERENCES\"",\""text\"":\"" JE 97-2111\""},{\""type\"":\""DECISION_OTHER_REFERENCES\"",\""text\"":\"" [1997] SCJ No 94 (QL)\""},{\""type\"":\""DECISION_OTHER_REFERENCES\"",\""text\"":\"" [1997] ACS no 94\""},{\""type\"":\""DECISION_OTHER_REFERENCES\"",\""text\"":\"" 3 RCDF (4th) 1\""},{\""type\"":\""DECISION_ALTERNATE_TITLE\"",\""text\"":\""Wallace c. United Grain Growers Ltd.\""},{\""type\"":\""DECISION_DOCKET_NUMBER\"",\""text\"":\""24986\""},{\""type\"":\""JURISDICTION_NAME\"",\""text\"":\""Canada (Federal)\""},{\""type\"":\""COLLECTION_NAME\"",\""text\"":\""Supreme Court of Canada\""}]"",
    ""jurisdictionId"": ""ca"",
    ""citedCount"": 2061
  }
]"
https://canlii.ca/t/1fqz8,"[
  {
    ""id"": ""1997csc-scc105"",
    ""docType"": ""DECISION"",
    ""path"": ""/en/ca/scc/doc/1997/1997canlii302/1997canlii302.html"",
    ""docTitle"": ""Delgamuukw v. British Columbia"",
    ""autoCompletions"": ""[{\""type\"":\""DECISION_CANLII_REFERENCE\"",\""text\"":\""1997 CanLII 302 (SCC)\""},{\""type\"":\""DECISION_CANLII_REFERENCE\"",\""text\"":\""1997 CanLII 302 (CSC)\""},{\""type\"":\""MAIN_TITLE\"",\""text\"":\""Delgamuukw v. British Columbia\""},{\""type\"":\""DECISION_OFFICIAL_REPORT_REFERENCE\"",\""text\"":\""[1997] 3 SCR 1010\""},{\""type\"":\""DECISION_OFFICIAL_REPORT_REFERENCE\"",\""text\"":\""[1997] 3 RCS 1010\""},{\""type\"":\""DECISION_OTHER_REFERENCES\"",\""text\"":\""153 DLR (4th) 193\""},{\""type\"":\""DECISION_OTHER_REFERENCES\"",\""text\"":\"" 220 NR 161\""},{\""type\"":\""DECISION_OTHER_REFERENCES\"",\""text\"":\"" 75 ACWS (3d) 983\""},{\""type\"":\""DECISION_OTHER_REFERENCES\"",\""text\"":\"" 162 WAC 161\""},{\""type\"":\""DECISION_OTHER_REFERENCES\"",\""text\"":\"" [1999] 10 WWR 34\""},{\""type\"":\""DECISION_OTHER_REFERENCES\"",\""text\"":\"" 66 BCLR (3d) 285\""},{\""type\"":\""DECISION_OTHER_REFERENCES\"",\""text\"":\"" 99 BCAC 161\""},{\""type\"":\""DECISION_OTHER_REFERENCES\"",\""text\"":\"" [1998] 1 CNLR 14\""},{\""type\"":\""DECISION_OTHER_REFERENCES\"",\""text\"":\"" [1997] CarswellBC 2358\""},{\""type\"":\""DECISION_OTHER_REFERENCES\"",\""text\"":\"" [1997] SCJ No 108 (QL)\""},{\""type\"":\""DECISION_OTHER_REFERENCES\"",\""text\"":\"" [1997] ACS no 108\""},{\""type\"":\""DECISION_ALTERNATE_TITLE\"",\""text\"":\""Delgamuukw c. Colombie-Britannique\""},{\""type\"":\""DECISION_DOCKET_NUMBER\"",\""text\"":\""23799\""},{\""type\"":\""JURISDICTION_NAME\"",\""text\"":\""Canada (Federal)\""},{\""type\"":\""COLLECTION_NAME\"",\""text\"":\""Supreme Court of Canada\""}]"",
    ""jurisdictionId"": ""ca"",
    ""citedCount"": 1404
  }
]"
https://canlii.ca/t/1fqzp,"[
  {
    ""id"": ""1997csc-scc79"",
    ""docType"": ""DECISION"",
    ""path"": ""/en/ca/scc/doc/1997/1997canlii317/1997canlii317.html"",
    ""docTitle"": ""Ref re Remuneration of Judges of the Prov. Court of P.E.I.; Ref re Independence and Impartiality of Judges of the Prov. Court of P.E.I."",
    ""autoCompletions"": ""[{\""type\"":\""DECISION_CANLII_REFERENCE\"",\""text\"":\""1997 CanLII 317 (SCC)\""},{\""type\"":\""DECISION_CANLII_REFERENCE\"",\""text\"":\""1997 CanLII 317 (CSC)\""},{\""type\"":\""MAIN_TITLE\"",\""text\"":\""Ref re Remuneration of Judges of the Prov. Court of P.E.I.; Ref re Independence and Impartiality of Judges of the Prov. Court of P.E.I.\""},{\""type\"":\""DECISION_OFFICIAL_REPORT_REFERENCE\"",\""text\"":\""[1997] 3 SCR 3\""},{\""type\"":\""DECISION_OFFICIAL_REPORT_REFERENCE\"",\""text\"":\""[1997] 3 RCS 3\""},{\""type\"":\""DECISION_OTHER_REFERENCES\"",\""text\"":\""156 Nfld & PEIR 1\""},{\""type\"":\""DECISION_OTHER_REFERENCES\"",\""text\"":\"" 150 DLR (4th) 577\""},{\""type\"":\""DECISION_OTHER_REFERENCES\"",\""text\"":\"" 217 NR 1\""},{\""type\"":\""DECISION_OTHER_REFERENCES\"",\""text\"":\"" 73 ACWS (3d) 592\""},{\""type\"":\""DECISION_OTHER_REFERENCES\"",\""text\"":\"" 158 WAC 1\""},{\""type\"":\""DECISION_OTHER_REFERENCES\"",\""text\"":\"" [1997] 10 WWR 417\""},{\""type\"":\""DECISION_OTHER_REFERENCES\"",\""text\"":\"" 483 APR 1\""},{\""type\"":\""DECISION_OTHER_REFERENCES\"",\""text\"":\"" 121 Man R (2d) 1\""},{\""type\"":\""DECISION_OTHER_REFERENCES\"",\""text\"":\"" 121 Man R (2d) 2\""},{\""type\"":\""DECISION_OTHER_REFERENCES\"",\""text\"":\"" 206 AR 1\""},{\""type\"":\""DECISION_OTHER_REFERENCES\"",\""text\"":\"" 118 CCC (3d) 193\""},{\""type\"":\""DECISION_OTHER_REFERENCES\"",\""text\"":\"" 11 CPC (4th) 1\""},{\""type\"":\""DECISION_OTHER_REFERENCES\"",\""text\"":\"" 35 WCB (2d) 513\""},{\""type\"":\""DECISION_OTHER_REFERENCES\"",\""text\"":\"" 46 CRR (2d) 1\""},{\""type\"":\""DECISION_OTHER_REFERENCES\"",\""text\"":\"" 49 Admin LR (2d) 1\""},{\""type\"":\""DECISION_OTHER_REFERENCES\"",\""text\"":\"" [1998] CarswellNat 79\""},{\""type\"":\""DECISION_OTHER_REFERENCES\"",\""text\"":\"" JE 97-1787\""},{\""type\"":\""DECISION_OTHER_REFERENCES\"",\""text\"":\"" [1997] SCJ No 75 (QL)\""},{\""type\"":\""DECISION_OTHER_REFERENCES\"",\""text\"":\"" [1997] ACS no 75\""},{\""type\"":\""DECISION_ALTERNATE_TITLE\"",\""text\"":\""R. v. Campbell\""},{\""type\"":\""DECISION_ALTERNATE_TITLE\"",\""text\"":\""Provincial Court Judges Assn. (Manitoba) v. Manitoba (Minister of Justice)\""},{\""type\"":\""DECISION_ALTERNATE_TITLE\"",\""text\"":\""Reference Re: Public Sector Pay Reduction Act (P.W.I.), s. 10\""},{\""type\"":\""DECISION_ALTERNATE_TITLE\"",\""text\"":\""Manitoba Provincial Judges Assn. v. Manitoba\""},{\""type\"":\""DECISION_ALTERNATE_TITLE\"",\""text\"":\""Reference Re Remuneration of Judges of the Provincial Court (P.E.I.)\""},{\""type\"":\""DECISION_ALTERNATE_TITLE\"",\""text\"":\""Renvoi relatif à la rémunération des juges de la Cour provinciale de l’Île‑du‑Prince‑Édouard; Renvoi relatif à l'indépendance et à l'impartialité des juges de la Cour provinciale de l’Île‑du‑Prince‑Édouard\""},{\""type\"":\""DECISION_DOCKET_NUMBER\"",\""text\"":\""24508\""},{\""type\"":\""DECISION_DOCKET_NUMBER\"",\""text\"":\"" 24778\""},{\""type\"":\""JURISDICTION_NAME\"",\""text\"":\""Canada (Federal)\""},{\""type\"":\""COLLECTION_NAME\"",\""text\"":\""Supreme Court of Canada\""}]"",
    ""jurisdictionId"": ""ca"",
    ""citedCount"": 932
  }
]"
https://canlii.ca/t/1fr01,"[
  {
    ""id"": ""1997csc-scc84"",
    ""docType"": ""DECISION"",
    ""path"": ""/en/ca/scc/doc/1997/1997canlii322/1997canlii322.html"",
    ""docTitle"": ""Canada (Minister of Citizenship and Immigration) v. Tobiass"",
    ""autoCompletions"": ""[{\""type\"":\""DECISION_CANLII_REFERENCE\"",\""text\"":\""1997 CanLII 322 (SCC)\""},{\""type\"":\""DECISION_CANLII_REFERENCE\"",\""text\"":\""1997 CanLII 322 (CSC)\""},{\""type\"":\""MAIN_TITLE\"",\""text\"":\""Canada (Minister of Citizenship and Immigration) v. Tobiass\""},{\""type\"":\""DECISION_OFFICIAL_REPORT_REFERENCE\"",\""text\"":\""[1997] 3 SCR 391\""},{\""type\"":\""DECISION_OFFICIAL_REPORT_REFERENCE\"",\""text\"":\""[1997] 3 RCS 391\""},{\""type\"":\""DECISION_OTHER_REFERENCES\"",\""text\"":\"" REJB 1997-02452\""},{\""type\"":\""DECISION_OTHER_REFERENCES\"",\""text\"":\""131 FTR 230\""},{\""type\"":\""DECISION_OTHER_REFERENCES\"",\""text\"":\"" 151 DLR (4th) 119\""},{\""type\"":\""DECISION_OTHER_REFERENCES\"",\""text\"":\"" 218 NR 81\""},{\""type\"":\""DECISION_OTHER_REFERENCES\"",\""text\"":\"" 74 ACWS (3d) 52\""},{\""type\"":\""DECISION_OTHER_REFERENCES\"",\""text\"":\"" 10 CR (5th) 163\""},{\""type\"":\""DECISION_OTHER_REFERENCES\"",\""text\"":\"" 118 CCC (3d) 443\""},{\""type\"":\""DECISION_OTHER_REFERENCES\"",\""text\"":\"" 14 CPC (4th) 1\""},{\""type\"":\""DECISION_OTHER_REFERENCES\"",\""text\"":\"" 1 Admin LR (3d) 1\""},{\""type\"":\""DECISION_OTHER_REFERENCES\"",\""text\"":\"" 40 Imm LR (2d) 23\""},{\""type\"":\""DECISION_OTHER_REFERENCES\"",\""text\"":\"" EYB 1997-02452\""},{\""type\"":\""DECISION_OTHER_REFERENCES\"",\""text\"":\"" JE 97-1836\""},{\""type\"":\""DECISION_OTHER_REFERENCES\"",\""text\"":\"" [1997] SCJ No 82 (QL)\""},{\""type\"":\""DECISION_OTHER_REFERENCES\"",\""text\"":\"" [1997] ACS no 82\""},{\""type\"":\""DECISION_ALTERNATE_TITLE\"",\""text\"":\""Canada (Minister of Citizenship and Immigration) v. Tobiass et al.\""},{\""type\"":\""DECISION_ALTERNATE_TITLE\"",\""text\"":\""Canada (Minister of Citizenship & Immigration) v. Tobiass\""},{\""type\"":\""DECISION_ALTERNATE_TITLE\"",\""text\"":\""Canada (Ministre de la Citoyenneté et de l'Immigration) c. Tobiass\""},{\""type\"":\""DECISION_DOCKET_NUMBER\"",\""text\"":\""25811\""},{\""type\"":\""JURISDICTION_NAME\"",\""text\"":\""Canada (Federal)\""},{\""type\"":\""COLLECTION_NAME\"",\""text\"":\""Supreme Court of Canada\""}]"",
    ""jurisdictionId"": ""ca"",
    ""citedCount"": 955
  }
]"
https://canlii.ca/t/1fr14,"[
  {
    ""id"": ""1997csc-scc69"",
    ""docType"": ""DECISION"",
    ""path"": ""/en/ca/scc/doc/1997/1997canlii364/1997canlii364.html"",
    ""docTitle"": ""ST. Mary's Indian Band v. Cranbrook (City)"",
    ""autoCompletions"": ""[{\""type\"":\""DECISION_CANLII_REFERENCE\"",\""text\"":\""1997 CanLII 364 (SCC)\""},{\""type\"":\""DECISION_CANLII_REFERENCE\"",\""text\"":\""1997 CanLII 364 (CSC)\""},{\""type\"":\""MAIN_TITLE\"",\""text\"":\""ST. Mary's Indian Band v. Cranbrook (City)\""},{\""type\"":\""DECISION_OFFICIAL_REPORT_REFERENCE\"",\""text\"":\""[1997] 2 SCR 657\""},{\""type\"":\""DECISION_OFFICIAL_REPORT_REFERENCE\"",\""text\"":\""[1997] 2 RCS 657\""},{\""type\"":\""DECISION_OTHER_REFERENCES\"",\""text\"":\""147 DLR (4th) 385\""},{\""type\"":\""DECISION_OTHER_REFERENCES\"",\""text\"":\"" 213 NR 290\""},{\""type\"":\""DECISION_OTHER_REFERENCES\"",\""text\"":\"" [1997] 8 WWR 332\""},{\""type\"":\""DECISION_OTHER_REFERENCES\"",\""text\"":\"" 35 BCLR (3d) 218\""},{\""type\"":\""DECISION_OTHER_REFERENCES\"",\""text\"":\"" 92 BCAC 161\""},{\""type\"":\""DECISION_OTHER_REFERENCES\"",\""text\"":\"" [1997] 3 CNLR 282\""},{\""type\"":\""DECISION_OTHER_REFERENCES\"",\""text\"":\"" 40 MPLR (2d) 131\""},{\""type\"":\""DECISION_ALTERNATE_TITLE\"",\""text\"":\""St. Mary's Indian Band v. Cranbrook (City)\""},{\""type\"":\""DECISION_ALTERNATE_TITLE\"",\""text\"":\""Bande indienne de St. Mary's c. Cranbrook (Ville)\""},{\""type\"":\""DECISION_DOCKET_NUMBER\"",\""text\"":\""24946\""},{\""type\"":\""JURISDICTION_NAME\"",\""text\"":\""Canada (Federal)\""},{\""type\"":\""COLLECTION_NAME\"",\""text\"":\""Supreme Court of Canada\""}]"",
    ""jurisdictionId"": ""ca"",
    ""citedCount"": 58
  }
]"
https://canlii.ca/t/1fr2l,"[
  {
    ""id"": ""1997csc-scc25"",
    ""docType"": ""DECISION"",
    ""path"": ""/en/ca/scc/doc/1997/1997canlii378/1997canlii378.html"",
    ""docTitle"": ""Toronto (City) Board of Education v. O.S.S.T.F., District 15"",
    ""autoCompletions"": ""[{\""type\"":\""DECISION_CANLII_REFERENCE\"",\""text\"":\""1997 CanLII 378 (SCC)\""},{\""type\"":\""DECISION_CANLII_REFERENCE\"",\""text\"":\""1997 CanLII 378 (CSC)\""},{\""type\"":\""MAIN_TITLE\"",\""text\"":\""Toronto (City) Board of Education v. O.S.S.T.F., District 15\""},{\""type\"":\""DECISION_OFFICIAL_REPORT_REFERENCE\"",\""text\"":\""[1997] 1 SCR 487\""},{\""type\"":\""DECISION_OFFICIAL_REPORT_REFERENCE\"",\""text\"":\""[1997] 1 RCS 487\""},{\""type\"":\""DECISION_OTHER_REFERENCES\"",\""text\"":\"" REJB 1997-00226\""},{\""type\"":\""DECISION_OTHER_REFERENCES\"",\""text\"":\""144 DLR (4th) 385\""},{\""type\"":\""DECISION_OTHER_REFERENCES\"",\""text\"":\"" 208 NR 245\""},{\""type\"":\""DECISION_OTHER_REFERENCES\"",\""text\"":\"" 69 ACWS (3d) 221\""},{\""type\"":\""DECISION_OTHER_REFERENCES\"",\""text\"":\"" 98 OAC 241\""},{\""type\"":\""DECISION_OTHER_REFERENCES\"",\""text\"":\"" AZ-97111021\""},{\""type\"":\""DECISION_OTHER_REFERENCES\"",\""text\"":\"" 25 CCEL (2d) 153\""},{\""type\"":\""DECISION_OTHER_REFERENCES\"",\""text\"":\"" 44 Admin LR (2d) 1\""},{\""type\"":\""DECISION_OTHER_REFERENCES\"",\""text\"":\"" DTE 97T-306\""},{\""type\"":\""DECISION_OTHER_REFERENCES\"",\""text\"":\"" [1997] CarswellOnt 244\""},{\""type\"":\""DECISION_OTHER_REFERENCES\"",\""text\"":\"" EYB 1997-00226\""},{\""type\"":\""DECISION_OTHER_REFERENCES\"",\""text\"":\"" JE 97-570\""},{\""type\"":\""DECISION_OTHER_REFERENCES\"",\""text\"":\"" [1997] SCJ No 27 (QL)\""},{\""type\"":\""DECISION_OTHER_REFERENCES\"",\""text\"":\"" [1997] ACS no 27\""},{\""type\"":\""DECISION_ALTERNATE_TITLE\"",\""text\"":\""Board of Education of Toronto v. Ontario Secondary School Teachers' Federation District 15\""},{\""type\"":\""DECISION_ALTERNATE_TITLE\"",\""text\"":\""Toronto (City) Board of Education v. O.S.T.F., District 15\""},{\""type\"":\""DECISION_ALTERNATE_TITLE\"",\""text\"":\""Conseil de l'éducation de Toronto (Cité) c. F.E.E.E.S.O., district 15\""},{\""type\"":\""DECISION_DOCKET_NUMBER\"",\""text\"":\""24724\""},{\""type\"":\""JURISDICTION_NAME\"",\""text\"":\""Canada (Federal)\""},{\""type\"":\""COLLECTION_NAME\"",\""text\"":\""Supreme Court of Canada\""}]"",
    ""jurisdictionId"": ""ca"",
    ""citedCount"": 1789
  }
]"
https://canlii.ca/t/1fr32,"[
  {
    ""id"": ""1997csc-scc32"",
    ""docType"": ""DECISION"",
    ""path"": ""/en/ca/scc/doc/1997/1997canlii384/1997canlii384.html"",
    ""docTitle"": ""R. v. Stillman"",
    ""autoCompletions"": ""[{\""type\"":\""DECISION_CANLII_REFERENCE\"",\""text\"":\""1997 CanLII 384 (SCC)\""},{\""type\"":\""DECISION_CANLII_REFERENCE\"",\""text\"":\""1997 CanLII 384 (CSC)\""},{\""type\"":\""MAIN_TITLE\"",\""text\"":\""R. v. Stillman\""},{\""type\"":\""DECISION_OFFICIAL_REPORT_REFERENCE\"",\""text\"":\""[1997] 1 SCR 607\""},{\""type\"":\""DECISION_OFFICIAL_REPORT_REFERENCE\"",\""text\"":\""[1997] 1 RCS 607\""},{\""type\"":\""DECISION_OTHER_REFERENCES\"",\""text\"":\""185 NBR (2d) 1\""},{\""type\"":\""DECISION_OTHER_REFERENCES\"",\""text\"":\"" 144 DLR (4th) 193\""},{\""type\"":\""DECISION_OTHER_REFERENCES\"",\""text\"":\"" 209 NR 81\""},{\""type\"":\""DECISION_OTHER_REFERENCES\"",\""text\"":\"" 472 APR 1\""},{\""type\"":\""DECISION_OTHER_REFERENCES\"",\""text\"":\"" AZ-97111034\""},{\""type\"":\""DECISION_OTHER_REFERENCES\"",\""text\"":\"" 113 CCC (3d) 321\""},{\""type\"":\""DECISION_OTHER_REFERENCES\"",\""text\"":\"" 5 CR (5th) 1\""},{\""type\"":\""DECISION_OTHER_REFERENCES\"",\""text\"":\"" 33 WCB (2d) 490\""},{\""type\"":\""DECISION_OTHER_REFERENCES\"",\""text\"":\"" 42 CRR (2d) 189\""},{\""type\"":\""DECISION_OTHER_REFERENCES\"",\""text\"":\"" [1997] CarswellNB 107\""},{\""type\"":\""DECISION_OTHER_REFERENCES\"",\""text\"":\"" JE 97-704\""},{\""type\"":\""DECISION_OTHER_REFERENCES\"",\""text\"":\"" [1997] SCJ No 34 (QL)\""},{\""type\"":\""DECISION_OTHER_REFERENCES\"",\""text\"":\"" [1997] ACS no 34\""},{\""type\"":\""DECISION_OTHER_REFERENCES\"",\""text\"":\""185 RNB (2d) 1\""},{\""type\"":\""DECISION_ALTERNATE_TITLE\"",\""text\"":\""R. v. Stillman (W.W.D.)\""},{\""type\"":\""DECISION_ALTERNATE_TITLE\"",\""text\"":\""R. c. Stillman\""},{\""type\"":\""DECISION_DOCKET_NUMBER\"",\""text\"":\""24631\""},{\""type\"":\""JURISDICTION_NAME\"",\""text\"":\""Canada (Federal)\""},{\""type\"":\""COLLECTION_NAME\"",\""text\"":\""Supreme Court of Canada\""}]"",
    ""jurisdictionId"": ""ca"",
    ""citedCount"": 2216
  }
]"
https://canlii.ca/t/1fr34,"[
  {
    ""id"": ""1997csc-scc33"",
    ""docType"": ""DECISION"",
    ""path"": ""/en/ca/scc/doc/1997/1997canlii385/1997canlii385.html"",
    ""docTitle"": ""Canada (Director of Investigation and Research) v. Southam Inc."",
    ""autoCompletions"": ""[{\""type\"":\""DECISION_CANLII_REFERENCE\"",\""text\"":\""1997 CanLII 385 (SCC)\""},{\""type\"":\""DECISION_CANLII_REFERENCE\"",\""text\"":\""1997 CanLII 385 (CSC)\""},{\""type\"":\""MAIN_TITLE\"",\""text\"":\""Canada (Director of Investigation and Research) v. Southam Inc.\""},{\""type\"":\""DECISION_OFFICIAL_REPORT_REFERENCE\"",\""text\"":\""[1997] 1 SCR 748\""},{\""type\"":\""DECISION_OFFICIAL_REPORT_REFERENCE\"",\""text\"":\""[1997] 1 RCS 748\""},{\""type\"":\""DECISION_OTHER_REFERENCES\"",\""text\"":\"" REJB 1997-00386\""},{\""type\"":\""DECISION_OTHER_REFERENCES\"",\""text\"":\""144 DLR (4th) 1\""},{\""type\"":\""DECISION_OTHER_REFERENCES\"",\""text\"":\"" 209 NR 20\""},{\""type\"":\""DECISION_OTHER_REFERENCES\"",\""text\"":\"" 69 ACWS (3d) 586\""},{\""type\"":\""DECISION_OTHER_REFERENCES\"",\""text\"":\"" AZ-97111037\""},{\""type\"":\""DECISION_OTHER_REFERENCES\"",\""text\"":\"" 50 Admin LR (2d) 199\""},{\""type\"":\""DECISION_OTHER_REFERENCES\"",\""text\"":\"" 71 CPR (3d) 417\""},{\""type\"":\""DECISION_OTHER_REFERENCES\"",\""text\"":\"" [1997] CarswellNat 368\""},{\""type\"":\""DECISION_OTHER_REFERENCES\"",\""text\"":\"" EYB 1997-00386\""},{\""type\"":\""DECISION_OTHER_REFERENCES\"",\""text\"":\"" JE 97-632\""},{\""type\"":\""DECISION_OTHER_REFERENCES\"",\""text\"":\"" [1996] SCJ No 116 (QL)\""},{\""type\"":\""DECISION_OTHER_REFERENCES\"",\""text\"":\"" [1996] ACS no 116\""},{\""type\"":\""DECISION_ALTERNATE_TITLE\"",\""text\"":\""Canada (Director of Investigation & Research) v. Southam Inc.\""},{\""type\"":\""DECISION_ALTERNATE_TITLE\"",\""text\"":\""Canada (Directeur des enquêtes et recherches) c. Southam Inc.\""},{\""type\"":\""DECISION_DOCKET_NUMBER\"",\""text\"":\""24915\""},{\""type\"":\""JURISDICTION_NAME\"",\""text\"":\""Canada (Federal)\""},{\""type\"":\""COLLECTION_NAME\"",\""text\"":\""Supreme Court of Canada\""}]"",
    ""jurisdictionId"": ""ca"",
    ""citedCount"": 3816
  }
]"
https://canlii.ca/t/1fr38,"[
  {
    ""id"": ""1997csc-scc35"",
    ""docType"": ""DECISION"",
    ""path"": ""/en/ca/scc/doc/1997/1997canlii387/1997canlii387.html"",
    ""docTitle"": ""Farber v. Royal Trust Co."",
    ""autoCompletions"": ""[{\""type\"":\""DECISION_CANLII_REFERENCE\"",\""text\"":\""1997 CanLII 387 (SCC)\""},{\""type\"":\""DECISION_CANLII_REFERENCE\"",\""text\"":\""1997 CanLII 387 (CSC)\""},{\""type\"":\""MAIN_TITLE\"",\""text\"":\""Farber v. Royal Trust Co.\""},{\""type\"":\""DECISION_OFFICIAL_REPORT_REFERENCE\"",\""text\"":\""[1997] 1 SCR 846\""},{\""type\"":\""DECISION_OFFICIAL_REPORT_REFERENCE\"",\""text\"":\""[1997] 1 RCS 846\""},{\""type\"":\""DECISION_OTHER_REFERENCES\"",\""text\"":\""145 DLR (4th) 1\""},{\""type\"":\""DECISION_OTHER_REFERENCES\"",\""text\"":\"" 210 NR 161\""},{\""type\"":\""DECISION_OTHER_REFERENCES\"",\""text\"":\"" 69 ACWS (3d) 1078\""},{\""type\"":\""DECISION_OTHER_REFERENCES\"",\""text\"":\"" AZ-97111041\""},{\""type\"":\""DECISION_OTHER_REFERENCES\"",\""text\"":\"" 27 CCEL (2d) 163\""},{\""type\"":\""DECISION_OTHER_REFERENCES\"",\""text\"":\"" JE 97-774\""},{\""type\"":\""DECISION_OTHER_REFERENCES\"",\""text\"":\"" [1996] SCJ No 118 (QL)\""},{\""type\"":\""DECISION_OTHER_REFERENCES\"",\""text\"":\"" [1996] ACS no 118\""},{\""type\"":\""DECISION_ALTERNATE_TITLE\"",\""text\"":\""Farber c. Royal Trust Co.\""},{\""type\"":\""DECISION_ALTERNATE_TITLE\"",\""text\"":\""Farber c. Cie Trust Royal\""},{\""type\"":\""DECISION_DOCKET_NUMBER\"",\""text\"":\""24885\""},{\""type\"":\""JURISDICTION_NAME\"",\""text\"":\""Canada (Federal)\""},{\""type\"":\""COLLECTION_NAME\"",\""text\"":\""Supreme Court of Canada\""}]"",
    ""jurisdictionId"": ""ca"",
    ""citedCount"": 1165
  }
]"
https://canlii.ca/t/1fr3p,"[
  {
    ""id"": ""1997csc-scc9"",
    ""docType"": ""DECISION"",
    ""path"": ""/en/ca/scc/doc/1997/1997canlii402/1997canlii402.html"",
    ""docTitle"": ""R. v. Carosella"",
    ""autoCompletions"": ""[{\""type\"":\""DECISION_CANLII_REFERENCE\"",\""text\"":\""1997 CanLII 402 (SCC)\""},{\""type\"":\""DECISION_CANLII_REFERENCE\"",\""text\"":\""1997 CanLII 402 (CSC)\""},{\""type\"":\""MAIN_TITLE\"",\""text\"":\""R. v. Carosella\""},{\""type\"":\""DECISION_OFFICIAL_REPORT_REFERENCE\"",\""text\"":\""[1997] 1 SCR 80\""},{\""type\"":\""DECISION_OFFICIAL_REPORT_REFERENCE\"",\""text\"":\""[1997] 1 RCS 80\""},{\""type\"":\""DECISION_OTHER_REFERENCES\"",\""text\"":\"" REJB 1997-00069\""},{\""type\"":\""DECISION_OTHER_REFERENCES\"",\""text\"":\""31 OR (3d) 575\""},{\""type\"":\""DECISION_OTHER_REFERENCES\"",\""text\"":\"" 142 DLR (4th) 595\""},{\""type\"":\""DECISION_OTHER_REFERENCES\"",\""text\"":\"" 207 NR 321\""},{\""type\"":\""DECISION_OTHER_REFERENCES\"",\""text\"":\"" 98 OAC 81\""},{\""type\"":\""DECISION_OTHER_REFERENCES\"",\""text\"":\"" AZ-97111012\""},{\""type\"":\""DECISION_OTHER_REFERENCES\"",\""text\"":\"" 112 CCC (3d) 289\""},{\""type\"":\""DECISION_OTHER_REFERENCES\"",\""text\"":\"" 4 CR (5th) 139\""},{\""type\"":\""DECISION_OTHER_REFERENCES\"",\""text\"":\"" 33 WCB (2d) 226\""},{\""type\"":\""DECISION_OTHER_REFERENCES\"",\""text\"":\"" 41 CRR (2d) 189\""},{\""type\"":\""DECISION_OTHER_REFERENCES\"",\""text\"":\"" [1997] CarswellOnt 85\""},{\""type\"":\""DECISION_OTHER_REFERENCES\"",\""text\"":\"" EYB 1997-00069\""},{\""type\"":\""DECISION_OTHER_REFERENCES\"",\""text\"":\"" JE 97-358\""},{\""type\"":\""DECISION_OTHER_REFERENCES\"",\""text\"":\"" [1997] SCJ No 12 (QL)\""},{\""type\"":\""DECISION_OTHER_REFERENCES\"",\""text\"":\"" [1997] ACS no 12\""},{\""type\"":\""DECISION_ALTERNATE_TITLE\"",\""text\"":\""R. c. Carosella\""},{\""type\"":\""DECISION_DOCKET_NUMBER\"",\""text\"":\""24974\""},{\""type\"":\""JURISDICTION_NAME\"",\""text\"":\""Canada (Federal)\""},{\""type\"":\""COLLECTION_NAME\"",\""text\"":\""Supreme Court of Canada\""}]"",
    ""jurisdictionId"": ""ca"",
    ""citedCount"": 954
  }
]"
https://canlii.ca/t/1fr3z,"[
  {
    ""id"": ""1997csc-scc13"",
    ""docType"": ""DECISION"",
    ""path"": ""/en/ca/scc/doc/1997/1997canlii366/1997canlii366.html"",
    ""docTitle"": ""Eaton v. Brant County Board of Education"",
    ""autoCompletions"": ""[{\""type\"":\""DECISION_CANLII_REFERENCE\"",\""text\"":\""1997 CanLII 366 (SCC)\""},{\""type\"":\""DECISION_CANLII_REFERENCE\"",\""text\"":\""1997 CanLII 366 (CSC)\""},{\""type\"":\""MAIN_TITLE\"",\""text\"":\""Eaton v. Brant County Board of Education\""},{\""type\"":\""DECISION_OFFICIAL_REPORT_REFERENCE\"",\""text\"":\""[1997] 1 SCR 241\""},{\""type\"":\""DECISION_OFFICIAL_REPORT_REFERENCE\"",\""text\"":\""[1997] 1 RCS 241\""},{\""type\"":\""DECISION_OTHER_REFERENCES\"",\""text\"":\"" REJB 1996-00051\""},{\""type\"":\""DECISION_OTHER_REFERENCES\"",\""text\"":\""31 OR (3d) 574\""},{\""type\"":\""DECISION_OTHER_REFERENCES\"",\""text\"":\"" 142 DLR (4th) 385\""},{\""type\"":\""DECISION_OTHER_REFERENCES\"",\""text\"":\"" 207 NR 171\""},{\""type\"":\""DECISION_OTHER_REFERENCES\"",\""text\"":\"" 68 ACWS (3d) 863\""},{\""type\"":\""DECISION_OTHER_REFERENCES\"",\""text\"":\"" 97 OAC 161\""},{\""type\"":\""DECISION_OTHER_REFERENCES\"",\""text\"":\"" AZ-97111013\""},{\""type\"":\""DECISION_OTHER_REFERENCES\"",\""text\"":\"" 41 CRR (2d) 240\""},{\""type\"":\""DECISION_OTHER_REFERENCES\"",\""text\"":\"" EYB 1996-00051\""},{\""type\"":\""DECISION_OTHER_REFERENCES\"",\""text\"":\"" JE 97-344\""},{\""type\"":\""DECISION_OTHER_REFERENCES\"",\""text\"":\"" [1996] SCJ No 98 (QL)\""},{\""type\"":\""DECISION_OTHER_REFERENCES\"",\""text\"":\"" [1996] ACS no 98\""},{\""type\"":\""DECISION_ALTERNATE_TITLE\"",\""text\"":\""Eaton v. Board of Education of Brant County\""},{\""type\"":\""DECISION_ALTERNATE_TITLE\"",\""text\"":\""Eaton v. Brant (County) Board of Education\""},{\""type\"":\""DECISION_ALTERNATE_TITLE\"",\""text\"":\""Eaton c. Conseil scolaire du comté de Brant\""},{\""type\"":\""DECISION_DOCKET_NUMBER\"",\""text\"":\""24668\""},{\""type\"":\""JURISDICTION_NAME\"",\""text\"":\""Canada (Federal)\""},{\""type\"":\""COLLECTION_NAME\"",\""text\"":\""Supreme Court of Canada\""}]"",
    ""jurisdictionId"": ""ca"",
    ""citedCount"": 533
  }
]"
https://canlii.ca/t/1fr4m,"[
  {
    ""id"": ""1997csc-scc23"",
    ""docType"": ""DECISION"",
    ""path"": ""/en/ca/scc/doc/1997/1997canlii376/1997canlii376.html"",
    ""docTitle"": ""Benner v. Canada (Secretary of State)"",
    ""autoCompletions"": ""[{\""type\"":\""DECISION_CANLII_REFERENCE\"",\""text\"":\""1997 CanLII 376 (SCC)\""},{\""type\"":\""DECISION_CANLII_REFERENCE\"",\""text\"":\""1997 CanLII 376 (CSC)\""},{\""type\"":\""MAIN_TITLE\"",\""text\"":\""Benner v. Canada (Secretary of State)\""},{\""type\"":\""DECISION_OFFICIAL_REPORT_REFERENCE\"",\""text\"":\""[1997] 1 SCR 358\""},{\""type\"":\""DECISION_OFFICIAL_REPORT_REFERENCE\"",\""text\"":\""[1997] 1 RCS 358\""},{\""type\"":\""DECISION_OTHER_REFERENCES\"",\""text\"":\""125 FTR 240\""},{\""type\"":\""DECISION_OTHER_REFERENCES\"",\""text\"":\"" 143 DLR (4th) 577\""},{\""type\"":\""DECISION_OTHER_REFERENCES\"",\""text\"":\"" 208 NR 81\""},{\""type\"":\""DECISION_OTHER_REFERENCES\"",\""text\"":\"" 69 ACWS (3d) 233\""},{\""type\"":\""DECISION_OTHER_REFERENCES\"",\""text\"":\"" 37 Imm LR (2d) 195\""},{\""type\"":\""DECISION_OTHER_REFERENCES\"",\""text\"":\"" 42 CRR (2d) 1\""},{\""type\"":\""DECISION_OTHER_REFERENCES\"",\""text\"":\"" JE 97-493\""},{\""type\"":\""DECISION_OTHER_REFERENCES\"",\""text\"":\"" [1997] SCJ No 26 (QL)\""},{\""type\"":\""DECISION_OTHER_REFERENCES\"",\""text\"":\"" [1997] ACS no 26\""},{\""type\"":\""DECISION_ALTERNATE_TITLE\"",\""text\"":\""Benner c. Canada (Secrétaire d'État)\""},{\""type\"":\""DECISION_DOCKET_NUMBER\"",\""text\"":\""23811\""},{\""type\"":\""JURISDICTION_NAME\"",\""text\"":\""Canada (Federal)\""},{\""type\"":\""COLLECTION_NAME\"",\""text\"":\""Supreme Court of Canada\""}]"",
    ""jurisdictionId"": ""ca"",
    ""citedCount"": 301
  }
]"
https://canlii.ca/t/1fr71,"[
  {
    ""id"": ""1996csc-scc78"",
    ""docType"": ""DECISION"",
    ""path"": ""/en/ca/scc/doc/1996/1996canlii164/1996canlii164.html"",
    ""docTitle"": ""Ontario Home Builders' Association v. York Region Board of Education"",
    ""autoCompletions"": ""[{\""type\"":\""DECISION_CANLII_REFERENCE\"",\""text\"":\""1996 CanLII 164 (SCC)\""},{\""type\"":\""DECISION_CANLII_REFERENCE\"",\""text\"":\""1996 CanLII 164 (CSC)\""},{\""type\"":\""MAIN_TITLE\"",\""text\"":\""Ontario Home Builders' Association v. York Region Board of Education\""},{\""type\"":\""DECISION_OFFICIAL_REPORT_REFERENCE\"",\""text\"":\""[1996] 2 SCR 929\""},{\""type\"":\""DECISION_OFFICIAL_REPORT_REFERENCE\"",\""text\"":\""[1996] 2 RCS 929\""},{\""type\"":\""DECISION_OTHER_REFERENCES\"",\""text\"":\""29 OR (3d) 320\""},{\""type\"":\""DECISION_OTHER_REFERENCES\"",\""text\"":\"" 137 DLR (4th) 449\""},{\""type\"":\""DECISION_OTHER_REFERENCES\"",\""text\"":\"" 201 NR 81\""},{\""type\"":\""DECISION_OTHER_REFERENCES\"",\""text\"":\"" [1996] SCJ No 80 (QL)\""},{\""type\"":\""DECISION_OTHER_REFERENCES\"",\""text\"":\"" 35 MPLR (2d) 1\""},{\""type\"":\""DECISION_OTHER_REFERENCES\"",\""text\"":\"" 4 RPR (3d) 1\""},{\""type\"":\""DECISION_ALTERNATE_TITLE\"",\""text\"":\""Ontario Home Builders' Assn. v. York Region Board of Education\""},{\""type\"":\""DECISION_ALTERNATE_TITLE\"",\""text\"":\""Ontario Home Builders' Association c. Conseil scolaire de la région de York\""},{\""type\"":\""DECISION_DOCKET_NUMBER\"",\""text\"":\""24085\""},{\""type\"":\""JURISDICTION_NAME\"",\""text\"":\""Canada (Federal)\""},{\""type\"":\""COLLECTION_NAME\"",\""text\"":\""Supreme Court of Canada\""}]"",
    ""jurisdictionId"": ""ca"",
    ""citedCount"": 120
  }
]"
https://canlii.ca/t/1fr7d,"[
  {
    ""id"": ""1996csc-scc84"",
    ""docType"": ""DECISION"",
    ""path"": ""/en/ca/scc/doc/1996/1996canlii170/1996canlii170.html"",
    ""docTitle"": ""R. v. Côté"",
    ""autoCompletions"": ""[{\""type\"":\""DECISION_CANLII_REFERENCE\"",\""text\"":\""1996 CanLII 170 (SCC)\""},{\""type\"":\""DECISION_CANLII_REFERENCE\"",\""text\"":\""1996 CanLII 170 (CSC)\""},{\""type\"":\""MAIN_TITLE\"",\""text\"":\""R. v. Côté\""},{\""type\"":\""DECISION_OFFICIAL_REPORT_REFERENCE\"",\""text\"":\""[1996] 3 SCR 139\""},{\""type\"":\""DECISION_OFFICIAL_REPORT_REFERENCE\"",\""text\"":\""[1996] 3 RCS 139\""},{\""type\"":\""DECISION_OTHER_REFERENCES\"",\""text\"":\""138 DLR (4th) 385\""},{\""type\"":\""DECISION_OTHER_REFERENCES\"",\""text\"":\"" 202 NR 161\""},{\""type\"":\""DECISION_OTHER_REFERENCES\"",\""text\"":\"" 65 ACWS (3d) 760\""},{\""type\"":\""DECISION_OTHER_REFERENCES\"",\""text\"":\"" 110 CCC (3d) 122\""},{\""type\"":\""DECISION_OTHER_REFERENCES\"",\""text\"":\"" [1996] 4 CNLR 26\""},{\""type\"":\""DECISION_OTHER_REFERENCES\"",\""text\"":\"" [1996] SCJ No 93 (QL)\""},{\""type\"":\""DECISION_OTHER_REFERENCES\"",\""text\"":\"" [1996] ACS no 93\""},{\""type\"":\""DECISION_ALTERNATE_TITLE\"",\""text\"":\""R. v. Cote\""},{\""type\"":\""DECISION_ALTERNATE_TITLE\"",\""text\"":\""R. c. Côté\""},{\""type\"":\""DECISION_DOCKET_NUMBER\"",\""text\"":\""23707\""},{\""type\"":\""JURISDICTION_NAME\"",\""text\"":\""Canada (Federal)\""},{\""type\"":\""COLLECTION_NAME\"",\""text\"":\""Supreme Court of Canada\""}]"",
    ""jurisdictionId"": ""ca"",
    ""citedCount"": 330
  }
]"
https://canlii.ca/t/1fr7q,"[
  {
    ""id"": ""1996csc-scc89"",
    ""docType"": ""DECISION"",
    ""path"": ""/en/ca/scc/doc/1996/1996canlii175/1996canlii175.html"",
    ""docTitle"": ""Guimond v. Quebec (Attorney General)"",
    ""autoCompletions"": ""[{\""type\"":\""DECISION_CANLII_REFERENCE\"",\""text\"":\""1996 CanLII 175 (SCC)\""},{\""type\"":\""DECISION_CANLII_REFERENCE\"",\""text\"":\""1996 CanLII 175 (CSC)\""},{\""type\"":\""MAIN_TITLE\"",\""text\"":\""Guimond v. Quebec (Attorney General)\""},{\""type\"":\""DECISION_OFFICIAL_REPORT_REFERENCE\"",\""text\"":\""[1996] 3 SCR 347\""},{\""type\"":\""DECISION_OFFICIAL_REPORT_REFERENCE\"",\""text\"":\""[1996] 3 RCS 347\""},{\""type\"":\""DECISION_OTHER_REFERENCES\"",\""text\"":\""138 DLR (4th) 647\""},{\""type\"":\""DECISION_OTHER_REFERENCES\"",\""text\"":\"" 201 NR 380\""},{\""type\"":\""DECISION_OTHER_REFERENCES\"",\""text\"":\"" 65 ACWS (3d) 718\""},{\""type\"":\""DECISION_OTHER_REFERENCES\"",\""text\"":\"" AZ-96111109\""},{\""type\"":\""DECISION_OTHER_REFERENCES\"",\""text\"":\"" 110 CCC (3d) 223\""},{\""type\"":\""DECISION_OTHER_REFERENCES\"",\""text\"":\"" 32 WCB (2d) 89\""},{\""type\"":\""DECISION_OTHER_REFERENCES\"",\""text\"":\"" 38 CRR (2d) 212\""},{\""type\"":\""DECISION_OTHER_REFERENCES\"",\""text\"":\"" 3 CPC (4th) 1\""},{\""type\"":\""DECISION_OTHER_REFERENCES\"",\""text\"":\"" 43 Admin LR (2d) 44\""},{\""type\"":\""DECISION_OTHER_REFERENCES\"",\""text\"":\"" JE 96-1983\""},{\""type\"":\""DECISION_OTHER_REFERENCES\"",\""text\"":\"" [1996] SCJ No 91 (QL)\""},{\""type\"":\""DECISION_OTHER_REFERENCES\"",\""text\"":\"" [1996] ACS no 91\""},{\""type\"":\""DECISION_OTHER_REFERENCES\"",\""text\"":\"" 22 MVR (3d) 251\""},{\""type\"":\""DECISION_ALTERNATE_TITLE\"",\""text\"":\""Guimond v. Quebec (Attorney General0\""},{\""type\"":\""DECISION_ALTERNATE_TITLE\"",\""text\"":\""Guimond c. Québec (Procureur général)\""},{\""type\"":\""DECISION_ALTERNATE_TITLE\"",\""text\"":\""Guimond c. Québec (Procureur général)\""},{\""type\"":\""DECISION_DOCKET_NUMBER\"",\""text\"":\""24625\""},{\""type\"":\""JURISDICTION_NAME\"",\""text\"":\""Canada (Federal)\""},{\""type\"":\""COLLECTION_NAME\"",\""text\"":\""Supreme Court of Canada\""}]"",
    ""jurisdictionId"": ""ca"",
    ""citedCount"": 315
  }
]"
https://canlii.ca/t/1fr87,"[
  {
    ""id"": ""1996csc-scc64"",
    ""docType"": ""DECISION"",
    ""path"": ""/en/ca/scc/doc/1996/1996canlii208/1996canlii208.html"",
    ""docTitle"": ""Béliveau St-Jacques v. Fédération des employées et employés de services publics inc."",
    ""autoCompletions"": ""[{\""type\"":\""DECISION_CANLII_REFERENCE\"",\""text\"":\""1996 CanLII 208 (SCC)\""},{\""type\"":\""DECISION_CANLII_REFERENCE\"",\""text\"":\""1996 CanLII 208 (CSC)\""},{\""type\"":\""MAIN_TITLE\"",\""text\"":\""Béliveau St-Jacques v. Fédération des employées et employés de services publics inc.\""},{\""type\"":\""DECISION_OFFICIAL_REPORT_REFERENCE\"",\""text\"":\""[1996] 2 SCR 345\""},{\""type\"":\""DECISION_OFFICIAL_REPORT_REFERENCE\"",\""text\"":\""[1996] 2 RCS 345\""},{\""type\"":\""DECISION_OTHER_REFERENCES\"",\""text\"":\"" REJB 1996-67901\""},{\""type\"":\""DECISION_OTHER_REFERENCES\"",\""text\"":\""136 DLR (4th) 129\""},{\""type\"":\""DECISION_OTHER_REFERENCES\"",\""text\"":\"" 198 NR 1\""},{\""type\"":\""DECISION_OTHER_REFERENCES\"",\""text\"":\"" 63 ACWS (3d) 1211\""},{\""type\"":\""DECISION_OTHER_REFERENCES\"",\""text\"":\"" AZ-96111079\""},{\""type\"":\""DECISION_OTHER_REFERENCES\"",\""text\"":\"" [1996] RRA 537\""},{\""type\"":\""DECISION_OTHER_REFERENCES\"",\""text\"":\"" 36 CRR (2d) 189\""},{\""type\"":\""DECISION_OTHER_REFERENCES\"",\""text\"":\"" DTE 96T-773\""},{\""type\"":\""DECISION_OTHER_REFERENCES\"",\""text\"":\"" EYB 1996-67901\""},{\""type\"":\""DECISION_OTHER_REFERENCES\"",\""text\"":\"" JE 96-1376\""},{\""type\"":\""DECISION_OTHER_REFERENCES\"",\""text\"":\"" [1996] SCJ No 70 (QL)\""},{\""type\"":\""DECISION_ALTERNATE_TITLE\"",\""text\"":\""Béliveau St-Jacques v. Fédération des employées et employésde services publics inc.\""},{\""type\"":\""DECISION_ALTERNATE_TITLE\"",\""text\"":\""Beliveau St-Jacques v. Federation des employees et employes de services public inc.\""},{\""type\"":\""DECISION_ALTERNATE_TITLE\"",\""text\"":\""St. Jacques v. Fédération des employés de service publics inc.\""},{\""type\"":\""DECISION_ALTERNATE_TITLE\"",\""text\"":\""Béliveau St-Jacques c. Fédération des employées et employés de services publics inc.\""},{\""type\"":\""DECISION_DOCKET_NUMBER\"",\""text\"":\""22339\""},{\""type\"":\""JURISDICTION_NAME\"",\""text\"":\""Canada (Federal)\""},{\""type\"":\""COLLECTION_NAME\"",\""text\"":\""Supreme Court of Canada\""}]"",
    ""jurisdictionId"": ""ca"",
    ""citedCount"": 922
  }
]"
https://canlii.ca/t/1fr8m,"[
  {
    ""id"": ""1996csc-scc70"",
    ""docType"": ""DECISION"",
    ""path"": ""/en/ca/scc/doc/1996/1996canlii214/1996canlii214.html"",
    ""docTitle"": ""R. v. Goldhart"",
    ""autoCompletions"": ""[{\""type\"":\""DECISION_CANLII_REFERENCE\"",\""text\"":\""1996 CanLII 214 (SCC)\""},{\""type\"":\""DECISION_CANLII_REFERENCE\"",\""text\"":\""1996 CanLII 214 (CSC)\""},{\""type\"":\""MAIN_TITLE\"",\""text\"":\""R. v. Goldhart\""},{\""type\"":\""DECISION_OFFICIAL_REPORT_REFERENCE\"",\""text\"":\""[1996] 2 SCR 463\""},{\""type\"":\""DECISION_OFFICIAL_REPORT_REFERENCE\"",\""text\"":\""[1996] 2 RCS 463\""},{\""type\"":\""DECISION_OTHER_REFERENCES\"",\""text\"":\""28 OR (3d) 480\""},{\""type\"":\""DECISION_OTHER_REFERENCES\"",\""text\"":\"" 136 DLR (4th) 502\""},{\""type\"":\""DECISION_OTHER_REFERENCES\"",\""text\"":\"" 198 NR 321\""},{\""type\"":\""DECISION_OTHER_REFERENCES\"",\""text\"":\"" 92 OAC 161\""},{\""type\"":\""DECISION_OTHER_REFERENCES\"",\""text\"":\"" 107 CCC (3d) 481\""},{\""type\"":\""DECISION_OTHER_REFERENCES\"",\""text\"":\"" 48 CR (4th) 297\""},{\""type\"":\""DECISION_OTHER_REFERENCES\"",\""text\"":\"" 31 WCB (2d) 212\""},{\""type\"":\""DECISION_OTHER_REFERENCES\"",\""text\"":\"" 37 CRR (2d) 1\""},{\""type\"":\""DECISION_OTHER_REFERENCES\"",\""text\"":\"" [1996] CarswellOnt 2739\""},{\""type\"":\""DECISION_OTHER_REFERENCES\"",\""text\"":\"" JE 96-1406\""},{\""type\"":\""DECISION_OTHER_REFERENCES\"",\""text\"":\"" [1996] SCJ No 76 (QL)\""},{\""type\"":\""DECISION_ALTERNATE_TITLE\"",\""text\"":\""Regina v. Goldhart\""},{\""type\"":\""DECISION_ALTERNATE_TITLE\"",\""text\"":\""R. c. Goldhart\""},{\""type\"":\""DECISION_DOCKET_NUMBER\"",\""text\"":\""24835\""},{\""type\"":\""JURISDICTION_NAME\"",\""text\"":\""Canada (Federal)\""},{\""type\"":\""COLLECTION_NAME\"",\""text\"":\""Supreme Court of Canada\""}]"",
    ""jurisdictionId"": ""ca"",
    ""citedCount"": 488
  }
]"
https://canlii.ca/t/1frbh,"[
  {
    ""id"": ""1996csc-scc31"",
    ""docType"": ""DECISION"",
    ""path"": ""/en/ca/scc/doc/1996/1996canlii233/1996canlii233.html"",
    ""docTitle"": ""R. v. Robinson"",
    ""autoCompletions"": ""[{\""type\"":\""DECISION_CANLII_REFERENCE\"",\""text\"":\""1996 CanLII 233 (SCC)\""},{\""type\"":\""DECISION_CANLII_REFERENCE\"",\""text\"":\""1996 CanLII 233 (CSC)\""},{\""type\"":\""MAIN_TITLE\"",\""text\"":\""R. v. Robinson\""},{\""type\"":\""DECISION_OFFICIAL_REPORT_REFERENCE\"",\""text\"":\""[1996] 1 SCR 683\""},{\""type\"":\""DECISION_OFFICIAL_REPORT_REFERENCE\"",\""text\"":\""[1996] 1 RCS 683\""},{\""type\"":\""DECISION_OTHER_REFERENCES\"",\""text\"":\""133 DLR (4th) 42\""},{\""type\"":\""DECISION_OTHER_REFERENCES\"",\""text\"":\"" 194 NR 181\""},{\""type\"":\""DECISION_OTHER_REFERENCES\"",\""text\"":\"" [1996] 4 WWR 609\""},{\""type\"":\""DECISION_OTHER_REFERENCES\"",\""text\"":\"" 105 CCC (3d) 97\""},{\""type\"":\""DECISION_OTHER_REFERENCES\"",\""text\"":\"" 46 CR (4th) 1\""},{\""type\"":\""DECISION_OTHER_REFERENCES\"",\""text\"":\"" 72 BCAC 161\""},{\""type\"":\""DECISION_OTHER_REFERENCES\"",\""text\"":\"" 34 CRR (2d) 205\""},{\""type\"":\""DECISION_OTHER_REFERENCES\"",\""text\"":\"" JE 96-670\""},{\""type\"":\""DECISION_OTHER_REFERENCES\"",\""text\"":\"" [1996] SCJ No 32 (QL)\""},{\""type\"":\""DECISION_OTHER_REFERENCES\"",\""text\"":\"" [1996] ACS no 32\""},{\""type\"":\""DECISION_ALTERNATE_TITLE\"",\""text\"":\""R. c. Robinson\""},{\""type\"":\""DECISION_DOCKET_NUMBER\"",\""text\"":\""24302\""},{\""type\"":\""JURISDICTION_NAME\"",\""text\"":\""Canada (Federal)\""},{\""type\"":\""COLLECTION_NAME\"",\""text\"":\""Supreme Court of Canada\""}]"",
    ""jurisdictionId"": ""ca"",
    ""citedCount"": 311
  }
]"
https://canlii.ca/t/1frbp,"[
  {
    ""id"": ""1996csc-scc34"",
    ""docType"": ""DECISION"",
    ""path"": ""/en/ca/scc/doc/1996/1996canlii236/1996canlii236.html"",
    ""docTitle"": ""R. v. Badger"",
    ""autoCompletions"": ""[{\""type\"":\""DECISION_CANLII_REFERENCE\"",\""text\"":\""1996 CanLII 236 (SCC)\""},{\""type\"":\""DECISION_CANLII_REFERENCE\"",\""text\"":\""1996 CanLII 236 (CSC)\""},{\""type\"":\""MAIN_TITLE\"",\""text\"":\""R. v. Badger\""},{\""type\"":\""DECISION_OFFICIAL_REPORT_REFERENCE\"",\""text\"":\""[1996] 1 SCR 771\""},{\""type\"":\""DECISION_OFFICIAL_REPORT_REFERENCE\"",\""text\"":\""[1996] 1 RCS 771\""},{\""type\"":\""DECISION_OTHER_REFERENCES\"",\""text\"":\"" REJB 1996-66856\""},{\""type\"":\""DECISION_OTHER_REFERENCES\"",\""text\"":\""[1996] AWLD 454\""},{\""type\"":\""DECISION_OTHER_REFERENCES\"",\""text\"":\"" 133 DLR (4th) 324\""},{\""type\"":\""DECISION_OTHER_REFERENCES\"",\""text\"":\"" 195 NR 1\""},{\""type\"":\""DECISION_OTHER_REFERENCES\"",\""text\"":\"" 116 WAC 321\""},{\""type\"":\""DECISION_OTHER_REFERENCES\"",\""text\"":\"" [1996] 4 WWR 457\""},{\""type\"":\""DECISION_OTHER_REFERENCES\"",\""text\"":\"" 181 AR 321\""},{\""type\"":\""DECISION_OTHER_REFERENCES\"",\""text\"":\"" 37 Alta LR (3d) 153\""},{\""type\"":\""DECISION_OTHER_REFERENCES\"",\""text\"":\"" 105 CCC (3d) 289\""},{\""type\"":\""DECISION_OTHER_REFERENCES\"",\""text\"":\"" [1996] 2 CNLR 77\""},{\""type\"":\""DECISION_OTHER_REFERENCES\"",\""text\"":\"" 30 WCB (2d) 211\""},{\""type\"":\""DECISION_OTHER_REFERENCES\"",\""text\"":\"" [1996] CarswellAlta 587\""},{\""type\"":\""DECISION_OTHER_REFERENCES\"",\""text\"":\"" EYB 1996-66856\""},{\""type\"":\""DECISION_OTHER_REFERENCES\"",\""text\"":\"" JE 96-737\""},{\""type\"":\""DECISION_OTHER_REFERENCES\"",\""text\"":\"" [1996] SCJ No 39 (QL)\""},{\""type\"":\""DECISION_OTHER_REFERENCES\"",\""text\"":\"" [1996] ACS no 39\""},{\""type\"":\""DECISION_ALTERNATE_TITLE\"",\""text\"":\""R. c. Badger\""},{\""type\"":\""DECISION_DOCKET_NUMBER\"",\""text\"":\""23603\""},{\""type\"":\""JURISDICTION_NAME\"",\""text\"":\""Canada (Federal)\""},{\""type\"":\""COLLECTION_NAME\"",\""text\"":\""Supreme Court of Canada\""}]"",
    ""jurisdictionId"": ""ca"",
    ""citedCount"": 603
  }
]"
https://canlii.ca/t/1frbr,"[
  {
    ""id"": ""1996csc-scc35"",
    ""docType"": ""DECISION"",
    ""path"": ""/en/ca/scc/doc/1996/1996canlii237/1996canlii237.html"",
    ""docTitle"": ""Ross v. New Brunswick School District No. 15"",
    ""autoCompletions"": ""[{\""type\"":\""DECISION_CANLII_REFERENCE\"",\""text\"":\""1996 CanLII 237 (SCC)\""},{\""type\"":\""DECISION_CANLII_REFERENCE\"",\""text\"":\""1996 CanLII 237 (CSC)\""},{\""type\"":\""MAIN_TITLE\"",\""text\"":\""Ross v. New Brunswick School District No. 15\""},{\""type\"":\""DECISION_OFFICIAL_REPORT_REFERENCE\"",\""text\"":\""[1996] 1 SCR 825\""},{\""type\"":\""DECISION_OFFICIAL_REPORT_REFERENCE\"",\""text\"":\""[1996] 1 RCS 825\""},{\""type\"":\""DECISION_OTHER_REFERENCES\"",\""text\"":\"" REJB 1996-80080\""},{\""type\"":\""DECISION_OTHER_REFERENCES\"",\""text\"":\""171 NBR (2d) 32\""},{\""type\"":\""DECISION_OTHER_REFERENCES\"",\""text\"":\"" 171 NBR (2d) 321\""},{\""type\"":\""DECISION_OTHER_REFERENCES\"",\""text\"":\"" 133 DLR (4th) 1\""},{\""type\"":\""DECISION_OTHER_REFERENCES\"",\""text\"":\"" 195 NR 81\""},{\""type\"":\""DECISION_OTHER_REFERENCES\"",\""text\"":\"" 437 APR 32\""},{\""type\"":\""DECISION_OTHER_REFERENCES\"",\""text\"":\"" 437 APR 321\""},{\""type\"":\""DECISION_OTHER_REFERENCES\"",\""text\"":\"" AZ-96111042\""},{\""type\"":\""DECISION_OTHER_REFERENCES\"",\""text\"":\"" 25 CHRR 175\""},{\""type\"":\""DECISION_OTHER_REFERENCES\"",\""text\"":\"" 35 CRR (2d) 1\""},{\""type\"":\""DECISION_OTHER_REFERENCES\"",\""text\"":\"" 37 Admin LR (2d) 131\""},{\""type\"":\""DECISION_OTHER_REFERENCES\"",\""text\"":\"" EYB 1996-80080\""},{\""type\"":\""DECISION_OTHER_REFERENCES\"",\""text\"":\"" JE 96-739\""},{\""type\"":\""DECISION_OTHER_REFERENCES\"",\""text\"":\"" [1996] SCJ No 40 (QL)\""},{\""type\"":\""DECISION_OTHER_REFERENCES\"",\""text\"":\"" [1996] ACS no 40\""},{\""type\"":\""DECISION_OTHER_REFERENCES\"",\""text\"":\""171 RNB (2d) 32\""},{\""type\"":\""DECISION_OTHER_REFERENCES\"",\""text\"":\"" 171 RNB (2d) 321\""},{\""type\"":\""DECISION_ALTERNATE_TITLE\"",\""text\"":\""Attis v. New Brunswick District No. 15 Board of Education\""},{\""type\"":\""DECISION_ALTERNATE_TITLE\"",\""text\"":\""Attis v. Board of School Trustees, District No. 15\""},{\""type\"":\""DECISION_ALTERNATE_TITLE\"",\""text\"":\""Attis v. Board of Education of District No. 15 et al.\""},{\""type\"":\""DECISION_ALTERNATE_TITLE\"",\""text\"":\""Ross v. New Brunswick School Dist. No. 15\""},{\""type\"":\""DECISION_ALTERNATE_TITLE\"",\""text\"":\""Ross c. Conseil scolaire du district no 15 du Nouveau-Brunswick\""},{\""type\"":\""DECISION_DOCKET_NUMBER\"",\""text\"":\""24002\""},{\""type\"":\""JURISDICTION_NAME\"",\""text\"":\""Canada (Federal)\""},{\""type\"":\""COLLECTION_NAME\"",\""text\"":\""Supreme Court of Canada\""}]"",
    ""jurisdictionId"": ""ca"",
    ""citedCount"": 630
  }
]"
https://canlii.ca/t/1frcq,"[
  {
    ""id"": ""1996csc-scc15"",
    ""docType"": ""DECISION"",
    ""path"": ""/en/ca/scc/doc/1996/1996canlii217/1996canlii217.html"",
    ""docTitle"": ""Schwartz v. Canada"",
    ""autoCompletions"": ""[{\""type\"":\""DECISION_CANLII_REFERENCE\"",\""text\"":\""1996 CanLII 217 (SCC)\""},{\""type\"":\""DECISION_CANLII_REFERENCE\"",\""text\"":\""1996 CanLII 217 (CSC)\""},{\""type\"":\""MAIN_TITLE\"",\""text\"":\""Schwartz v. Canada\""},{\""type\"":\""DECISION_OFFICIAL_REPORT_REFERENCE\"",\""text\"":\""[1996] 1 SCR 254\""},{\""type\"":\""DECISION_OFFICIAL_REPORT_REFERENCE\"",\""text\"":\""[1996] 1 RCS 254\""},{\""type\"":\""DECISION_OTHER_REFERENCES\"",\""text\"":\""133 DLR (4th) 289\""},{\""type\"":\""DECISION_OTHER_REFERENCES\"",\""text\"":\"" 193 NR 241\""},{\""type\"":\""DECISION_OTHER_REFERENCES\"",\""text\"":\"" 60 ACWS (3d) 1257\""},{\""type\"":\""DECISION_OTHER_REFERENCES\"",\""text\"":\"" [1996] 1 CTC 303\""},{\""type\"":\""DECISION_OTHER_REFERENCES\"",\""text\"":\"" 17 CCEL (2d) 141\""},{\""type\"":\""DECISION_OTHER_REFERENCES\"",\""text\"":\"" [1996] SCJ No 15 (QL)\""},{\""type\"":\""DECISION_OTHER_REFERENCES\"",\""text\"":\"" [1996] ACS no 15\""},{\""type\"":\""DECISION_OTHER_REFERENCES\"",\""text\"":\"" 50 DTC 6103\""},{\""type\"":\""DECISION_OTHER_REFERENCES\"",\""text\"":\"" 96 DTC 6103\""},{\""type\"":\""DECISION_ALTERNATE_TITLE\"",\""text\"":\""Schwartz v. R.\""},{\""type\"":\""DECISION_ALTERNATE_TITLE\"",\""text\"":\""Schwartz, A.M. v. The Queen\""},{\""type\"":\""DECISION_ALTERNATE_TITLE\"",\""text\"":\""Schwartz c. Canada\""},{\""type\"":\""DECISION_DOCKET_NUMBER\"",\""text\"":\""24093\""},{\""type\"":\""JURISDICTION_NAME\"",\""text\"":\""Canada (Federal)\""},{\""type\"":\""COLLECTION_NAME\"",\""text\"":\""Supreme Court of Canada\""}]"",
    ""jurisdictionId"": ""ca"",
    ""citedCount"": 828
  }
]"
https://canlii.ca/t/1frht,"[
  {
    ""id"": ""1995csc-scc52"",
    ""docType"": ""DECISION"",
    ""path"": ""/en/ca/scc/doc/1995/1995canlii101/1995canlii101.html"",
    ""docTitle"": ""British Columbia Telephone Co. v. Shaw Cable Systems (B.C.) Ltd."",
    ""autoCompletions"": ""[{\""type\"":\""DECISION_CANLII_REFERENCE\"",\""text\"":\""1995 CanLII 101 (SCC)\""},{\""type\"":\""DECISION_CANLII_REFERENCE\"",\""text\"":\""1995 CanLII 101 (CSC)\""},{\""type\"":\""MAIN_TITLE\"",\""text\"":\""British Columbia Telephone Co. v. Shaw Cable Systems (B.C.) Ltd.\""},{\""type\"":\""DECISION_OFFICIAL_REPORT_REFERENCE\"",\""text\"":\""[1995] 2 SCR 739\""},{\""type\"":\""DECISION_OFFICIAL_REPORT_REFERENCE\"",\""text\"":\""[1995] 2 RCS 739\""},{\""type\"":\""DECISION_OTHER_REFERENCES\"",\""text\"":\""125 DLR (4th) 443\""},{\""type\"":\""DECISION_OTHER_REFERENCES\"",\""text\"":\"" 183 NR 184\""},{\""type\"":\""DECISION_OTHER_REFERENCES\"",\""text\"":\"" 55 ACWS (3d) 937\""},{\""type\"":\""DECISION_OTHER_REFERENCES\"",\""text\"":\"" 31 Admin LR (2d) 169\""},{\""type\"":\""DECISION_OTHER_REFERENCES\"",\""text\"":\"" JE 95-1352\""},{\""type\"":\""DECISION_OTHER_REFERENCES\"",\""text\"":\"" [1995] SCJ No 54 (QL)\""},{\""type\"":\""DECISION_OTHER_REFERENCES\"",\""text\"":\"" [1995] ACS no 54\""},{\""type\"":\""DECISION_ALTERNATE_TITLE\"",\""text\"":\""British Columbia Telephones Co. v. Shaw Cable Systems (B.C.) Ltd.\""},{\""type\"":\""DECISION_ALTERNATE_TITLE\"",\""text\"":\""British Columbia Telephone Co. c. Shaw Cable Systems (B.C.) Ltd.\""},{\""type\"":\""DECISION_DOCKET_NUMBER\"",\""text\"":\""23717\""},{\""type\"":\""JURISDICTION_NAME\"",\""text\"":\""Canada (Federal)\""},{\""type\"":\""COLLECTION_NAME\"",\""text\"":\""Supreme Court of Canada\""}]"",
    ""jurisdictionId"": ""ca"",
    ""citedCount"": 159
  }
]"
https://canlii.ca/t/1frjn,"[
  {
    ""id"": ""1995csc-scc64"",
    ""docType"": ""DECISION"",
    ""path"": ""/en/ca/scc/doc/1995/1995canlii113/1995canlii113.html"",
    ""docTitle"": ""Cie minière Québec Cartier v. Quebec (Grievances arbitrator)"",
    ""autoCompletions"": ""[{\""type\"":\""DECISION_CANLII_REFERENCE\"",\""text\"":\""1995 CanLII 113 (SCC)\""},{\""type\"":\""DECISION_CANLII_REFERENCE\"",\""text\"":\""1995 CanLII 113 (CSC)\""},{\""type\"":\""MAIN_TITLE\"",\""text\"":\""Cie minière Québec Cartier v. Quebec (Grievances arbitrator)\""},{\""type\"":\""DECISION_OFFICIAL_REPORT_REFERENCE\"",\""text\"":\""[1995] 2 SCR 1095\""},{\""type\"":\""DECISION_OFFICIAL_REPORT_REFERENCE\"",\""text\"":\""[1995] 2 RCS 1095\""},{\""type\"":\""DECISION_OTHER_REFERENCES\"",\""text\"":\""125 DLR (4th) 577\""},{\""type\"":\""DECISION_OTHER_REFERENCES\"",\""text\"":\"" 183 NR 313\""},{\""type\"":\""DECISION_OTHER_REFERENCES\"",\""text\"":\"" AZ-95111087\""},{\""type\"":\""DECISION_OTHER_REFERENCES\"",\""text\"":\"" DTE 95T-881\""},{\""type\"":\""DECISION_OTHER_REFERENCES\"",\""text\"":\"" JE 95-1525\""},{\""type\"":\""DECISION_OTHER_REFERENCES\"",\""text\"":\"" [1995] SCJ No 65 (QL)\""},{\""type\"":\""DECISION_ALTERNATE_TITLE\"",\""text\"":\""Cie miniere Quebec Cartier v. Quebec (Grievances arbitrator)\""},{\""type\"":\""DECISION_ALTERNATE_TITLE\"",\""text\"":\""Cie minière Québec Cartier c. Québec (Arbitre des griefs)\""},{\""type\"":\""DECISION_DOCKET_NUMBER\"",\""text\"":\""23960\""},{\""type\"":\""JURISDICTION_NAME\"",\""text\"":\""Canada (Federal)\""},{\""type\"":\""COLLECTION_NAME\"",\""text\"":\""Supreme Court of Canada\""}]"",
    ""jurisdictionId"": ""ca"",
    ""citedCount"": 659
  }
]"
https://canlii.ca/t/1frkr,"[
  {
    ""id"": ""1995csc-scc48"",
    ""docType"": ""DECISION"",
    ""path"": ""/en/ca/scc/doc/1995/1995canlii97/1995canlii97.html"",
    ""docTitle"": ""Miron v. Trudel"",
    ""autoCompletions"": ""[{\""type\"":\""DECISION_CANLII_REFERENCE\"",\""text\"":\""1995 CanLII 97 (SCC)\""},{\""type\"":\""DECISION_CANLII_REFERENCE\"",\""text\"":\""1995 CanLII 97 (CSC)\""},{\""type\"":\""MAIN_TITLE\"",\""text\"":\""Miron v. Trudel\""},{\""type\"":\""DECISION_OFFICIAL_REPORT_REFERENCE\"",\""text\"":\""[1995] 2 SCR 418\""},{\""type\"":\""DECISION_OFFICIAL_REPORT_REFERENCE\"",\""text\"":\""[1995] 2 RCS 418\""},{\""type\"":\""DECISION_OTHER_REFERENCES\"",\""text\"":\""23 OR (3d) 160\""},{\""type\"":\""DECISION_OTHER_REFERENCES\"",\""text\"":\"" 124 DLR (4th) 693\""},{\""type\"":\""DECISION_OTHER_REFERENCES\"",\""text\"":\"" 181 NR 253\""},{\""type\"":\""DECISION_OTHER_REFERENCES\"",\""text\"":\"" 55 ACWS (3d) 630\""},{\""type\"":\""DECISION_OTHER_REFERENCES\"",\""text\"":\"" 81 OAC 253\""},{\""type\"":\""DECISION_OTHER_REFERENCES\"",\""text\"":\"" 13 RFL (4th) 1\""},{\""type\"":\""DECISION_OTHER_REFERENCES\"",\""text\"":\"" 29 CRR (2d) 189\""},{\""type\"":\""DECISION_OTHER_REFERENCES\"",\""text\"":\"" JE 95-1089\""},{\""type\"":\""DECISION_OTHER_REFERENCES\"",\""text\"":\"" [1995] SCJ No 44 (QL)\""},{\""type\"":\""DECISION_OTHER_REFERENCES\"",\""text\"":\"" 10 MVR (2d) 151\""},{\""type\"":\""DECISION_OTHER_REFERENCES\"",\""text\"":\"" [1995] ACS no 44\""},{\""type\"":\""DECISION_OTHER_REFERENCES\"",\""text\"":\"" [1995] ILR 3185\""},{\""type\"":\""DECISION_OTHER_REFERENCES\"",\""text\"":\"" 13 RJF (4th) 1\""},{\""type\"":\""DECISION_ALTERNATE_TITLE\"",\""text\"":\""Miron and Valliere v. Trudel\""},{\""type\"":\""DECISION_ALTERNATE_TITLE\"",\""text\"":\""Miron c. Trudel\""},{\""type\"":\""DECISION_DOCKET_NUMBER\"",\""text\"":\""22744\""},{\""type\"":\""JURISDICTION_NAME\"",\""text\"":\""Canada (Federal)\""},{\""type\"":\""COLLECTION_NAME\"",\""text\"":\""Supreme Court of Canada\""}]"",
    ""jurisdictionId"": ""ca"",
    ""citedCount"": 694
  }
]"
https://canlii.ca/t/1frkt,"[
  {
    ""id"": ""1995csc-scc49"",
    ""docType"": ""DECISION"",
    ""path"": ""/en/ca/scc/doc/1995/1995canlii98/1995canlii98.html"",
    ""docTitle"": ""Egan v. Canada"",
    ""autoCompletions"": ""[{\""type\"":\""DECISION_CANLII_REFERENCE\"",\""text\"":\""1995 CanLII 98 (SCC)\""},{\""type\"":\""DECISION_CANLII_REFERENCE\"",\""text\"":\""1995 CanLII 98 (CSC)\""},{\""type\"":\""MAIN_TITLE\"",\""text\"":\""Egan v. Canada\""},{\""type\"":\""DECISION_OFFICIAL_REPORT_REFERENCE\"",\""text\"":\""[1995] 2 SCR 513\""},{\""type\"":\""DECISION_OFFICIAL_REPORT_REFERENCE\"",\""text\"":\""[1995] 2 RCS 513\""},{\""type\"":\""DECISION_OTHER_REFERENCES\"",\""text\"":\""124 DLR (4th) 609\""},{\""type\"":\""DECISION_OTHER_REFERENCES\"",\""text\"":\"" 182 NR 161\""},{\""type\"":\""DECISION_OTHER_REFERENCES\"",\""text\"":\"" 96 FTR 80\""},{\""type\"":\""DECISION_OTHER_REFERENCES\"",\""text\"":\"" 12 RFL (4th) 201\""},{\""type\"":\""DECISION_OTHER_REFERENCES\"",\""text\"":\"" 29 CRR (2d) 79\""},{\""type\"":\""DECISION_OTHER_REFERENCES\"",\""text\"":\"" JE 95-1134\""},{\""type\"":\""DECISION_OTHER_REFERENCES\"",\""text\"":\"" [1995] SCJ No 43 (QL)\""},{\""type\"":\""DECISION_OTHER_REFERENCES\"",\""text\"":\"" 12 RJF (4th) 201\""},{\""type\"":\""DECISION_ALTERNATE_TITLE\"",\""text\"":\""Egan and Nesbit v. Canada\""},{\""type\"":\""DECISION_ALTERNATE_TITLE\"",\""text\"":\""Egan c. Canada\""},{\""type\"":\""DECISION_DOCKET_NUMBER\"",\""text\"":\""23636\""},{\""type\"":\""JURISDICTION_NAME\"",\""text\"":\""Canada (Federal)\""},{\""type\"":\""COLLECTION_NAME\"",\""text\"":\""Supreme Court of Canada\""}]"",
    ""jurisdictionId"": ""ca"",
    ""citedCount"": 768
  }
]"
https://canlii.ca/t/1frl0,"[
  {
    ""id"": ""1995csc-scc18"",
    ""docType"": ""DECISION"",
    ""path"": ""/en/ca/scc/doc/1995/1995canlii126/1995canlii126.html"",
    ""docTitle"": ""R. v. Chaplin"",
    ""autoCompletions"": ""[{\""type\"":\""DECISION_CANLII_REFERENCE\"",\""text\"":\""1995 CanLII 126 (SCC)\""},{\""type\"":\""DECISION_CANLII_REFERENCE\"",\""text\"":\""1995 CanLII 126 (CSC)\""},{\""type\"":\""MAIN_TITLE\"",\""text\"":\""R. v. Chaplin\""},{\""type\"":\""DECISION_OFFICIAL_REPORT_REFERENCE\"",\""text\"":\""[1995] 1 SCR 727\""},{\""type\"":\""DECISION_OFFICIAL_REPORT_REFERENCE\"",\""text\"":\""[1995] 1 RCS 727\""},{\""type\"":\""DECISION_OTHER_REFERENCES\"",\""text\"":\""178 NR 118\""},{\""type\"":\""DECISION_OTHER_REFERENCES\"",\""text\"":\"" 83 WAC 272\""},{\""type\"":\""DECISION_OTHER_REFERENCES\"",\""text\"":\"" AZ-95111029\""},{\""type\"":\""DECISION_OTHER_REFERENCES\"",\""text\"":\"" 162 AR 272\""},{\""type\"":\""DECISION_OTHER_REFERENCES\"",\""text\"":\"" 162 AR 274\""},{\""type\"":\""DECISION_OTHER_REFERENCES\"",\""text\"":\"" 27 Alta LR (3d) 1\""},{\""type\"":\""DECISION_OTHER_REFERENCES\"",\""text\"":\"" 36 CR (4th) 201\""},{\""type\"":\""DECISION_OTHER_REFERENCES\"",\""text\"":\"" 96 CCC (3d) 225\""},{\""type\"":\""DECISION_OTHER_REFERENCES\"",\""text\"":\"" 26 CRR (2d) 189\""},{\""type\"":\""DECISION_OTHER_REFERENCES\"",\""text\"":\"" 26 WCB (2d) 197\""},{\""type\"":\""DECISION_OTHER_REFERENCES\"",\""text\"":\"" [1995] CarswellAlta 408\""},{\""type\"":\""DECISION_OTHER_REFERENCES\"",\""text\"":\"" JE 95-459\""},{\""type\"":\""DECISION_OTHER_REFERENCES\"",\""text\"":\"" [1994] SCJ No 89 (QL)\""},{\""type\"":\""DECISION_OTHER_REFERENCES\"",\""text\"":\"" [1994] ACS no 89\""},{\""type\"":\""DECISION_ALTERNATE_TITLE\"",\""text\"":\""R. v. Chaplin (D.A.) et al.\""},{\""type\"":\""DECISION_ALTERNATE_TITLE\"",\""text\"":\""R. c. Chaplin\""},{\""type\"":\""DECISION_DOCKET_NUMBER\"",\""text\"":\""23865\""},{\""type\"":\""JURISDICTION_NAME\"",\""text\"":\""Canada (Federal)\""},{\""type\"":\""COLLECTION_NAME\"",\""text\"":\""Supreme Court of Canada\""}]"",
    ""jurisdictionId"": ""ca"",
    ""citedCount"": 1085
  }
]"
https://canlii.ca/t/1frm9,"[
  {
    ""id"": ""1995csc-scc4"",
    ""docType"": ""DECISION"",
    ""path"": ""/en/ca/scc/doc/1995/1995canlii148/1995canlii148.html"",
    ""docTitle"": ""Canadian Broadcasting Corp. v. Canada (Labour Relations Board)"",
    ""autoCompletions"": ""[{\""type\"":\""DECISION_CANLII_REFERENCE\"",\""text\"":\""1995 CanLII 148 (SCC)\""},{\""type\"":\""DECISION_CANLII_REFERENCE\"",\""text\"":\""1995 CanLII 148 (CSC)\""},{\""type\"":\""MAIN_TITLE\"",\""text\"":\""Canadian Broadcasting Corp. v. Canada (Labour Relations Board)\""},{\""type\"":\""DECISION_OFFICIAL_REPORT_REFERENCE\"",\""text\"":\""[1995] 1 SCR 157\""},{\""type\"":\""DECISION_OFFICIAL_REPORT_REFERENCE\"",\""text\"":\""[1995] 1 RCS 157\""},{\""type\"":\""DECISION_OTHER_REFERENCES\"",\""text\"":\""121 DLR (4th) 385\""},{\""type\"":\""DECISION_OTHER_REFERENCES\"",\""text\"":\"" 177 NR 1\""},{\""type\"":\""DECISION_OTHER_REFERENCES\"",\""text\"":\"" 52 ACWS (3d) 1258\""},{\""type\"":\""DECISION_OTHER_REFERENCES\"",\""text\"":\"" 27 Admin LR (2d) 1\""},{\""type\"":\""DECISION_OTHER_REFERENCES\"",\""text\"":\"" [1995] SCJ No 4 (QL)\""},{\""type\"":\""DECISION_OTHER_REFERENCES\"",\""text\"":\"" [1995] ACS no 4\""},{\""type\"":\""DECISION_ALTERNATE_TITLE\"",\""text\"":\""A.C.T.R.A. v. Canadian Broadcasting Corp.\""},{\""type\"":\""DECISION_ALTERNATE_TITLE\"",\""text\"":\""Société Radio-Canada c. Canada (Conseil des relations du travail)\""},{\""type\"":\""DECISION_DOCKET_NUMBER\"",\""text\"":\""23142\""},{\""type\"":\""JURISDICTION_NAME\"",\""text\"":\""Canada (Federal)\""},{\""type\"":\""COLLECTION_NAME\"",\""text\"":\""Supreme Court of Canada\""}]"",
    ""jurisdictionId"": ""ca"",
    ""citedCount"": 614
  }
]"
https://canlii.ca/t/1frmw,"[
  {
    ""id"": ""1995csc-scc13"",
    ""docType"": ""DECISION"",
    ""path"": ""/en/ca/scc/doc/1995/1995canlii121/1995canlii121.html"",
    ""docTitle"": ""R. v. S. (R.J.)"",
    ""autoCompletions"": ""[{\""type\"":\""DECISION_CANLII_REFERENCE\"",\""text\"":\""1995 CanLII 121 (SCC)\""},{\""type\"":\""DECISION_CANLII_REFERENCE\"",\""text\"":\""1995 CanLII 121 (CSC)\""},{\""type\"":\""MAIN_TITLE\"",\""text\"":\""R. v. S. (R.J.)\""},{\""type\"":\""DECISION_OFFICIAL_REPORT_REFERENCE\"",\""text\"":\""[1995] 1 SCR 451\""},{\""type\"":\""DECISION_OFFICIAL_REPORT_REFERENCE\"",\""text\"":\""[1995] 1 RCS 451\""},{\""type\"":\""DECISION_OTHER_REFERENCES\"",\""text\"":\""21 OR (3d) 797\""},{\""type\"":\""DECISION_OTHER_REFERENCES\"",\""text\"":\"" 121 DLR (4th) 589\""},{\""type\"":\""DECISION_OTHER_REFERENCES\"",\""text\"":\"" 177 NR 81\""},{\""type\"":\""DECISION_OTHER_REFERENCES\"",\""text\"":\"" 78 OAC 161\""},{\""type\"":\""DECISION_OTHER_REFERENCES\"",\""text\"":\"" 36 CR (4th) 1\""},{\""type\"":\""DECISION_OTHER_REFERENCES\"",\""text\"":\"" 96 CCC (3d) 1\""},{\""type\"":\""DECISION_OTHER_REFERENCES\"",\""text\"":\"" 26 CRR (2d) 1\""},{\""type\"":\""DECISION_OTHER_REFERENCES\"",\""text\"":\"" JE 95-457\""},{\""type\"":\""DECISION_OTHER_REFERENCES\"",\""text\"":\"" [1995] SCJ No 10 (QL)\""},{\""type\"":\""DECISION_ALTERNATE_TITLE\"",\""text\"":\""R. v. S.(R.J.)\""},{\""type\"":\""DECISION_ALTERNATE_TITLE\"",\""text\"":\""R. v. R.J.S.\""},{\""type\"":\""DECISION_ALTERNATE_TITLE\"",\""text\"":\""R. c. S. (R.J.)\""},{\""type\"":\""DECISION_DOCKET_NUMBER\"",\""text\"":\""23581\""},{\""type\"":\""JURISDICTION_NAME\"",\""text\"":\""Canada (Federal)\""},{\""type\"":\""COLLECTION_NAME\"",\""text\"":\""Supreme Court of Canada\""}]"",
    ""jurisdictionId"": ""ca"",
    ""citedCount"": 466
  }
]"
https://canlii.ca/t/1frnq,"[
  {
    ""id"": ""1994csc-scc102"",
    ""docType"": ""DECISION"",
    ""path"": ""/en/ca/scc/doc/1994/1994canlii39/1994canlii39.html"",
    ""docTitle"": ""Dagenais v. Canadian Broadcasting Corp."",
    ""autoCompletions"": ""[{\""type\"":\""DECISION_CANLII_REFERENCE\"",\""text\"":\""1994 CanLII 39 (SCC)\""},{\""type\"":\""DECISION_CANLII_REFERENCE\"",\""text\"":\""1994 CanLII 39 (CSC)\""},{\""type\"":\""MAIN_TITLE\"",\""text\"":\""Dagenais v. Canadian Broadcasting Corp.\""},{\""type\"":\""DECISION_OFFICIAL_REPORT_REFERENCE\"",\""text\"":\""[1994] 3 SCR 835\""},{\""type\"":\""DECISION_OFFICIAL_REPORT_REFERENCE\"",\""text\"":\""[1994] 3 RCS 835\""},{\""type\"":\""DECISION_OTHER_REFERENCES\"",\""text\"":\"" REJB 1994-67668\""},{\""type\"":\""DECISION_OTHER_REFERENCES\"",\""text\"":\""20 OR (3d) 816\""},{\""type\"":\""DECISION_OTHER_REFERENCES\"",\""text\"":\"" 120 DLR (4th) 12\""},{\""type\"":\""DECISION_OTHER_REFERENCES\"",\""text\"":\"" 175 NR 1\""},{\""type\"":\""DECISION_OTHER_REFERENCES\"",\""text\"":\"" 51 ACWS (3d) 1045\""},{\""type\"":\""DECISION_OTHER_REFERENCES\"",\""text\"":\"" 76 OAC 81\""},{\""type\"":\""DECISION_OTHER_REFERENCES\"",\""text\"":\"" AZ-95111005\""},{\""type\"":\""DECISION_OTHER_REFERENCES\"",\""text\"":\"" 34 CR (4th) 269\""},{\""type\"":\""DECISION_OTHER_REFERENCES\"",\""text\"":\"" 94 CCC (3d) 289\""},{\""type\"":\""DECISION_OTHER_REFERENCES\"",\""text\"":\"" 25 CRR (2d) 1\""},{\""type\"":\""DECISION_OTHER_REFERENCES\"",\""text\"":\"" 25 WCB (2d) 304\""},{\""type\"":\""DECISION_OTHER_REFERENCES\"",\""text\"":\"" [1994] CarswellOnt 112\""},{\""type\"":\""DECISION_OTHER_REFERENCES\"",\""text\"":\"" EYB 1994-67668\""},{\""type\"":\""DECISION_OTHER_REFERENCES\"",\""text\"":\"" JE 95-30\""},{\""type\"":\""DECISION_OTHER_REFERENCES\"",\""text\"":\"" [1994] SCJ No 104 (QL)\""},{\""type\"":\""DECISION_OTHER_REFERENCES\"",\""text\"":\"" [1994] ACS no 104\""},{\""type\"":\""DECISION_ALTERNATE_TITLE\"",\""text\"":\""Canadian Broadcasting Corp. v. Degenais\""},{\""type\"":\""DECISION_ALTERNATE_TITLE\"",\""text\"":\""Dagenais v. Canadian  Broadcasting Corp.\""},{\""type\"":\""DECISION_ALTERNATE_TITLE\"",\""text\"":\""Canadian Broadcasting Crop. v. Dagenais\""},{\""type\"":\""DECISION_ALTERNATE_TITLE\"",\""text\"":\""Dagenais c. Société Radio-Canada\""},{\""type\"":\""DECISION_DOCKET_NUMBER\"",\""text\"":\""23403\""},{\""type\"":\""JURISDICTION_NAME\"",\""text\"":\""Canada (Federal)\""},{\""type\"":\""COLLECTION_NAME\"",\""text\"":\""Supreme Court of Canada\""}]"",
    ""jurisdictionId"": ""ca"",
    ""citedCount"": 2576
  }
]"
https://canlii.ca/t/1frpl,"[
  {
    ""id"": ""1994csc-scc81"",
    ""docType"": ""DECISION"",
    ""path"": ""/en/ca/scc/doc/1994/1994canlii70/1994canlii70.html"",
    ""docTitle"": ""Hodgkinson v. Simms"",
    ""autoCompletions"": ""[{\""type\"":\""DECISION_CANLII_REFERENCE\"",\""text\"":\""1994 CanLII 70 (SCC)\""},{\""type\"":\""DECISION_CANLII_REFERENCE\"",\""text\"":\""1994 CanLII 70 (CSC)\""},{\""type\"":\""MAIN_TITLE\"",\""text\"":\""Hodgkinson v. Simms\""},{\""type\"":\""DECISION_OFFICIAL_REPORT_REFERENCE\"",\""text\"":\""[1994] 3 SCR 377\""},{\""type\"":\""DECISION_OFFICIAL_REPORT_REFERENCE\"",\""text\"":\""[1994] 3 RCS 377\""},{\""type\"":\""DECISION_OTHER_REFERENCES\"",\""text\"":\""117 DLR (4th) 161\""},{\""type\"":\""DECISION_OTHER_REFERENCES\"",\""text\"":\"" 171 NR 245\""},{\""type\"":\""DECISION_OTHER_REFERENCES\"",\""text\"":\"" 50 ACWS (3d) 469\""},{\""type\"":\""DECISION_OTHER_REFERENCES\"",\""text\"":\"" [1994] 9 WWR 609\""},{\""type\"":\""DECISION_OTHER_REFERENCES\"",\""text\"":\"" AZ-94111096\""},{\""type\"":\""DECISION_OTHER_REFERENCES\"",\""text\"":\"" 97 BCLR (2d) 1\""},{\""type\"":\""DECISION_OTHER_REFERENCES\"",\""text\"":\"" 16 BLR (2d) 1\""},{\""type\"":\""DECISION_OTHER_REFERENCES\"",\""text\"":\"" 49 BCAC 1\""},{\""type\"":\""DECISION_OTHER_REFERENCES\"",\""text\"":\"" 5 ETR (2d) 1\""},{\""type\"":\""DECISION_OTHER_REFERENCES\"",\""text\"":\"" 22 CCLT (2d) 1\""},{\""type\"":\""DECISION_OTHER_REFERENCES\"",\""text\"":\"" 57 CPR (3d) 1\""},{\""type\"":\""DECISION_OTHER_REFERENCES\"",\""text\"":\"" 6 C.C.L.S. 1\""},{\""type\"":\""DECISION_OTHER_REFERENCES\"",\""text\"":\"" [1994] CarswellBC 438\""},{\""type\"":\""DECISION_OTHER_REFERENCES\"",\""text\"":\"" JE 94-1560\""},{\""type\"":\""DECISION_OTHER_REFERENCES\"",\""text\"":\"" [1994] SCJ No 84 (QL)\""},{\""type\"":\""DECISION_OTHER_REFERENCES\"",\""text\"":\"" [1994] ACS no 84\""},{\""type\"":\""DECISION_OTHER_REFERENCES\"",\""text\"":\"" 49 DTC 5135\""},{\""type\"":\""DECISION_OTHER_REFERENCES\"",\""text\"":\"" 95 DTC 5135\""},{\""type\"":\""DECISION_ALTERNATE_TITLE\"",\""text\"":\""Hodgkinson v. Simms et al.\""},{\""type\"":\""DECISION_ALTERNATE_TITLE\"",\""text\"":\""Hodgkinson c. Simms\""},{\""type\"":\""DECISION_DOCKET_NUMBER\"",\""text\"":\""23033\""},{\""type\"":\""JURISDICTION_NAME\"",\""text\"":\""Canada (Federal)\""},{\""type\"":\""COLLECTION_NAME\"",\""text\"":\""Supreme Court of Canada\""}]"",
    ""jurisdictionId"": ""ca"",
    ""citedCount"": 1488
  }
]"
https://canlii.ca/t/1frsf,"[
  {
    ""id"": ""1994csc-scc57"",
    ""docType"": ""DECISION"",
    ""path"": ""/en/ca/scc/doc/1994/1994canlii103/1994canlii103.html"",
    ""docTitle"": ""Pezim v. British Columbia (Superintendent of Brokers)"",
    ""autoCompletions"": ""[{\""type\"":\""DECISION_CANLII_REFERENCE\"",\""text\"":\""1994 CanLII 103 (SCC)\""},{\""type\"":\""DECISION_CANLII_REFERENCE\"",\""text\"":\""1994 CanLII 103 (CSC)\""},{\""type\"":\""MAIN_TITLE\"",\""text\"":\""Pezim v. British Columbia (Superintendent of Brokers)\""},{\""type\"":\""DECISION_OFFICIAL_REPORT_REFERENCE\"",\""text\"":\""[1994] 2 SCR 557\""},{\""type\"":\""DECISION_OFFICIAL_REPORT_REFERENCE\"",\""text\"":\""[1994] 2 RCS 557\""},{\""type\"":\""DECISION_OTHER_REFERENCES\"",\""text\"":\"" REJB 1994-67086\""},{\""type\"":\""DECISION_OTHER_REFERENCES\"",\""text\"":\""114 DLR (4th) 385\""},{\""type\"":\""DECISION_OTHER_REFERENCES\"",\""text\"":\"" 168 NR 321\""},{\""type\"":\""DECISION_OTHER_REFERENCES\"",\""text\"":\"" 48 ACWS (3d) 1279\""},{\""type\"":\""DECISION_OTHER_REFERENCES\"",\""text\"":\"" [1994] 7 WWR 1\""},{\""type\"":\""DECISION_OTHER_REFERENCES\"",\""text\"":\"" 75 WAC 1\""},{\""type\"":\""DECISION_OTHER_REFERENCES\"",\""text\"":\"" 92 BCLR (2d) 145\""},{\""type\"":\""DECISION_OTHER_REFERENCES\"",\""text\"":\"" 14 BLR (2d) 217\""},{\""type\"":\""DECISION_OTHER_REFERENCES\"",\""text\"":\"" 46 BCAC 1\""},{\""type\"":\""DECISION_OTHER_REFERENCES\"",\""text\"":\"" 22 Admin LR (2d) 1\""},{\""type\"":\""DECISION_OTHER_REFERENCES\"",\""text\"":\"" 4 C.C.L.S. 117\""},{\""type\"":\""DECISION_OTHER_REFERENCES\"",\""text\"":\"" EYB 1994-67086\""},{\""type\"":\""DECISION_OTHER_REFERENCES\"",\""text\"":\"" JE 94-1082\""},{\""type\"":\""DECISION_OTHER_REFERENCES\"",\""text\"":\"" [1994] SCJ No 58 (QL)\""},{\""type\"":\""DECISION_OTHER_REFERENCES\"",\""text\"":\"" [1994] ACS no 58\""},{\""type\"":\""DECISION_ALTERNATE_TITLE\"",\""text\"":\""Pezim v. British Columbia (Superintendant of Brokers)\""},{\""type\"":\""DECISION_ALTERNATE_TITLE\"",\""text\"":\""Pezim c. Colombie-Britannique (Superintendent of Brokers)\""},{\""type\"":\""DECISION_DOCKET_NUMBER\"",\""text\"":\"" 23113\""},{\""type\"":\""DECISION_DOCKET_NUMBER\"",\""text\"":\""23107\""},{\""type\"":\""JURISDICTION_NAME\"",\""text\"":\""Canada (Federal)\""},{\""type\"":\""COLLECTION_NAME\"",\""text\"":\""Supreme Court of Canada\""}]"",
    ""jurisdictionId"": ""ca"",
    ""citedCount"": 1729
  }
]"
https://canlii.ca/t/1frtq,"[
  {
    ""id"": ""1994csc-scc12"",
    ""docType"": ""DECISION"",
    ""path"": ""/en/ca/scc/doc/1994/1994canlii114/1994canlii114.html"",
    ""docTitle"": ""Mobil Oil Canada Ltd. v. Canada-Newfoundland Offshore Petroleum Board"",
    ""autoCompletions"": ""[{\""type\"":\""DECISION_CANLII_REFERENCE\"",\""text\"":\""1994 CanLII 114 (SCC)\""},{\""type\"":\""DECISION_CANLII_REFERENCE\"",\""text\"":\""1994 CanLII 114 (CSC)\""},{\""type\"":\""MAIN_TITLE\"",\""text\"":\""Mobil Oil Canada Ltd. v. Canada-Newfoundland Offshore Petroleum Board\""},{\""type\"":\""DECISION_OFFICIAL_REPORT_REFERENCE\"",\""text\"":\""[1994] 1 SCR 202\""},{\""type\"":\""DECISION_OFFICIAL_REPORT_REFERENCE\"",\""text\"":\""[1994] 1 RCS 202\""},{\""type\"":\""DECISION_OTHER_REFERENCES\"",\""text\"":\""115 Nfld & PEIR 334\""},{\""type\"":\""DECISION_OTHER_REFERENCES\"",\""text\"":\"" 111 DLR (4th) 1\""},{\""type\"":\""DECISION_OTHER_REFERENCES\"",\""text\"":\"" 163 NR 27\""},{\""type\"":\""DECISION_OTHER_REFERENCES\"",\""text\"":\"" 360 APR 334\""},{\""type\"":\""DECISION_OTHER_REFERENCES\"",\""text\"":\"" 21 Admin LR (2d) 248\""},{\""type\"":\""DECISION_OTHER_REFERENCES\"",\""text\"":\"" [1994] FCJ No 14 (QL)\""},{\""type\"":\""DECISION_OTHER_REFERENCES\"",\""text\"":\"" [1994] SCJ No 14 (QL)\""},{\""type\"":\""DECISION_OTHER_REFERENCES\"",\""text\"":\"" [1994] ACS no 14\""},{\""type\"":\""DECISION_OTHER_REFERENCES\"",\""text\"":\"" [1994] ACF No 14 (QL)\""},{\""type\"":\""DECISION_ALTERNATE_TITLE\"",\""text\"":\""Mobil Oil Canada Ltd. et al. v. Canada-Newfoundland Offshore Petroleum Board\""},{\""type\"":\""DECISION_ALTERNATE_TITLE\"",\""text\"":\""Mobil Oil Canada Ltd. c. Office Canada-Terre-Neuve des hydrocarbures extracôtiers\""},{\""type\"":\""DECISION_DOCKET_NUMBER\"",\""text\"":\""22948\""},{\""type\"":\""JURISDICTION_NAME\"",\""text\"":\""Canada (Federal)\""},{\""type\"":\""COLLECTION_NAME\"",\""text\"":\""Supreme Court of Canada\""}]"",
    ""jurisdictionId"": ""ca"",
    ""citedCount"": 560
  }
]"
https://canlii.ca/t/1frv5,"[
  {
    ""id"": ""1994csc-scc19"",
    ""docType"": ""DECISION"",
    ""path"": ""/en/ca/scc/doc/1994/1994canlii121/1994canlii121.html"",
    ""docTitle"": ""Brown v. British Columbia (Minister of Transportation and Highways)"",
    ""autoCompletions"": ""[{\""type\"":\""DECISION_CANLII_REFERENCE\"",\""text\"":\""1994 CanLII 121 (SCC)\""},{\""type\"":\""DECISION_CANLII_REFERENCE\"",\""text\"":\""1994 CanLII 121 (CSC)\""},{\""type\"":\""MAIN_TITLE\"",\""text\"":\""Brown v. British Columbia (Minister of Transportation and Highways)\""},{\""type\"":\""DECISION_OFFICIAL_REPORT_REFERENCE\"",\""text\"":\""[1994] 1 SCR 420\""},{\""type\"":\""DECISION_OFFICIAL_REPORT_REFERENCE\"",\""text\"":\""[1994] 1 RCS 420\""},{\""type\"":\""DECISION_OTHER_REFERENCES\"",\""text\"":\""112 DLR (4th) 1\""},{\""type\"":\""DECISION_OTHER_REFERENCES\"",\""text\"":\"" 164 NR 161\""},{\""type\"":\""DECISION_OTHER_REFERENCES\"",\""text\"":\"" 46 ACWS (3d) 797\""},{\""type\"":\""DECISION_OTHER_REFERENCES\"",\""text\"":\"" [1994] 4 WWR 194\""},{\""type\"":\""DECISION_OTHER_REFERENCES\"",\""text\"":\"" 89 BCLR (2d) 1\""},{\""type\"":\""DECISION_OTHER_REFERENCES\"",\""text\"":\"" 42 BCAC 1\""},{\""type\"":\""DECISION_OTHER_REFERENCES\"",\""text\"":\"" 19 CCLT (2d) 268\""},{\""type\"":\""DECISION_OTHER_REFERENCES\"",\""text\"":\"" 20 Admin LR (2d) 1\""},{\""type\"":\""DECISION_OTHER_REFERENCES\"",\""text\"":\"" [1994] CarswellBC 128\""},{\""type\"":\""DECISION_OTHER_REFERENCES\"",\""text\"":\"" JE 94-497\""},{\""type\"":\""DECISION_OTHER_REFERENCES\"",\""text\"":\"" [1994] SCJ No 20 (QL)\""},{\""type\"":\""DECISION_OTHER_REFERENCES\"",\""text\"":\"" [1994] ACS no 20\""},{\""type\"":\""DECISION_OTHER_REFERENCES\"",\""text\"":\"" 2 MVR (3d) 43\""},{\""type\"":\""DECISION_ALTERNATE_TITLE\"",\""text\"":\""Brown v. British Columbia (Minister of Transportation & Highways)\""},{\""type\"":\""DECISION_ALTERNATE_TITLE\"",\""text\"":\""Brown c. Colombie-Britannique (Ministre des Transports et de la Voirie)\""},{\""type\"":\""DECISION_DOCKET_NUMBER\"",\""text\"":\""22946\""},{\""type\"":\""JURISDICTION_NAME\"",\""text\"":\""Canada (Federal)\""},{\""type\"":\""COLLECTION_NAME\"",\""text\"":\""Supreme Court of Canada\""}]"",
    ""jurisdictionId"": ""ca"",
    ""citedCount"": 288
  }
]"
https://canlii.ca/t/1frv7,"[
  {
    ""id"": ""1994csc-scc20"",
    ""docType"": ""DECISION"",
    ""path"": ""/en/ca/scc/doc/1994/1994canlii122/1994canlii122.html"",
    ""docTitle"": ""Swinamer v. Nova Scotia (Attorney General)"",
    ""autoCompletions"": ""[{\""type\"":\""DECISION_CANLII_REFERENCE\"",\""text\"":\""1994 CanLII 122 (SCC)\""},{\""type\"":\""DECISION_CANLII_REFERENCE\"",\""text\"":\""1994 CanLII 122 (CSC)\""},{\""type\"":\""MAIN_TITLE\"",\""text\"":\""Swinamer v. Nova Scotia (Attorney General)\""},{\""type\"":\""DECISION_OFFICIAL_REPORT_REFERENCE\"",\""text\"":\""[1994] 1 SCR 445\""},{\""type\"":\""DECISION_OFFICIAL_REPORT_REFERENCE\"",\""text\"":\""[1994] 1 RCS 445\""},{\""type\"":\""DECISION_OTHER_REFERENCES\"",\""text\"":\""112 DLR (4th) 18\""},{\""type\"":\""DECISION_OTHER_REFERENCES\"",\""text\"":\"" 163 NR 291\""},{\""type\"":\""DECISION_OTHER_REFERENCES\"",\""text\"":\"" 46 ACWS (3d) 798\""},{\""type\"":\""DECISION_OTHER_REFERENCES\"",\""text\"":\"" 129 NSR (2d) 321\""},{\""type\"":\""DECISION_OTHER_REFERENCES\"",\""text\"":\"" 362 APR 321\""},{\""type\"":\""DECISION_OTHER_REFERENCES\"",\""text\"":\"" 19 CCLT (2d) 233\""},{\""type\"":\""DECISION_OTHER_REFERENCES\"",\""text\"":\"" 20 Admin LR (2d) 39\""},{\""type\"":\""DECISION_OTHER_REFERENCES\"",\""text\"":\"" JE 94-498\""},{\""type\"":\""DECISION_OTHER_REFERENCES\"",\""text\"":\"" [1994] SCJ No 21 (QL)\""},{\""type\"":\""DECISION_OTHER_REFERENCES\"",\""text\"":\"" 2 MVR (3d) 80\""},{\""type\"":\""DECISION_ALTERNATE_TITLE\"",\""text\"":\""Swinamer v. Nova Scotia (Attorney-General)\""},{\""type\"":\""DECISION_ALTERNATE_TITLE\"",\""text\"":\""Swinamer v. Nova Scotia (Attorney General) et al.\""},{\""type\"":\""DECISION_ALTERNATE_TITLE\"",\""text\"":\""Swinamer c. Nouvelle-Écosse (Procureur général)\""},{\""type\"":\""DECISION_DOCKET_NUMBER\"",\""text\"":\""22915\""},{\""type\"":\""JURISDICTION_NAME\"",\""text\"":\""Canada (Federal)\""},{\""type\"":\""COLLECTION_NAME\"",\""text\"":\""Supreme Court of Canada\""}]"",
    ""jurisdictionId"": ""ca"",
    ""citedCount"": 171
  }
]"
https://canlii.ca/t/1frvm,"[
  {
    ""id"": ""1994csc-scc26"",
    ""docType"": ""DECISION"",
    ""path"": ""/en/ca/scc/doc/1994/1994canlii128/1994canlii128.html"",
    ""docTitle"": ""Galaske v. O'Donnell"",
    ""autoCompletions"": ""[{\""type\"":\""DECISION_CANLII_REFERENCE\"",\""text\"":\""1994 CanLII 128 (SCC)\""},{\""type\"":\""DECISION_CANLII_REFERENCE\"",\""text\"":\""1994 CanLII 128 (CSC)\""},{\""type\"":\""MAIN_TITLE\"",\""text\"":\""Galaske v. O'Donnell\""},{\""type\"":\""DECISION_OFFICIAL_REPORT_REFERENCE\"",\""text\"":\""[1994] 1 SCR 670\""},{\""type\"":\""DECISION_OFFICIAL_REPORT_REFERENCE\"",\""text\"":\""[1994] 1 RCS 670\""},{\""type\"":\""DECISION_OTHER_REFERENCES\"",\""text\"":\""112 DLR (4th) 109\""},{\""type\"":\""DECISION_OTHER_REFERENCES\"",\""text\"":\"" 166 NR 5\""},{\""type\"":\""DECISION_OTHER_REFERENCES\"",\""text\"":\"" 47 ACWS (3d) 213\""},{\""type\"":\""DECISION_OTHER_REFERENCES\"",\""text\"":\"" [1994] 5 WWR 1\""},{\""type\"":\""DECISION_OTHER_REFERENCES\"",\""text\"":\"" 69 WAC 37\""},{\""type\"":\""DECISION_OTHER_REFERENCES\"",\""text\"":\"" 89 BCLR (2d) 673\""},{\""type\"":\""DECISION_OTHER_REFERENCES\"",\""text\"":\"" 43 BCAC 37\""},{\""type\"":\""DECISION_OTHER_REFERENCES\"",\""text\"":\"" 21 CCLT (2d) 1\""},{\""type\"":\""DECISION_OTHER_REFERENCES\"",\""text\"":\"" [1994] CarswellBC 152\""},{\""type\"":\""DECISION_OTHER_REFERENCES\"",\""text\"":\"" JE 94-664\""},{\""type\"":\""DECISION_OTHER_REFERENCES\"",\""text\"":\"" [1994] SCJ No 28 (QL)\""},{\""type\"":\""DECISION_OTHER_REFERENCES\"",\""text\"":\"" [1994] ACS no 28\""},{\""type\"":\""DECISION_OTHER_REFERENCES\"",\""text\"":\"" 2 MVR (3d) 1\""},{\""type\"":\""DECISION_ALTERNATE_TITLE\"",\""text\"":\""Galaske c. O'Donnell\""},{\""type\"":\""DECISION_DOCKET_NUMBER\"",\""text\"":\""23109\""},{\""type\"":\""JURISDICTION_NAME\"",\""text\"":\""Canada (Federal)\""},{\""type\"":\""COLLECTION_NAME\"",\""text\"":\""Supreme Court of Canada\""}]"",
    ""jurisdictionId"": ""ca"",
    ""citedCount"": 148
  }
]"
https://canlii.ca/t/1frwb,"[
  {
    ""id"": ""1994csc-scc4"",
    ""docType"": ""DECISION"",
    ""path"": ""/en/ca/scc/doc/1994/1994canlii106/1994canlii106.html"",
    ""docTitle"": ""Toneguzzo-Norvell (Guardian ad litem of) v. Burnaby Hospital"",
    ""autoCompletions"": ""[{\""type\"":\""DECISION_CANLII_REFERENCE\"",\""text\"":\""1994 CanLII 106 (SCC)\""},{\""type\"":\""DECISION_CANLII_REFERENCE\"",\""text\"":\""1994 CanLII 106 (CSC)\""},{\""type\"":\""MAIN_TITLE\"",\""text\"":\""Toneguzzo-Norvell (Guardian ad litem of) v. Burnaby Hospital\""},{\""type\"":\""DECISION_OFFICIAL_REPORT_REFERENCE\"",\""text\"":\""[1994] 1 SCR 114\""},{\""type\"":\""DECISION_OFFICIAL_REPORT_REFERENCE\"",\""text\"":\""[1994] 1 RCS 114\""},{\""type\"":\""DECISION_OTHER_REFERENCES\"",\""text\"":\""110 DLR (4th) 289\""},{\""type\"":\""DECISION_OTHER_REFERENCES\"",\""text\"":\"" 162 NR 161\""},{\""type\"":\""DECISION_OTHER_REFERENCES\"",\""text\"":\"" 45 ACWS (3d) 657\""},{\""type\"":\""DECISION_OTHER_REFERENCES\"",\""text\"":\"" [1994] 2 WWR 609\""},{\""type\"":\""DECISION_OTHER_REFERENCES\"",\""text\"":\"" 62 WAC 193\""},{\""type\"":\""DECISION_OTHER_REFERENCES\"",\""text\"":\"" 87 BCLR (2d) 1\""},{\""type\"":\""DECISION_OTHER_REFERENCES\"",\""text\"":\"" 38 BCAC 193\""},{\""type\"":\""DECISION_OTHER_REFERENCES\"",\""text\"":\"" 18 CCLT (2d) 209\""},{\""type\"":\""DECISION_OTHER_REFERENCES\"",\""text\"":\"" [1994] RRA 1\""},{\""type\"":\""DECISION_OTHER_REFERENCES\"",\""text\"":\"" [1994] CarswellBC 101\""},{\""type\"":\""DECISION_OTHER_REFERENCES\"",\""text\"":\"" [1994] SCJ No 4 (QL)\""},{\""type\"":\""DECISION_OTHER_REFERENCES\"",\""text\"":\"" [1994] ACS no 4\""},{\""type\"":\""DECISION_ALTERNATE_TITLE\"",\""text\"":\""Toneguzzo-Norvell (Tutrice à l'instance de) c. Burnaby Hospital\""},{\""type\"":\""DECISION_DOCKET_NUMBER\"",\""text\"":\""23195\""},{\""type\"":\""JURISDICTION_NAME\"",\""text\"":\""Canada (Federal)\""},{\""type\"":\""COLLECTION_NAME\"",\""text\"":\""Supreme Court of Canada\""}]"",
    ""jurisdictionId"": ""ca"",
    ""citedCount"": 676
  }
]"
https://canlii.ca/t/1fs0k,"[
  {
    ""id"": ""1993csc-scc91"",
    ""docType"": ""DECISION"",
    ""path"": ""/en/ca/scc/doc/1993/1993canlii65/1993canlii65.html"",
    ""docTitle"": ""R. v. E. (A.W.)"",
    ""autoCompletions"": ""[{\""type\"":\""DECISION_CANLII_REFERENCE\"",\""text\"":\""1993 CanLII 65 (SCC)\""},{\""type\"":\""DECISION_CANLII_REFERENCE\"",\""text\"":\""1993 CanLII 65 (CSC)\""},{\""type\"":\""MAIN_TITLE\"",\""text\"":\""R. v. E. (A.W.)\""},{\""type\"":\""DECISION_OFFICIAL_REPORT_REFERENCE\"",\""text\"":\""[1993] 3 SCR 155\""},{\""type\"":\""DECISION_OFFICIAL_REPORT_REFERENCE\"",\""text\"":\""[1993] 3 RCS 155\""},{\""type\"":\""DECISION_OTHER_REFERENCES\"",\""text\"":\""156 NR 321\""},{\""type\"":\""DECISION_OTHER_REFERENCES\"",\""text\"":\"" 12 Alta LR (3d) 1\""},{\""type\"":\""DECISION_OTHER_REFERENCES\"",\""text\"":\"" 141 AR 353\""},{\""type\"":\""DECISION_OTHER_REFERENCES\"",\""text\"":\"" 23 CR (4th) 357\""},{\""type\"":\""DECISION_OTHER_REFERENCES\"",\""text\"":\"" 83 CCC (3d) 462\""},{\""type\"":\""DECISION_OTHER_REFERENCES\"",\""text\"":\"" 20 WCB (2d) 427\""},{\""type\"":\""DECISION_OTHER_REFERENCES\"",\""text\"":\"" JE 93-1579\""},{\""type\"":\""DECISION_OTHER_REFERENCES\"",\""text\"":\"" [1993] SCJ No 90 (QL)\""},{\""type\"":\""DECISION_ALTERNATE_TITLE\"",\""text\"":\""R. v. E. (A.W.)\""},{\""type\"":\""DECISION_ALTERNATE_TITLE\"",\""text\"":\""R. v. E.(A.W.)\""},{\""type\"":\""DECISION_ALTERNATE_TITLE\"",\""text\"":\""R. c. E. (A.W.)\""},{\""type\"":\""DECISION_DOCKET_NUMBER\"",\""text\"":\""22810\""},{\""type\"":\""JURISDICTION_NAME\"",\""text\"":\""Canada (Federal)\""},{\""type\"":\""COLLECTION_NAME\"",\""text\"":\""Supreme Court of Canada\""}]"",
    ""jurisdictionId"": ""ca"",
    ""citedCount"": 118
  }
]"
https://canlii.ca/t/1fs0r,"[
  {
    ""id"": ""1993csc-scc94"",
    ""docType"": ""DECISION"",
    ""path"": ""/en/ca/scc/doc/1993/1993canlii68/1993canlii68.html"",
    ""docTitle"": ""R. v. Grant"",
    ""autoCompletions"": ""[{\""type\"":\""DECISION_CANLII_REFERENCE\"",\""text\"":\""1993 CanLII 68 (SCC)\""},{\""type\"":\""DECISION_CANLII_REFERENCE\"",\""text\"":\""1993 CanLII 68 (CSC)\""},{\""type\"":\""MAIN_TITLE\"",\""text\"":\""R. v. Grant\""},{\""type\"":\""DECISION_OFFICIAL_REPORT_REFERENCE\"",\""text\"":\""[1993] 3 SCR 223\""},{\""type\"":\""DECISION_OFFICIAL_REPORT_REFERENCE\"",\""text\"":\""[1993] 3 RCS 223\""},{\""type\"":\""DECISION_OTHER_REFERENCES\"",\""text\"":\""159 NR 161\""},{\""type\"":\""DECISION_OTHER_REFERENCES\"",\""text\"":\"" [1993] 8 WWR 257\""},{\""type\"":\""DECISION_OTHER_REFERENCES\"",\""text\"":\"" 57 WAC 1\""},{\""type\"":\""DECISION_OTHER_REFERENCES\"",\""text\"":\"" AZ-93111108\""},{\""type\"":\""DECISION_OTHER_REFERENCES\"",\""text\"":\"" 24 CR (4th) 1\""},{\""type\"":\""DECISION_OTHER_REFERENCES\"",\""text\"":\"" 84 CCC (3d) 173\""},{\""type\"":\""DECISION_OTHER_REFERENCES\"",\""text\"":\"" 35 BCAC 1\""},{\""type\"":\""DECISION_OTHER_REFERENCES\"",\""text\"":\"" 17 CRR (2d) 269\""},{\""type\"":\""DECISION_OTHER_REFERENCES\"",\""text\"":\"" 20 WCB (2d) 590\""},{\""type\"":\""DECISION_OTHER_REFERENCES\"",\""text\"":\"" [1993] CarswellBC 1168\""},{\""type\"":\""DECISION_OTHER_REFERENCES\"",\""text\"":\"" JE 93-1669\""},{\""type\"":\""DECISION_OTHER_REFERENCES\"",\""text\"":\"" [1993] SCJ No 98 (QL)\""},{\""type\"":\""DECISION_OTHER_REFERENCES\"",\""text\"":\"" [1993] ACS no 98\""},{\""type\"":\""DECISION_ALTERNATE_TITLE\"",\""text\"":\""R. c. Grant\""},{\""type\"":\""DECISION_DOCKET_NUMBER\"",\""text\"":\""23075\""},{\""type\"":\""JURISDICTION_NAME\"",\""text\"":\""Canada (Federal)\""},{\""type\"":\""COLLECTION_NAME\"",\""text\"":\""Supreme Court of Canada\""}]"",
    ""jurisdictionId"": ""ca"",
    ""citedCount"": 1073
  }
]"
https://canlii.ca/t/1fs0w,"[
  {
    ""id"": ""1993csc-scc96"",
    ""docType"": ""DECISION"",
    ""path"": ""/en/ca/scc/doc/1993/1993canlii70/1993canlii70.html"",
    ""docTitle"": ""R. v. Plant"",
    ""autoCompletions"": ""[{\""type\"":\""DECISION_CANLII_REFERENCE\"",\""text\"":\""1993 CanLII 70 (SCC)\""},{\""type\"":\""DECISION_CANLII_REFERENCE\"",\""text\"":\""1993 CanLII 70 (CSC)\""},{\""type\"":\""MAIN_TITLE\"",\""text\"":\""R. v. Plant\""},{\""type\"":\""DECISION_OFFICIAL_REPORT_REFERENCE\"",\""text\"":\""[1993] 3 SCR 281\""},{\""type\"":\""DECISION_OFFICIAL_REPORT_REFERENCE\"",\""text\"":\""[1993] 3 RCS 281\""},{\""type\"":\""DECISION_OTHER_REFERENCES\"",\""text\"":\""157 NR 321\""},{\""type\"":\""DECISION_OTHER_REFERENCES\"",\""text\"":\"" [1993] 8 WWR 287\""},{\""type\"":\""DECISION_OTHER_REFERENCES\"",\""text\"":\"" 55 WAC 104\""},{\""type\"":\""DECISION_OTHER_REFERENCES\"",\""text\"":\"" 12 Alta LR (3d) 305\""},{\""type\"":\""DECISION_OTHER_REFERENCES\"",\""text\"":\"" 145 AR 104\""},{\""type\"":\""DECISION_OTHER_REFERENCES\"",\""text\"":\"" 24 CR (4th) 47\""},{\""type\"":\""DECISION_OTHER_REFERENCES\"",\""text\"":\"" 84 CCC (3d) 203\""},{\""type\"":\""DECISION_OTHER_REFERENCES\"",\""text\"":\"" 17 CRR (2d) 297\""},{\""type\"":\""DECISION_OTHER_REFERENCES\"",\""text\"":\"" 20 WCB (2d) 591\""},{\""type\"":\""DECISION_OTHER_REFERENCES\"",\""text\"":\"" 49 LCR 276\""},{\""type\"":\""DECISION_OTHER_REFERENCES\"",\""text\"":\"" [1993] CarswellAlta 94\""},{\""type\"":\""DECISION_OTHER_REFERENCES\"",\""text\"":\"" JE 93-1673\""},{\""type\"":\""DECISION_OTHER_REFERENCES\"",\""text\"":\"" [1993] SCJ No 97 (QL)\""},{\""type\"":\""DECISION_OTHER_REFERENCES\"",\""text\"":\"" [1993] ACS no 97\""},{\""type\"":\""DECISION_ALTERNATE_TITLE\"",\""text\"":\""R. c. Plant\""},{\""type\"":\""DECISION_DOCKET_NUMBER\"",\""text\"":\""22606\""},{\""type\"":\""JURISDICTION_NAME\"",\""text\"":\""Canada (Federal)\""},{\""type\"":\""COLLECTION_NAME\"",\""text\"":\""Supreme Court of Canada\""}]"",
    ""jurisdictionId"": ""ca"",
    ""citedCount"": 1209
  }
]"
https://canlii.ca/t/1fs1k,"[
  {
    ""id"": ""1993csc-scc73"",
    ""docType"": ""DECISION"",
    ""path"": ""/en/ca/scc/doc/1993/1993canlii106/1993canlii106.html"",
    ""docTitle"": ""Domtar Inc. v. Quebec (Commission d'appel en matière de lésions professionnelles)"",
    ""autoCompletions"": ""[{\""type\"":\""DECISION_CANLII_REFERENCE\"",\""text\"":\""1993 CanLII 106 (SCC)\""},{\""type\"":\""DECISION_CANLII_REFERENCE\"",\""text\"":\""1993 CanLII 106 (CSC)\""},{\""type\"":\""MAIN_TITLE\"",\""text\"":\""Domtar Inc. v. Quebec (Commission d'appel en matière de lésions professionnelles)\""},{\""type\"":\""DECISION_OFFICIAL_REPORT_REFERENCE\"",\""text\"":\""[1993] 2 SCR 756\""},{\""type\"":\""DECISION_OFFICIAL_REPORT_REFERENCE\"",\""text\"":\""[1993] 2 RCS 756\""},{\""type\"":\""DECISION_OTHER_REFERENCES\"",\""text\"":\""[1993] CALP 613\""},{\""type\"":\""DECISION_OTHER_REFERENCES\"",\""text\"":\"" 105 DLR (4th) 385\""},{\""type\"":\""DECISION_OTHER_REFERENCES\"",\""text\"":\"" 154 NR 104\""},{\""type\"":\""DECISION_OTHER_REFERENCES\"",\""text\"":\"" 41 ACWS (3d) 463\""},{\""type\"":\""DECISION_OTHER_REFERENCES\"",\""text\"":\"" 55 QAC 241\""},{\""type\"":\""DECISION_OTHER_REFERENCES\"",\""text\"":\"" AZ-93111082\""},{\""type\"":\""DECISION_OTHER_REFERENCES\"",\""text\"":\"" 15 Admin LR (2d) 1\""},{\""type\"":\""DECISION_OTHER_REFERENCES\"",\""text\"":\"" 49 CCEL 1\""},{\""type\"":\""DECISION_OTHER_REFERENCES\"",\""text\"":\"" JE 93-1309\""},{\""type\"":\""DECISION_OTHER_REFERENCES\"",\""text\"":\"" [1993] SCJ No 75 (QL)\""},{\""type\"":\""DECISION_OTHER_REFERENCES\"",\""text\"":\"" [1993] ACS no 75\""},{\""type\"":\""DECISION_OTHER_REFERENCES\"",\""text\"":\"" 55 CAQ 241\""},{\""type\"":\""DECISION_ALTERNATE_TITLE\"",\""text\"":\""Domstar Inc. v. Quebec (Commission d'appel en matiere de lesions professionnelles)\""},{\""type\"":\""DECISION_ALTERNATE_TITLE\"",\""text\"":\""Domtar Inc. c. Québec (Commission d'appel en matière de lésions professionnelles)\""},{\""type\"":\""DECISION_ALTERNATE_TITLE\"",\""text\"":\""Domtar Inc. c. Québec (Commission d'appel en matière de lésions professionnelles)\""},{\""type\"":\""DECISION_DOCKET_NUMBER\"",\""text\"":\""22717\""},{\""type\"":\""JURISDICTION_NAME\"",\""text\"":\""Canada (Federal)\""},{\""type\"":\""COLLECTION_NAME\"",\""text\"":\""Supreme Court of Canada\""}]"",
    ""jurisdictionId"": ""ca"",
    ""citedCount"": 1209
  }
]"
https://canlii.ca/t/1fs2k,"[
  {
    ""id"": ""1993csc-scc55"",
    ""docType"": ""DECISION"",
    ""path"": ""/en/ca/scc/doc/1993/1993canlii88/1993canlii88.html"",
    ""docTitle"": ""United Brotherhood of Carpenters and Joiners of America, Local 579 v. Bradco Construction Ltd."",
    ""autoCompletions"": ""[{\""type\"":\""DECISION_CANLII_REFERENCE\"",\""text\"":\""1993 CanLII 88 (SCC)\""},{\""type\"":\""DECISION_CANLII_REFERENCE\"",\""text\"":\""1993 CanLII 88 (CSC)\""},{\""type\"":\""MAIN_TITLE\"",\""text\"":\""United Brotherhood of Carpenters and Joiners of America, Local 579 v. Bradco Construction Ltd.\""},{\""type\"":\""DECISION_OFFICIAL_REPORT_REFERENCE\"",\""text\"":\""[1993] 2 SCR 316\""},{\""type\"":\""DECISION_OFFICIAL_REPORT_REFERENCE\"",\""text\"":\""[1993] 2 RCS 316\""},{\""type\"":\""DECISION_OTHER_REFERENCES\"",\""text\"":\""106 Nfld & PEIR 140\""},{\""type\"":\""DECISION_OTHER_REFERENCES\"",\""text\"":\"" 102 DLR (4th) 402\""},{\""type\"":\""DECISION_OTHER_REFERENCES\"",\""text\"":\"" 153 NR 81\""},{\""type\"":\""DECISION_OTHER_REFERENCES\"",\""text\"":\"" 334 APR 140\""},{\""type\"":\""DECISION_OTHER_REFERENCES\"",\""text\"":\"" 12 Admin LR (2d) 165\""},{\""type\"":\""DECISION_OTHER_REFERENCES\"",\""text\"":\"" JE 93-1086\""},{\""type\"":\""DECISION_OTHER_REFERENCES\"",\""text\"":\"" [1993] FCJ No 56 (QL)\""},{\""type\"":\""DECISION_OTHER_REFERENCES\"",\""text\"":\"" [1993] SCJ No 56 (QL)\""},{\""type\"":\""DECISION_OTHER_REFERENCES\"",\""text\"":\"" [1993] ACS no 56\""},{\""type\"":\""DECISION_OTHER_REFERENCES\"",\""text\"":\"" [1993] ACF No 56 (QL)\""},{\""type\"":\""DECISION_ALTERNATE_TITLE\"",\""text\"":\""C.J.A., Local 579 v. Bradco Construction Ltd.\""},{\""type\"":\""DECISION_ALTERNATE_TITLE\"",\""text\"":\""Fraternité unie des charpentiers et menuisiers d'Amérique, section locale 579 c. Bradco Construction Ltd.\""},{\""type\"":\""DECISION_DOCKET_NUMBER\"",\""text\"":\""22023\""},{\""type\"":\""JURISDICTION_NAME\"",\""text\"":\""Canada (Federal)\""},{\""type\"":\""COLLECTION_NAME\"",\""text\"":\""Supreme Court of Canada\""}]"",
    ""jurisdictionId"": ""ca"",
    ""citedCount"": 876
  }
]"
https://canlii.ca/t/1fs37,"[
  {
    ""id"": ""1993csc-scc65"",
    ""docType"": ""DECISION"",
    ""path"": ""/en/ca/scc/doc/1993/1993canlii98/1993canlii98.html"",
    ""docTitle"": ""R. v. Egger"",
    ""autoCompletions"": ""[{\""type\"":\""DECISION_CANLII_REFERENCE\"",\""text\"":\""1993 CanLII 98 (SCC)\""},{\""type\"":\""DECISION_CANLII_REFERENCE\"",\""text\"":\""1993 CanLII 98 (CSC)\""},{\""type\"":\""MAIN_TITLE\"",\""text\"":\""R. v. Egger\""},{\""type\"":\""DECISION_OFFICIAL_REPORT_REFERENCE\"",\""text\"":\""[1993] 2 SCR 451\""},{\""type\"":\""DECISION_OFFICIAL_REPORT_REFERENCE\"",\""text\"":\""[1993] 2 RCS 451\""},{\""type\"":\""DECISION_OTHER_REFERENCES\"",\""text\"":\""103 DLR (4th) 678\""},{\""type\"":\""DECISION_OTHER_REFERENCES\"",\""text\"":\"" 153 NR 272\""},{\""type\"":\""DECISION_OTHER_REFERENCES\"",\""text\"":\"" 141 AR 81\""},{\""type\"":\""DECISION_OTHER_REFERENCES\"",\""text\"":\"" 21 CR (4th) 186\""},{\""type\"":\""DECISION_OTHER_REFERENCES\"",\""text\"":\"" 82 CCC (3d) 193\""},{\""type\"":\""DECISION_OTHER_REFERENCES\"",\""text\"":\"" 15 CRR (2d) 193\""},{\""type\"":\""DECISION_OTHER_REFERENCES\"",\""text\"":\"" 19 WCB (2d) 592\""},{\""type\"":\""DECISION_OTHER_REFERENCES\"",\""text\"":\"" [1993] SCJ No 66 (QL)\""},{\""type\"":\""DECISION_OTHER_REFERENCES\"",\""text\"":\"" 45 MVR (2d) 161\""},{\""type\"":\""DECISION_ALTERNATE_TITLE\"",\""text\"":\""R. c. Egger\""},{\""type\"":\""DECISION_DOCKET_NUMBER\"",\""text\"":\""22816\""},{\""type\"":\""JURISDICTION_NAME\"",\""text\"":\""Canada (Federal)\""},{\""type\"":\""COLLECTION_NAME\"",\""text\"":\""Supreme Court of Canada\""}]"",
    ""jurisdictionId"": ""ca"",
    ""citedCount"": 938
  }
]"
https://canlii.ca/t/1fs3x,"[
  {
    ""id"": ""1993csc-scc42"",
    ""docType"": ""DECISION"",
    ""path"": ""/en/ca/scc/doc/1993/1993canlii133/1993canlii133.html"",
    ""docTitle"": ""R. v. Goncalves"",
    ""autoCompletions"": ""[{\""type\"":\""DECISION_CANLII_REFERENCE\"",\""text\"":\""1993 CanLII 133 (SCC)\""},{\""type\"":\""DECISION_CANLII_REFERENCE\"",\""text\"":\""1993 CanLII 133 (CSC)\""},{\""type\"":\""MAIN_TITLE\"",\""text\"":\""R. v. Goncalves\""},{\""type\"":\""DECISION_OFFICIAL_REPORT_REFERENCE\"",\""text\"":\""[1993] 2 SCR 3\""},{\""type\"":\""DECISION_OFFICIAL_REPORT_REFERENCE\"",\""text\"":\""[1993] 2 RCS 3\""},{\""type\"":\""DECISION_OTHER_REFERENCES\"",\""text\"":\""150 NR 384\""},{\""type\"":\""DECISION_OTHER_REFERENCES\"",\""text\"":\"" 33 WAC 397\""},{\""type\"":\""DECISION_OTHER_REFERENCES\"",\""text\"":\"" 135 AR 397\""},{\""type\"":\""DECISION_OTHER_REFERENCES\"",\""text\"":\"" 81 CCC (3d) 240\""},{\""type\"":\""DECISION_ALTERNATE_TITLE\"",\""text\"":\""R. c. Goncalves\""},{\""type\"":\""DECISION_DOCKET_NUMBER\"",\""text\"":\""23060\""},{\""type\"":\""JURISDICTION_NAME\"",\""text\"":\""Canada (Federal)\""},{\""type\"":\""COLLECTION_NAME\"",\""text\"":\""Supreme Court of Canada\""}]"",
    ""jurisdictionId"": ""ca"",
    ""citedCount"": 42
  }
]"
https://canlii.ca/t/1fs4n,"[
  {
    ""id"": ""1993csc-scc20"",
    ""docType"": ""DECISION"",
    ""path"": ""/en/ca/scc/doc/1993/1993canlii163/1993canlii163.html"",
    ""docTitle"": ""Rhône (The) v. Peter A.B. Widener (The)"",
    ""autoCompletions"": ""[{\""type\"":\""DECISION_CANLII_REFERENCE\"",\""text\"":\""1993 CanLII 163 (SCC)\""},{\""type\"":\""DECISION_CANLII_REFERENCE\"",\""text\"":\""1993 CanLII 163 (CSC)\""},{\""type\"":\""MAIN_TITLE\"",\""text\"":\""Rhône (The) v. Peter A.B. Widener (The)\""},{\""type\"":\""DECISION_OFFICIAL_REPORT_REFERENCE\"",\""text\"":\""[1993] 1 SCR 497\""},{\""type\"":\""DECISION_OFFICIAL_REPORT_REFERENCE\"",\""text\"":\""[1993] 1 RCS 497\""},{\""type\"":\""DECISION_OTHER_REFERENCES\"",\""text\"":\""101 DLR (4th) 188\""},{\""type\"":\""DECISION_OTHER_REFERENCES\"",\""text\"":\"" 58 FTR 239\""},{\""type\"":\""DECISION_OTHER_REFERENCES\"",\""text\"":\"" [1993] SCJ No 19 (QL)\""},{\""type\"":\""DECISION_OTHER_REFERENCES\"",\""text\"":\"" [1993] ACS no 19\""},{\""type\"":\""DECISION_ALTERNATE_TITLE\"",\""text\"":\""\\\""Rhone\\\"" (The) v. \\\""Peter A.B.Widener\\\"" (The)\""},{\""type\"":\""DECISION_ALTERNATE_TITLE\"",\""text\"":\""Ship Rhone v. Ship Peter A.B. Widener et al.\""},{\""type\"":\""DECISION_ALTERNATE_TITLE\"",\""text\"":\""Rhône (Le) c. Peter A.B. Widener (Le)\""},{\""type\"":\""DECISION_DOCKET_NUMBER\"",\""text\"":\""21886\""},{\""type\"":\""DECISION_DOCKET_NUMBER\"",\""text\"":\"" 21885\""},{\""type\"":\""JURISDICTION_NAME\"",\""text\"":\""Canada (Federal)\""},{\""type\"":\""COLLECTION_NAME\"",\""text\"":\""Supreme Court of Canada\""}]"",
    ""jurisdictionId"": ""ca"",
    ""citedCount"": 95
  }
]"
https://canlii.ca/t/1fs4q,"[
  {
    ""id"": ""1993csc-scc21"",
    ""docType"": ""DECISION"",
    ""path"": ""/en/ca/scc/doc/1993/1993canlii164/1993canlii164.html"",
    ""docTitle"": ""Canada (Attorney General) v. Mossop"",
    ""autoCompletions"": ""[{\""type\"":\""DECISION_CANLII_REFERENCE\"",\""text\"":\""1993 CanLII 164 (SCC)\""},{\""type\"":\""DECISION_CANLII_REFERENCE\"",\""text\"":\""1993 CanLII 164 (CSC)\""},{\""type\"":\""MAIN_TITLE\"",\""text\"":\""Canada (Attorney General) v. Mossop\""},{\""type\"":\""DECISION_OFFICIAL_REPORT_REFERENCE\"",\""text\"":\""[1993] 1 SCR 554\""},{\""type\"":\""DECISION_OFFICIAL_REPORT_REFERENCE\"",\""text\"":\""[1993] 1 RCS 554\""},{\""type\"":\""DECISION_OTHER_REFERENCES\"",\""text\"":\""100 DLR (4th) 658\""},{\""type\"":\""DECISION_OTHER_REFERENCES\"",\""text\"":\"" 149 NR 1\""},{\""type\"":\""DECISION_OTHER_REFERENCES\"",\""text\"":\"" 13 Admin LR (2d) 1\""},{\""type\"":\""DECISION_OTHER_REFERENCES\"",\""text\"":\"" 17 CHRR 349\""},{\""type\"":\""DECISION_OTHER_REFERENCES\"",\""text\"":\"" 46 CCEL 1\""},{\""type\"":\""DECISION_OTHER_REFERENCES\"",\""text\"":\"" JE 93-444\""},{\""type\"":\""DECISION_OTHER_REFERENCES\"",\""text\"":\"" [1993] SCJ No 20 (QL)\""},{\""type\"":\""DECISION_OTHER_REFERENCES\"",\""text\"":\"" [1993] ACS no 20\""},{\""type\"":\""DECISION_ALTERNATE_TITLE\"",\""text\"":\""Canada (Attorney-General) v. Mossop\""},{\""type\"":\""DECISION_ALTERNATE_TITLE\"",\""text\"":\""Canada (Procureur général) c. Mossop\""},{\""type\"":\""DECISION_DOCKET_NUMBER\"",\""text\"":\""22145\""},{\""type\"":\""JURISDICTION_NAME\"",\""text\"":\""Canada (Federal)\""},{\""type\"":\""COLLECTION_NAME\"",\""text\"":\""Supreme Court of Canada\""}]"",
    ""jurisdictionId"": ""ca"",
    ""citedCount"": 1126
  }
]"
https://canlii.ca/t/1fs50,"[
  {
    ""id"": ""1993csc-scc25"",
    ""docType"": ""DECISION"",
    ""path"": ""/en/ca/scc/doc/1993/1993canlii116/1993canlii116.html"",
    ""docTitle"": ""R. v. B. (K.G.)"",
    ""autoCompletions"": ""[{\""type\"":\""DECISION_CANLII_REFERENCE\"",\""text\"":\""1993 CanLII 116 (SCC)\""},{\""type\"":\""DECISION_CANLII_REFERENCE\"",\""text\"":\""1993 CanLII 116 (CSC)\""},{\""type\"":\""MAIN_TITLE\"",\""text\"":\""R. v. B. (K.G.)\""},{\""type\"":\""DECISION_OFFICIAL_REPORT_REFERENCE\"",\""text\"":\""[1993] 1 SCR 740\""},{\""type\"":\""DECISION_OFFICIAL_REPORT_REFERENCE\"",\""text\"":\""[1993] 1 RCS 740\""},{\""type\"":\""DECISION_OTHER_REFERENCES\"",\""text\"":\"" REJB 1993-67493\""},{\""type\"":\""DECISION_OTHER_REFERENCES\"",\""text\"":\""148 NR 241\""},{\""type\"":\""DECISION_OTHER_REFERENCES\"",\""text\"":\"" 61 OAC 1\""},{\""type\"":\""DECISION_OTHER_REFERENCES\"",\""text\"":\"" 19 CR (4th) 1\""},{\""type\"":\""DECISION_OTHER_REFERENCES\"",\""text\"":\"" 79 CCC (3d) 257\""},{\""type\"":\""DECISION_OTHER_REFERENCES\"",\""text\"":\"" 18 WCB (2d) 588\""},{\""type\"":\""DECISION_OTHER_REFERENCES\"",\""text\"":\"" [1993] CarswellOnt 76\""},{\""type\"":\""DECISION_OTHER_REFERENCES\"",\""text\"":\"" EYB 1993-67493\""},{\""type\"":\""DECISION_OTHER_REFERENCES\"",\""text\"":\"" JE 93-466\""},{\""type\"":\""DECISION_OTHER_REFERENCES\"",\""text\"":\"" [1993] SCJ No 22 (QL)\""},{\""type\"":\""DECISION_OTHER_REFERENCES\"",\""text\"":\"" [1993] ACS no 22\""},{\""type\"":\""DECISION_ALTERNATE_TITLE\"",\""text\"":\""R. v. K.G.B.\""},{\""type\"":\""DECISION_ALTERNATE_TITLE\"",\""text\"":\""R. v. B. (K.G.)\""},{\""type\"":\""DECISION_ALTERNATE_TITLE\"",\""text\"":\""R. v. B.(K.G.)\""},{\""type\"":\""DECISION_ALTERNATE_TITLE\"",\""text\"":\""R. c. B. (K.G.)\""},{\""type\"":\""DECISION_DOCKET_NUMBER\"",\""text\"":\""22351\""},{\""type\"":\""JURISDICTION_NAME\"",\""text\"":\""Canada (Federal)\""},{\""type\"":\""COLLECTION_NAME\"",\""text\"":\""Supreme Court of Canada\""}]"",
    ""jurisdictionId"": ""ca"",
    ""citedCount"": 1612
  }
]"
https://canlii.ca/t/1fs68,"[
  {
    ""id"": ""1993csc-scc11"",
    ""docType"": ""DECISION"",
    ""path"": ""/en/ca/scc/doc/1993/1993canlii154/1993canlii154.html"",
    ""docTitle"": ""Baron v. Canada"",
    ""autoCompletions"": ""[{\""type\"":\""DECISION_CANLII_REFERENCE\"",\""text\"":\""1993 CanLII 154 (SCC)\""},{\""type\"":\""DECISION_CANLII_REFERENCE\"",\""text\"":\""1993 CanLII 154 (CSC)\""},{\""type\"":\""MAIN_TITLE\"",\""text\"":\""Baron v. Canada\""},{\""type\"":\""DECISION_OFFICIAL_REPORT_REFERENCE\"",\""text\"":\""[1993] 1 SCR 416\""},{\""type\"":\""DECISION_OFFICIAL_REPORT_REFERENCE\"",\""text\"":\""[1993] 1 RCS 416\""},{\""type\"":\""DECISION_OTHER_REFERENCES\"",\""text\"":\""146 NR 270\""},{\""type\"":\""DECISION_OTHER_REFERENCES\"",\""text\"":\"" 99 DLR (4th) 350\""},{\""type\"":\""DECISION_OTHER_REFERENCES\"",\""text\"":\"" 18 CR (4th) 374\""},{\""type\"":\""DECISION_OTHER_REFERENCES\"",\""text\"":\"" 78 CCC (3d) 510\""},{\""type\"":\""DECISION_OTHER_REFERENCES\"",\""text\"":\"" [1993] 1 CTC 111\""},{\""type\"":\""DECISION_OTHER_REFERENCES\"",\""text\"":\"" 13 CRR (2d) 65\""},{\""type\"":\""DECISION_OTHER_REFERENCES\"",\""text\"":\"" [1993] FCJ No 6 (QL)\""},{\""type\"":\""DECISION_OTHER_REFERENCES\"",\""text\"":\"" [1993] SCJ No 6 (QL)\""},{\""type\"":\""DECISION_OTHER_REFERENCES\"",\""text\"":\"" [1993] ACS no 6\""},{\""type\"":\""DECISION_OTHER_REFERENCES\"",\""text\"":\"" 47 DTC 5018\""},{\""type\"":\""DECISION_OTHER_REFERENCES\"",\""text\"":\"" [1993] ACF No 6 (QL)\""},{\""type\"":\""DECISION_ALTERNATE_TITLE\"",\""text\"":\""The Queen et al. v. Baron et al.\""},{\""type\"":\""DECISION_ALTERNATE_TITLE\"",\""text\"":\""Baron v. R.\""},{\""type\"":\""DECISION_ALTERNATE_TITLE\"",\""text\"":\""Baron (B.) v. Canada\""},{\""type\"":\""DECISION_ALTERNATE_TITLE\"",\""text\"":\""Baron c. Canada\""},{\""type\"":\""DECISION_DOCKET_NUMBER\"",\""text\"":\""22298\""},{\""type\"":\""JURISDICTION_NAME\"",\""text\"":\""Canada (Federal)\""},{\""type\"":\""COLLECTION_NAME\"",\""text\"":\""Supreme Court of Canada\""}]"",
    ""jurisdictionId"": ""ca"",
    ""citedCount"": 563
  }
]"
https://canlii.ca/t/1fs7c,"[
  {
    ""id"": ""1992csc-scc104"",
    ""docType"": ""DECISION"",
    ""path"": ""/en/ca/scc/doc/1992/1992canlii51/1992canlii51.html"",
    ""docTitle"": ""Idziak v. Canada (Minister of Justice)"",
    ""autoCompletions"": ""[{\""type\"":\""DECISION_CANLII_REFERENCE\"",\""text\"":\""1992 CanLII 51 (SCC)\""},{\""type\"":\""DECISION_CANLII_REFERENCE\"",\""text\"":\""1992 CanLII 51 (CSC)\""},{\""type\"":\""MAIN_TITLE\"",\""text\"":\""Idziak v. Canada (Minister of Justice)\""},{\""type\"":\""DECISION_OFFICIAL_REPORT_REFERENCE\"",\""text\"":\""[1992] 3 SCR 631\""},{\""type\"":\""DECISION_OFFICIAL_REPORT_REFERENCE\"",\""text\"":\""[1992] 3 RCS 631\""},{\""type\"":\""DECISION_OTHER_REFERENCES\"",\""text\"":\""144 NR 327\""},{\""type\"":\""DECISION_OTHER_REFERENCES\"",\""text\"":\"" 97 DLR (4th) 577\""},{\""type\"":\""DECISION_OTHER_REFERENCES\"",\""text\"":\"" 36 ACWS (3d) 718\""},{\""type\"":\""DECISION_OTHER_REFERENCES\"",\""text\"":\"" 59 OAC 241\""},{\""type\"":\""DECISION_OTHER_REFERENCES\"",\""text\"":\"" 17 CR (4th) 161\""},{\""type\"":\""DECISION_OTHER_REFERENCES\"",\""text\"":\"" 77 CCC (3d) 65\""},{\""type\"":\""DECISION_OTHER_REFERENCES\"",\""text\"":\"" 12 CRR (2d) 77\""},{\""type\"":\""DECISION_OTHER_REFERENCES\"",\""text\"":\"" 17 WCB (2d) 572\""},{\""type\"":\""DECISION_OTHER_REFERENCES\"",\""text\"":\"" 9 Admin LR (2d) 1\""},{\""type\"":\""DECISION_OTHER_REFERENCES\"",\""text\"":\"" [1992] CarswellOnt 113\""},{\""type\"":\""DECISION_OTHER_REFERENCES\"",\""text\"":\"" [1992] SCJ No 97 (QL)\""},{\""type\"":\""DECISION_OTHER_REFERENCES\"",\""text\"":\"" [1992] ACS no 97\""},{\""type\"":\""DECISION_ALTERNATE_TITLE\"",\""text\"":\""Idziak c. Canada (Ministre de la Justice)\""},{\""type\"":\""DECISION_DOCKET_NUMBER\"",\""text\"":\""21845\""},{\""type\"":\""JURISDICTION_NAME\"",\""text\"":\""Canada (Federal)\""},{\""type\"":\""COLLECTION_NAME\"",\""text\"":\""Supreme Court of Canada\""}]"",
    ""jurisdictionId"": ""ca"",
    ""citedCount"": 263
  }
]"
https://canlii.ca/t/1fs7v,"[
  {
    ""id"": ""1992csc-scc111"",
    ""docType"": ""DECISION"",
    ""path"": ""/en/ca/scc/doc/1992/1992canlii25/1992canlii25.html"",
    ""docTitle"": ""Moge v. Moge"",
    ""autoCompletions"": ""[{\""type\"":\""DECISION_CANLII_REFERENCE\"",\""text\"":\""1992 CanLII 25 (SCC)\""},{\""type\"":\""DECISION_CANLII_REFERENCE\"",\""text\"":\""1992 CanLII 25 (CSC)\""},{\""type\"":\""MAIN_TITLE\"",\""text\"":\""Moge v. Moge\""},{\""type\"":\""DECISION_OFFICIAL_REPORT_REFERENCE\"",\""text\"":\""[1992] 3 SCR 813\""},{\""type\"":\""DECISION_OFFICIAL_REPORT_REFERENCE\"",\""text\"":\""[1992] 3 RCS 813\""},{\""type\"":\""DECISION_OTHER_REFERENCES\"",\""text\"":\"" REJB 1992-67141\""},{\""type\"":\""DECISION_OTHER_REFERENCES\"",\""text\"":\""145 NR 1\""},{\""type\"":\""DECISION_OTHER_REFERENCES\"",\""text\"":\"" 99 DLR (4th) 456\""},{\""type\"":\""DECISION_OTHER_REFERENCES\"",\""text\"":\"" 37 ACWS (3d) 527\""},{\""type\"":\""DECISION_OTHER_REFERENCES\"",\""text\"":\"" [1993] 1 WWR 481\""},{\""type\"":\""DECISION_OTHER_REFERENCES\"",\""text\"":\"" 30 WAC 161\""},{\""type\"":\""DECISION_OTHER_REFERENCES\"",\""text\"":\"" AZ-93111001\""},{\""type\"":\""DECISION_OTHER_REFERENCES\"",\""text\"":\"" 81 Man R (2d) 161\""},{\""type\"":\""DECISION_OTHER_REFERENCES\"",\""text\"":\"" 35 CR (4th) 813\""},{\""type\"":\""DECISION_OTHER_REFERENCES\"",\""text\"":\"" 43 RFL (3d) 345\""},{\""type\"":\""DECISION_OTHER_REFERENCES\"",\""text\"":\"" [1992] CarswellMan 143\""},{\""type\"":\""DECISION_OTHER_REFERENCES\"",\""text\"":\"" EYB 1992-67141\""},{\""type\"":\""DECISION_OTHER_REFERENCES\"",\""text\"":\"" JE 93-111\""},{\""type\"":\""DECISION_OTHER_REFERENCES\"",\""text\"":\"" [1992] SCJ No 107 (QL)\""},{\""type\"":\""DECISION_OTHER_REFERENCES\"",\""text\"":\"" [1992] ACS no 107\""},{\""type\"":\""DECISION_OTHER_REFERENCES\"",\""text\"":\"" [1993] RDF 168\""},{\""type\"":\""DECISION_ALTERNATE_TITLE\"",\""text\"":\""Moge c. Moge\""},{\""type\"":\""DECISION_DOCKET_NUMBER\"",\""text\"":\""21979\""},{\""type\"":\""JURISDICTION_NAME\"",\""text\"":\""Canada (Federal)\""},{\""type\"":\""COLLECTION_NAME\"",\""text\"":\""Supreme Court of Canada\""}]"",
    ""jurisdictionId"": ""ca"",
    ""citedCount"": 4424
  }
]"
https://canlii.ca/t/1fs85,"[
  {
    ""id"": ""1992csc-scc82"",
    ""docType"": ""DECISION"",
    ""path"": ""/en/ca/scc/doc/1992/1992canlii30/1992canlii30.html"",
    ""docTitle"": ""Dickason v. University of Alberta"",
    ""autoCompletions"": ""[{\""type\"":\""DECISION_CANLII_REFERENCE\"",\""text\"":\""1992 CanLII 30 (SCC)\""},{\""type\"":\""DECISION_CANLII_REFERENCE\"",\""text\"":\""1992 CanLII 30 (CSC)\""},{\""type\"":\""MAIN_TITLE\"",\""text\"":\""Dickason v. University of Alberta\""},{\""type\"":\""DECISION_OFFICIAL_REPORT_REFERENCE\"",\""text\"":\""[1992] 2 SCR 1103\""},{\""type\"":\""DECISION_OFFICIAL_REPORT_REFERENCE\"",\""text\"":\""[1992] 2 RCS 1103\""},{\""type\"":\""DECISION_OTHER_REFERENCES\"",\""text\"":\""141 NR 1\""},{\""type\"":\""DECISION_OTHER_REFERENCES\"",\""text\"":\"" 95 DLR (4th) 439\""},{\""type\"":\""DECISION_OTHER_REFERENCES\"",\""text\"":\"" [1992] 6 WWR 385\""},{\""type\"":\""DECISION_OTHER_REFERENCES\"",\""text\"":\"" 127 AR 241\""},{\""type\"":\""DECISION_OTHER_REFERENCES\"",\""text\"":\"" 4 Alta LR (3d) 193\""},{\""type\"":\""DECISION_OTHER_REFERENCES\"",\""text\"":\"" 11 CRR (2d) 1\""},{\""type\"":\""DECISION_OTHER_REFERENCES\"",\""text\"":\"" 17 CHRR 87\""},{\""type\"":\""DECISION_OTHER_REFERENCES\"",\""text\"":\"" [1992] SCJ No 76 (QL)\""},{\""type\"":\""DECISION_OTHER_REFERENCES\"",\""text\"":\"" [1992] ACS no 76\""},{\""type\"":\""DECISION_ALTERNATE_TITLE\"",\""text\"":\""Dickason v. Univeristy of Alberta\""},{\""type\"":\""DECISION_ALTERNATE_TITLE\"",\""text\"":\""University of Alberta v. Alberta (Human Rights Comm.)\""},{\""type\"":\""DECISION_ALTERNATE_TITLE\"",\""text\"":\""Dickason c. Université de l'Alberta\""},{\""type\"":\""DECISION_DOCKET_NUMBER\"",\""text\"":\""22700\""},{\""type\"":\""JURISDICTION_NAME\"",\""text\"":\""Canada (Federal)\""},{\""type\"":\""COLLECTION_NAME\"",\""text\"":\""Supreme Court of Canada\""}]"",
    ""jurisdictionId"": ""ca"",
    ""citedCount"": 256
  }
]"
https://canlii.ca/t/1fs9g,"[
  {
    ""id"": ""1992csc-scc69"",
    ""docType"": ""DECISION"",
    ""path"": ""/en/ca/scc/doc/1992/1992canlii72/1992canlii72.html"",
    ""docTitle"": ""R. v. Nova Scotia Pharmaceutical Society"",
    ""autoCompletions"": ""[{\""type\"":\""DECISION_CANLII_REFERENCE\"",\""text\"":\""1992 CanLII 72 (SCC)\""},{\""type\"":\""DECISION_CANLII_REFERENCE\"",\""text\"":\""1992 CanLII 72 (CSC)\""},{\""type\"":\""MAIN_TITLE\"",\""text\"":\""R. v. Nova Scotia Pharmaceutical Society\""},{\""type\"":\""DECISION_OFFICIAL_REPORT_REFERENCE\"",\""text\"":\""[1992] 2 SCR 606\""},{\""type\"":\""DECISION_OFFICIAL_REPORT_REFERENCE\"",\""text\"":\""[1992] 2 RCS 606\""},{\""type\"":\""DECISION_OTHER_REFERENCES\"",\""text\"":\""139 NR 241\""},{\""type\"":\""DECISION_OTHER_REFERENCES\"",\""text\"":\"" 93 DLR (4th) 36\""},{\""type\"":\""DECISION_OTHER_REFERENCES\"",\""text\"":\"" 34 ACWS (3d) 1092\""},{\""type\"":\""DECISION_OTHER_REFERENCES\"",\""text\"":\"" 114 NSR (2d) 91\""},{\""type\"":\""DECISION_OTHER_REFERENCES\"",\""text\"":\"" 313 APR 91\""},{\""type\"":\""DECISION_OTHER_REFERENCES\"",\""text\"":\"" 15 CR (4th) 1\""},{\""type\"":\""DECISION_OTHER_REFERENCES\"",\""text\"":\"" 74 CCC (3d) 289\""},{\""type\"":\""DECISION_OTHER_REFERENCES\"",\""text\"":\"" 10 CRR (2d) 34\""},{\""type\"":\""DECISION_OTHER_REFERENCES\"",\""text\"":\"" 16 WCB (2d) 460\""},{\""type\"":\""DECISION_OTHER_REFERENCES\"",\""text\"":\"" 43 CPR (3d) 1\""},{\""type\"":\""DECISION_OTHER_REFERENCES\"",\""text\"":\"" [1992] CarswellNS 15\""},{\""type\"":\""DECISION_OTHER_REFERENCES\"",\""text\"":\"" JE 92-1019\""},{\""type\"":\""DECISION_OTHER_REFERENCES\"",\""text\"":\"" [1992] SCJ No 67 (QL)\""},{\""type\"":\""DECISION_OTHER_REFERENCES\"",\""text\"":\"" [1992] ACS no 67\""},{\""type\"":\""DECISION_ALTERNATE_TITLE\"",\""text\"":\""Canada v. Pharmaceutical Society (Nova Scotia)\""},{\""type\"":\""DECISION_ALTERNATE_TITLE\"",\""text\"":\""R. v. Nova Scotia Pharmaceutical Society et al. (No. 2)\""},{\""type\"":\""DECISION_ALTERNATE_TITLE\"",\""text\"":\""R. c. Nova Scotia Pharmaceutical Society\""},{\""type\"":\""DECISION_DOCKET_NUMBER\"",\""text\"":\""22473\""},{\""type\"":\""JURISDICTION_NAME\"",\""text\"":\""Canada (Federal)\""},{\""type\"":\""COLLECTION_NAME\"",\""text\"":\""Supreme Court of Canada\""}]"",
    ""jurisdictionId"": ""ca"",
    ""citedCount"": 909
  }
]"
https://canlii.ca/t/1fscl,"[
  {
    ""id"": ""1992csc-scc33"",
    ""docType"": ""DECISION"",
    ""path"": ""/en/ca/scc/doc/1992/1992canlii95/1992canlii95.html"",
    ""docTitle"": ""R. v. CIP Inc."",
    ""autoCompletions"": ""[{\""type\"":\""DECISION_CANLII_REFERENCE\"",\""text\"":\""1992 CanLII 95 (SCC)\""},{\""type\"":\""DECISION_CANLII_REFERENCE\"",\""text\"":\""1992 CanLII 95 (CSC)\""},{\""type\"":\""MAIN_TITLE\"",\""text\"":\""R. v. CIP Inc.\""},{\""type\"":\""DECISION_OFFICIAL_REPORT_REFERENCE\"",\""text\"":\""[1992] 1 SCR 843\""},{\""type\"":\""DECISION_OFFICIAL_REPORT_REFERENCE\"",\""text\"":\""[1992] 1 RCS 843\""},{\""type\"":\""DECISION_OTHER_REFERENCES\"",\""text\"":\""135 NR 90\""},{\""type\"":\""DECISION_OTHER_REFERENCES\"",\""text\"":\"" 52 OAC 366\""},{\""type\"":\""DECISION_OTHER_REFERENCES\"",\""text\"":\"" AZ-92111055\""},{\""type\"":\""DECISION_OTHER_REFERENCES\"",\""text\"":\"" 12 CR (4th) 237\""},{\""type\"":\""DECISION_OTHER_REFERENCES\"",\""text\"":\"" 71 CCC (3d) 129\""},{\""type\"":\""DECISION_OTHER_REFERENCES\"",\""text\"":\"" 15 WCB (2d) 589\""},{\""type\"":\""DECISION_OTHER_REFERENCES\"",\""text\"":\"" 9 CRR (2d) 62\""},{\""type\"":\""DECISION_OTHER_REFERENCES\"",\""text\"":\"" [1992] CarswellOnt 82\""},{\""type\"":\""DECISION_OTHER_REFERENCES\"",\""text\"":\"" JE 92-616\""},{\""type\"":\""DECISION_OTHER_REFERENCES\"",\""text\"":\"" [1992] SCJ No 34 (QL)\""},{\""type\"":\""DECISION_ALTERNATE_TITLE\"",\""text\"":\""R. v. C.I.P. Inc.\""},{\""type\"":\""DECISION_ALTERNATE_TITLE\"",\""text\"":\""R. c. CIP Inc.\""},{\""type\"":\""DECISION_DOCKET_NUMBER\"",\""text\"":\""22025\""},{\""type\"":\""JURISDICTION_NAME\"",\""text\"":\""Canada (Federal)\""},{\""type\"":\""COLLECTION_NAME\"",\""text\"":\""Supreme Court of Canada\""}]"",
    ""jurisdictionId"": ""ca"",
    ""citedCount"": 314
  }
]"
https://canlii.ca/t/1fsf6,"[
  {
    ""id"": ""1992csc-scc25"",
    ""docType"": ""DECISION"",
    ""path"": ""/en/ca/scc/doc/1992/1992canlii87/1992canlii87.html"",
    ""docTitle"": ""Canada (Minister of Employment and Immigration) v. Chiarelli"",
    ""autoCompletions"": ""[{\""type\"":\""DECISION_CANLII_REFERENCE\"",\""text\"":\""1992 CanLII 87 (SCC)\""},{\""type\"":\""DECISION_CANLII_REFERENCE\"",\""text\"":\""1992 CanLII 87 (CSC)\""},{\""type\"":\""MAIN_TITLE\"",\""text\"":\""Canada (Minister of Employment and Immigration) v. Chiarelli\""},{\""type\"":\""DECISION_OFFICIAL_REPORT_REFERENCE\"",\""text\"":\""[1992] 1 SCR 711\""},{\""type\"":\""DECISION_OFFICIAL_REPORT_REFERENCE\"",\""text\"":\""[1992] 1 RCS 711\""},{\""type\"":\""DECISION_OTHER_REFERENCES\"",\""text\"":\""135 NR 161\""},{\""type\"":\""DECISION_OTHER_REFERENCES\"",\""text\"":\"" 90 DLR (4th) 289\""},{\""type\"":\""DECISION_OTHER_REFERENCES\"",\""text\"":\"" 32 ACWS (3d) 622\""},{\""type\"":\""DECISION_OTHER_REFERENCES\"",\""text\"":\"" 72 CCC (3d) 214\""},{\""type\"":\""DECISION_OTHER_REFERENCES\"",\""text\"":\"" 16 Imm LR (2d) 1\""},{\""type\"":\""DECISION_OTHER_REFERENCES\"",\""text\"":\"" 2 Admin LR (2d) 125\""},{\""type\"":\""DECISION_OTHER_REFERENCES\"",\""text\"":\"" 8 CRR (2d) 234\""},{\""type\"":\""DECISION_OTHER_REFERENCES\"",\""text\"":\"" JE 92-511\""},{\""type\"":\""DECISION_OTHER_REFERENCES\"",\""text\"":\"" [1992] SCJ No 27 (QL)\""},{\""type\"":\""DECISION_OTHER_REFERENCES\"",\""text\"":\"" [1992] ACS no 27\""},{\""type\"":\""DECISION_ALTERNATE_TITLE\"",\""text\"":\""Chiarelli v. Canada (Minister of Employment & Immigration)\""},{\""type\"":\""DECISION_ALTERNATE_TITLE\"",\""text\"":\""Chiarelli v. Canada (Minister of Employment and Immigration\""},{\""type\"":\""DECISION_ALTERNATE_TITLE\"",\""text\"":\""Chiarelli v. Canada (Minister of Employment and Immigration)\""},{\""type\"":\""DECISION_ALTERNATE_TITLE\"",\""text\"":\""Canada (Ministre de l'Emploi et de l'Immigration) c. Chiarelli\""},{\""type\"":\""DECISION_DOCKET_NUMBER\"",\""text\"":\""21920\""},{\""type\"":\""JURISDICTION_NAME\"",\""text\"":\""Canada (Federal)\""},{\""type\"":\""COLLECTION_NAME\"",\""text\"":\""Supreme Court of Canada\""}]"",
    ""jurisdictionId"": ""ca"",
    ""citedCount"": 783
  }
]"
https://canlii.ca/t/1fsft,"[
  {
    ""id"": ""1992csc-scc2"",
    ""docType"": ""DECISION"",
    ""path"": ""/en/ca/scc/doc/1992/1992canlii111/1992canlii111.html"",
    ""docTitle"": ""R. v. Bain"",
    ""autoCompletions"": ""[{\""type\"":\""DECISION_CANLII_REFERENCE\"",\""text\"":\""1992 CanLII 111 (SCC)\""},{\""type\"":\""DECISION_CANLII_REFERENCE\"",\""text\"":\""1992 CanLII 111 (CSC)\""},{\""type\"":\""MAIN_TITLE\"",\""text\"":\""R. v. Bain\""},{\""type\"":\""DECISION_OFFICIAL_REPORT_REFERENCE\"",\""text\"":\""[1992] 1 SCR 91\""},{\""type\"":\""DECISION_OFFICIAL_REPORT_REFERENCE\"",\""text\"":\""[1992] 1 RCS 91\""},{\""type\"":\""DECISION_OTHER_REFERENCES\"",\""text\"":\"" REJB 1992-67502\""},{\""type\"":\""DECISION_OTHER_REFERENCES\"",\""text\"":\""133 NR 1\""},{\""type\"":\""DECISION_OTHER_REFERENCES\"",\""text\"":\"" 87 DLR (4th) 449\""},{\""type\"":\""DECISION_OTHER_REFERENCES\"",\""text\"":\"" 51 OAC 161\""},{\""type\"":\""DECISION_OTHER_REFERENCES\"",\""text\"":\"" 10 CR (4th) 257\""},{\""type\"":\""DECISION_OTHER_REFERENCES\"",\""text\"":\"" 69 CCC (3d) 481\""},{\""type\"":\""DECISION_OTHER_REFERENCES\"",\""text\"":\"" 15 WCB (2d) 81\""},{\""type\"":\""DECISION_OTHER_REFERENCES\"",\""text\"":\"" 7 CRR (2d) 193\""},{\""type\"":\""DECISION_OTHER_REFERENCES\"",\""text\"":\"" EYB 1992-67502\""},{\""type\"":\""DECISION_OTHER_REFERENCES\"",\""text\"":\"" JE 92-189\""},{\""type\"":\""DECISION_OTHER_REFERENCES\"",\""text\"":\"" [1992] SCJ No 3 (QL)\""},{\""type\"":\""DECISION_ALTERNATE_TITLE\"",\""text\"":\""R. c. Bain\""},{\""type\"":\""DECISION_DOCKET_NUMBER\"",\""text\"":\""21401\""},{\""type\"":\""JURISDICTION_NAME\"",\""text\"":\""Canada (Federal)\""},{\""type\"":\""COLLECTION_NAME\"",\""text\"":\""Supreme Court of Canada\""}]"",
    ""jurisdictionId"": ""ca"",
    ""citedCount"": 273
  }
]"
https://canlii.ca/t/1fsg8,"[
  {
    ""id"": ""1992csc-scc8"",
    ""docType"": ""DECISION"",
    ""path"": ""/en/ca/scc/doc/1992/1992canlii117/1992canlii117.html"",
    ""docTitle"": ""R. v. Généreux"",
    ""autoCompletions"": ""[{\""type\"":\""DECISION_CANLII_REFERENCE\"",\""text\"":\""1992 CanLII 117 (SCC)\""},{\""type\"":\""DECISION_CANLII_REFERENCE\"",\""text\"":\""1992 CanLII 117 (CSC)\""},{\""type\"":\""MAIN_TITLE\"",\""text\"":\""R. v. Généreux\""},{\""type\"":\""DECISION_OFFICIAL_REPORT_REFERENCE\"",\""text\"":\""[1992] 1 SCR 259\""},{\""type\"":\""DECISION_OFFICIAL_REPORT_REFERENCE\"",\""text\"":\""[1992] 1 RCS 259\""},{\""type\"":\""DECISION_OTHER_REFERENCES\"",\""text\"":\""133 NR 241\""},{\""type\"":\""DECISION_OTHER_REFERENCES\"",\""text\"":\"" 88 DLR (4th) 110\""},{\""type\"":\""DECISION_OTHER_REFERENCES\"",\""text\"":\"" 70 CCC (3d) 1\""},{\""type\"":\""DECISION_OTHER_REFERENCES\"",\""text\"":\"" 15 WCB (2d) 84\""},{\""type\"":\""DECISION_OTHER_REFERENCES\"",\""text\"":\"" 8 CRR (2d) 89\""},{\""type\"":\""DECISION_OTHER_REFERENCES\"",\""text\"":\"" [1992] CarswellNat 668\""},{\""type\"":\""DECISION_OTHER_REFERENCES\"",\""text\"":\"" JE 92-287\""},{\""type\"":\""DECISION_OTHER_REFERENCES\"",\""text\"":\"" [1992] SCJ No 10 (QL)\""},{\""type\"":\""DECISION_OTHER_REFERENCES\"",\""text\"":\"" [1992] ACS no 10\""},{\""type\"":\""DECISION_OTHER_REFERENCES\"",\""text\"":\"" 8 CCR (2d) 89\""},{\""type\"":\""DECISION_ALTERNATE_TITLE\"",\""text\"":\""R. v. Genereux\""},{\""type\"":\""DECISION_ALTERNATE_TITLE\"",\""text\"":\""R. c. Généreux\""},{\""type\"":\""DECISION_DOCKET_NUMBER\"",\""text\"":\""22103\""},{\""type\"":\""JURISDICTION_NAME\"",\""text\"":\""Canada (Federal)\""},{\""type\"":\""COLLECTION_NAME\"",\""text\"":\""Supreme Court of Canada\""}]"",
    ""jurisdictionId"": ""ca"",
    ""citedCount"": 566
  }
]"
https://canlii.ca/t/1fsgp,"[
  {
    ""id"": ""1991csc-scc91"",
    ""docType"": ""DECISION"",
    ""path"": ""/en/ca/scc/doc/1991/1991canlii45/1991canlii45.html"",
    ""docTitle"": ""R. v. Stinchcombe"",
    ""autoCompletions"": ""[{\""type\"":\""DECISION_CANLII_REFERENCE\"",\""text\"":\""1991 CanLII 45 (SCC)\""},{\""type\"":\""DECISION_CANLII_REFERENCE\"",\""text\"":\""1991 CanLII 45 (CSC)\""},{\""type\"":\""MAIN_TITLE\"",\""text\"":\""R. v. Stinchcombe\""},{\""type\"":\""DECISION_OFFICIAL_REPORT_REFERENCE\"",\""text\"":\""[1991] 3 SCR 326\""},{\""type\"":\""DECISION_OFFICIAL_REPORT_REFERENCE\"",\""text\"":\""[1991] 3 RCS 326\""},{\""type\"":\""DECISION_OTHER_REFERENCES\"",\""text\"":\"" REJB 1991-66887\""},{\""type\"":\""DECISION_OTHER_REFERENCES\"",\""text\"":\""130 NR 277\""},{\""type\"":\""DECISION_OTHER_REFERENCES\"",\""text\"":\"" [1992] 1 WWR 97\""},{\""type\"":\""DECISION_OTHER_REFERENCES\"",\""text\"":\"" 8 WAC 161\""},{\""type\"":\""DECISION_OTHER_REFERENCES\"",\""text\"":\"" AZ-91111102\""},{\""type\"":\""DECISION_OTHER_REFERENCES\"",\""text\"":\"" 120 AR 161\""},{\""type\"":\""DECISION_OTHER_REFERENCES\"",\""text\"":\"" 83 Alta LR (2d) 193\""},{\""type\"":\""DECISION_OTHER_REFERENCES\"",\""text\"":\"" 68 CCC (3d) 1\""},{\""type\"":\""DECISION_OTHER_REFERENCES\"",\""text\"":\"" 8 CR (4th) 277\""},{\""type\"":\""DECISION_OTHER_REFERENCES\"",\""text\"":\"" 9 CR (4th) 277\""},{\""type\"":\""DECISION_OTHER_REFERENCES\"",\""text\"":\"" 14 WCB (2d) 266\""},{\""type\"":\""DECISION_OTHER_REFERENCES\"",\""text\"":\"" 18 CRR (2d) 210\""},{\""type\"":\""DECISION_OTHER_REFERENCES\"",\""text\"":\"" [1991] CarswellAlta 192\""},{\""type\"":\""DECISION_OTHER_REFERENCES\"",\""text\"":\"" EYB 1991-66887\""},{\""type\"":\""DECISION_OTHER_REFERENCES\"",\""text\"":\"" JE 91-1713\""},{\""type\"":\""DECISION_OTHER_REFERENCES\"",\""text\"":\"" [1991] SCJ No 83 (QL)\""},{\""type\"":\""DECISION_OTHER_REFERENCES\"",\""text\"":\"" [1991] SJ No 83 (QL)\""},{\""type\"":\""DECISION_OTHER_REFERENCES\"",\""text\"":\"" [1991] ACS no 83\""},{\""type\"":\""DECISION_ALTERNATE_TITLE\"",\""text\"":\""R. c. Stinchcombe\""},{\""type\"":\""DECISION_DOCKET_NUMBER\"",\""text\"":\""21904\""},{\""type\"":\""JURISDICTION_NAME\"",\""text\"":\""Canada (Federal)\""},{\""type\"":\""COLLECTION_NAME\"",\""text\"":\""Supreme Court of Canada\""}]"",
    ""jurisdictionId"": ""ca"",
    ""citedCount"": 4254
  }
]"
https://canlii.ca/t/1fshg,"[
  {
    ""id"": ""1991csc-scc103"",
    ""docType"": ""DECISION"",
    ""path"": ""/en/ca/scc/doc/1991/1991canlii17/1991canlii17.html"",
    ""docTitle"": ""R. v. Salituro"",
    ""autoCompletions"": ""[{\""type\"":\""DECISION_CANLII_REFERENCE\"",\""text\"":\""1991 CanLII 17 (SCC)\""},{\""type\"":\""DECISION_CANLII_REFERENCE\"",\""text\"":\""1991 CanLII 17 (CSC)\""},{\""type\"":\""MAIN_TITLE\"",\""text\"":\""R. v. Salituro\""},{\""type\"":\""DECISION_OFFICIAL_REPORT_REFERENCE\"",\""text\"":\""[1991] 3 SCR 654\""},{\""type\"":\""DECISION_OFFICIAL_REPORT_REFERENCE\"",\""text\"":\""[1991] 3 RCS 654\""},{\""type\"":\""DECISION_OTHER_REFERENCES\"",\""text\"":\""131 NR 161\""},{\""type\"":\""DECISION_OTHER_REFERENCES\"",\""text\"":\"" 50 OAC 125\""},{\""type\"":\""DECISION_OTHER_REFERENCES\"",\""text\"":\"" 68 CCC (3d) 289\""},{\""type\"":\""DECISION_OTHER_REFERENCES\"",\""text\"":\"" 9 CR (4th) 324\""},{\""type\"":\""DECISION_OTHER_REFERENCES\"",\""text\"":\"" 14 WCB (2d) 407\""},{\""type\"":\""DECISION_OTHER_REFERENCES\"",\""text\"":\"" 8 CRR (2d) 173\""},{\""type\"":\""DECISION_OTHER_REFERENCES\"",\""text\"":\"" JE 92-16\""},{\""type\"":\""DECISION_OTHER_REFERENCES\"",\""text\"":\"" [1991] SCJ No 97 (QL)\""},{\""type\"":\""DECISION_OTHER_REFERENCES\"",\""text\"":\"" [1991] ACS no 97\""},{\""type\"":\""DECISION_ALTERNATE_TITLE\"",\""text\"":\""R. c. Salituro\""},{\""type\"":\""DECISION_DOCKET_NUMBER\"",\""text\"":\""22049\""},{\""type\"":\""JURISDICTION_NAME\"",\""text\"":\""Canada (Federal)\""},{\""type\"":\""COLLECTION_NAME\"",\""text\"":\""Supreme Court of Canada\""}]"",
    ""jurisdictionId"": ""ca"",
    ""citedCount"": 406
  }
]"
https://canlii.ca/t/1fsjf,"[
  {
    ""id"": ""1991csc-scc85"",
    ""docType"": ""DECISION"",
    ""path"": ""/en/ca/scc/doc/1991/1991canlii39/1991canlii39.html"",
    ""docTitle"": ""R. v. Wholesale Travel Group Inc."",
    ""autoCompletions"": ""[{\""type\"":\""DECISION_CANLII_REFERENCE\"",\""text\"":\""1991 CanLII 39 (SCC)\""},{\""type\"":\""DECISION_CANLII_REFERENCE\"",\""text\"":\""1991 CanLII 39 (CSC)\""},{\""type\"":\""MAIN_TITLE\"",\""text\"":\""R. v. Wholesale Travel Group Inc.\""},{\""type\"":\""DECISION_OFFICIAL_REPORT_REFERENCE\"",\""text\"":\""[1991] 3 SCR 154\""},{\""type\"":\""DECISION_OFFICIAL_REPORT_REFERENCE\"",\""text\"":\""[1991] 3 RCS 154\""},{\""type\"":\""DECISION_OTHER_REFERENCES\"",\""text\"":\""4 OR (3d) 799\""},{\""type\"":\""DECISION_OTHER_REFERENCES\"",\""text\"":\"" 130 NR 1\""},{\""type\"":\""DECISION_OTHER_REFERENCES\"",\""text\"":\"" 84 DLR (4th) 161\""},{\""type\"":\""DECISION_OTHER_REFERENCES\"",\""text\"":\"" 30 ACWS (3d) 660\""},{\""type\"":\""DECISION_OTHER_REFERENCES\"",\""text\"":\"" 49 OAC 161\""},{\""type\"":\""DECISION_OTHER_REFERENCES\"",\""text\"":\"" AZ-91111099\""},{\""type\"":\""DECISION_OTHER_REFERENCES\"",\""text\"":\"" 67 CCC (3d) 193\""},{\""type\"":\""DECISION_OTHER_REFERENCES\"",\""text\"":\"" 8 CR (4th) 145\""},{\""type\"":\""DECISION_OTHER_REFERENCES\"",\""text\"":\"" 14 WCB (2d) 208\""},{\""type\"":\""DECISION_OTHER_REFERENCES\"",\""text\"":\"" 38 CPR (3d) 451\""},{\""type\"":\""DECISION_OTHER_REFERENCES\"",\""text\"":\"" 7 CRR (2d) 36\""},{\""type\"":\""DECISION_OTHER_REFERENCES\"",\""text\"":\"" [1991] CarswellOnt 117\""},{\""type\"":\""DECISION_OTHER_REFERENCES\"",\""text\"":\"" JE 91-1635\""},{\""type\"":\""DECISION_OTHER_REFERENCES\"",\""text\"":\"" [1991] SCJ No 79 (QL)\""},{\""type\"":\""DECISION_OTHER_REFERENCES\"",\""text\"":\"" [1991] ACS no 79\""},{\""type\"":\""DECISION_ALTERNATE_TITLE\"",\""text\"":\""R. v. Wholesale Travel Group Inc. and Chedore\""},{\""type\"":\""DECISION_ALTERNATE_TITLE\"",\""text\"":\""R. c. Wholesale Travel Group Inc.\""},{\""type\"":\""DECISION_DOCKET_NUMBER\"",\""text\"":\""21786\""},{\""type\"":\""DECISION_DOCKET_NUMBER\"",\""text\"":\"" 21779\""},{\""type\"":\""JURISDICTION_NAME\"",\""text\"":\""Canada (Federal)\""},{\""type\"":\""COLLECTION_NAME\"",\""text\"":\""Supreme Court of Canada\""}]"",
    ""jurisdictionId"": ""ca"",
    ""citedCount"": 1327
  }
]"
https://canlii.ca/t/1fsjw,"[
  {
    ""id"": ""1991csc-scc60"",
    ""docType"": ""DECISION"",
    ""path"": ""/en/ca/scc/doc/1991/1991canlii68/1991canlii68.html"",
    ""docTitle"": ""Lavigne v. Ontario Public Service Employees Union"",
    ""autoCompletions"": ""[{\""type\"":\""DECISION_CANLII_REFERENCE\"",\""text\"":\""1991 CanLII 68 (SCC)\""},{\""type\"":\""DECISION_CANLII_REFERENCE\"",\""text\"":\""1991 CanLII 68 (CSC)\""},{\""type\"":\""MAIN_TITLE\"",\""text\"":\""Lavigne v. Ontario Public Service Employees Union\""},{\""type\"":\""DECISION_OFFICIAL_REPORT_REFERENCE\"",\""text\"":\""[1991] 2 SCR 211\""},{\""type\"":\""DECISION_OFFICIAL_REPORT_REFERENCE\"",\""text\"":\""[1991] 2 RCS 211\""},{\""type\"":\""DECISION_OTHER_REFERENCES\"",\""text\"":\""3 OR (3d) 511\""},{\""type\"":\""DECISION_OTHER_REFERENCES\"",\""text\"":\"" 126 NR 161\""},{\""type\"":\""DECISION_OTHER_REFERENCES\"",\""text\"":\"" 81 DLR (4th) 545\""},{\""type\"":\""DECISION_OTHER_REFERENCES\"",\""text\"":\"" 48 OAC 241\""},{\""type\"":\""DECISION_OTHER_REFERENCES\"",\""text\"":\"" 4 CRR (2d) 193\""},{\""type\"":\""DECISION_OTHER_REFERENCES\"",\""text\"":\"" JE 91-1122\""},{\""type\"":\""DECISION_OTHER_REFERENCES\"",\""text\"":\"" [1991] SCJ No 52 (QL)\""},{\""type\"":\""DECISION_OTHER_REFERENCES\"",\""text\"":\"" [1991] ACS no 52\""},{\""type\"":\""DECISION_OTHER_REFERENCES\"",\""text\"":\"" 4 CCR (2d) 193\""},{\""type\"":\""DECISION_ALTERNATE_TITLE\"",\""text\"":\""Lavigne v. O.P.S.E.U.\""},{\""type\"":\""DECISION_ALTERNATE_TITLE\"",\""text\"":\""Lavigne c. Syndicat des employés de la fonction publique de l'Ontario\""},{\""type\"":\""DECISION_DOCKET_NUMBER\"",\""text\"":\""21378\""},{\""type\"":\""JURISDICTION_NAME\"",\""text\"":\""Canada (Federal)\""},{\""type\"":\""COLLECTION_NAME\"",\""text\"":\""Supreme Court of Canada\""}]"",
    ""jurisdictionId"": ""ca"",
    ""citedCount"": 462
  }
]"
https://canlii.ca/t/1fsjz,"[
  {
    ""id"": ""1991csc-scc61"",
    ""docType"": ""DECISION"",
    ""path"": ""/en/ca/scc/doc/1991/1991canlii69/1991canlii69.html"",
    ""docTitle"": ""Geffen v. Goodman Estate"",
    ""autoCompletions"": ""[{\""type\"":\""DECISION_CANLII_REFERENCE\"",\""text\"":\""1991 CanLII 69 (SCC)\""},{\""type\"":\""DECISION_CANLII_REFERENCE\"",\""text\"":\""1991 CanLII 69 (CSC)\""},{\""type\"":\""MAIN_TITLE\"",\""text\"":\""Geffen v. Goodman Estate\""},{\""type\"":\""DECISION_OFFICIAL_REPORT_REFERENCE\"",\""text\"":\""[1991] 2 SCR 353\""},{\""type\"":\""DECISION_OFFICIAL_REPORT_REFERENCE\"",\""text\"":\""[1991] 2 RCS 353\""},{\""type\"":\""DECISION_OTHER_REFERENCES\"",\""text\"":\""127 NR 241\""},{\""type\"":\""DECISION_OTHER_REFERENCES\"",\""text\"":\"" 81 DLR (4th) 211\""},{\""type\"":\""DECISION_OTHER_REFERENCES\"",\""text\"":\"" 27 ACWS (3d) 930\""},{\""type\"":\""DECISION_OTHER_REFERENCES\"",\""text\"":\"" 14 WAC 81\""},{\""type\"":\""DECISION_OTHER_REFERENCES\"",\""text\"":\"" [1991] 5 WWR 389\""},{\""type\"":\""DECISION_OTHER_REFERENCES\"",\""text\"":\"" 125 AR 81\""},{\""type\"":\""DECISION_OTHER_REFERENCES\"",\""text\"":\"" 80 Alta LR (2d) 293\""},{\""type\"":\""DECISION_OTHER_REFERENCES\"",\""text\"":\"" 42 ETR 97\""},{\""type\"":\""DECISION_OTHER_REFERENCES\"",\""text\"":\"" [1991] CarswellAlta 91\""},{\""type\"":\""DECISION_OTHER_REFERENCES\"",\""text\"":\"" JE 91-1059\""},{\""type\"":\""DECISION_OTHER_REFERENCES\"",\""text\"":\"" [1991] SCJ No 53 (QL)\""},{\""type\"":\""DECISION_OTHER_REFERENCES\"",\""text\"":\"" [1991] ACS no 53\""},{\""type\"":\""DECISION_ALTERNATE_TITLE\"",\""text\"":\""Goodman Estate v. Geffen\""},{\""type\"":\""DECISION_ALTERNATE_TITLE\"",\""text\"":\""Geffen c. Succession Goodman\""},{\""type\"":\""DECISION_DOCKET_NUMBER\"",\""text\"":\""21613\""},{\""type\"":\""JURISDICTION_NAME\"",\""text\"":\""Canada (Federal)\""},{\""type\"":\""COLLECTION_NAME\"",\""text\"":\""Supreme Court of Canada\""}]"",
    ""jurisdictionId"": ""ca"",
    ""citedCount"": 911
  }
]"
https://canlii.ca/t/1fsks,"[
  {
    ""id"": ""1991csc-scc41"",
    ""docType"": ""DECISION"",
    ""path"": ""/en/ca/scc/doc/1991/1991canlii104/1991canlii104.html"",
    ""docTitle"": ""R. v. Swain"",
    ""autoCompletions"": ""[{\""type\"":\""DECISION_CANLII_REFERENCE\"",\""text\"":\""1991 CanLII 104 (SCC)\""},{\""type\"":\""DECISION_CANLII_REFERENCE\"",\""text\"":\""1991 CanLII 104 (CSC)\""},{\""type\"":\""MAIN_TITLE\"",\""text\"":\""R. v. Swain\""},{\""type\"":\""DECISION_OFFICIAL_REPORT_REFERENCE\"",\""text\"":\""[1991] 1 SCR 933\""},{\""type\"":\""DECISION_OFFICIAL_REPORT_REFERENCE\"",\""text\"":\""[1991] 1 RCS 933\""},{\""type\"":\""DECISION_OTHER_REFERENCES\"",\""text\"":\""125 NR 1\""},{\""type\"":\""DECISION_OTHER_REFERENCES\"",\""text\"":\"" 47 OAC 81\""},{\""type\"":\""DECISION_OTHER_REFERENCES\"",\""text\"":\"" 5 CR (4th) 253\""},{\""type\"":\""DECISION_OTHER_REFERENCES\"",\""text\"":\"" 63 CCC (3d) 481\""},{\""type\"":\""DECISION_OTHER_REFERENCES\"",\""text\"":\"" 12 WCB (2d) 582\""},{\""type\"":\""DECISION_OTHER_REFERENCES\"",\""text\"":\"" 3 CRR (2d) 1\""},{\""type\"":\""DECISION_OTHER_REFERENCES\"",\""text\"":\"" [1991] CarswellOnt 93\""},{\""type\"":\""DECISION_OTHER_REFERENCES\"",\""text\"":\"" JE 91-765\""},{\""type\"":\""DECISION_OTHER_REFERENCES\"",\""text\"":\"" [1991] SCJ No 32 (QL)\""},{\""type\"":\""DECISION_OTHER_REFERENCES\"",\""text\"":\"" [1991] ACS no 32\""},{\""type\"":\""DECISION_ALTERNATE_TITLE\"",\""text\"":\""R. c. Swain\""},{\""type\"":\""DECISION_DOCKET_NUMBER\"",\""text\"":\""19758\""},{\""type\"":\""JURISDICTION_NAME\"",\""text\"":\""Canada (Federal)\""},{\""type\"":\""COLLECTION_NAME\"",\""text\"":\""Supreme Court of Canada\""}]"",
    ""jurisdictionId"": ""ca"",
    ""citedCount"": 905
  }
]"
https://canlii.ca/t/1fslt,"[
  {
    ""id"": ""1991csc-scc23"",
    ""docType"": ""DECISION"",
    ""path"": ""/en/ca/scc/doc/1991/1991canlii86/1991canlii86.html"",
    ""docTitle"": ""R. v. Sherratt"",
    ""autoCompletions"": ""[{\""type\"":\""DECISION_CANLII_REFERENCE\"",\""text\"":\""1991 CanLII 86 (SCC)\""},{\""type\"":\""DECISION_CANLII_REFERENCE\"",\""text\"":\""1991 CanLII 86 (CSC)\""},{\""type\"":\""MAIN_TITLE\"",\""text\"":\""R. v. Sherratt\""},{\""type\"":\""DECISION_OFFICIAL_REPORT_REFERENCE\"",\""text\"":\""[1991] 1 SCR 509\""},{\""type\"":\""DECISION_OFFICIAL_REPORT_REFERENCE\"",\""text\"":\""[1991] 1 RCS 509\""},{\""type\"":\""DECISION_OTHER_REFERENCES\"",\""text\"":\""122 NR 241\""},{\""type\"":\""DECISION_OTHER_REFERENCES\"",\""text\"":\"" 73 Man R (2d) 161\""},{\""type\"":\""DECISION_OTHER_REFERENCES\"",\""text\"":\"" 3 CR (4th) 129\""},{\""type\"":\""DECISION_OTHER_REFERENCES\"",\""text\"":\"" 63 CCC (3d) 193\""},{\""type\"":\""DECISION_OTHER_REFERENCES\"",\""text\"":\"" 12 WCB (2d) 517\""},{\""type\"":\""DECISION_OTHER_REFERENCES\"",\""text\"":\"" JE 91-517\""},{\""type\"":\""DECISION_OTHER_REFERENCES\"",\""text\"":\"" [1991] SCJ No 21 (QL)\""},{\""type\"":\""DECISION_ALTERNATE_TITLE\"",\""text\"":\""R. c. Sherratt\""},{\""type\"":\""DECISION_DOCKET_NUMBER\"",\""text\"":\""21501\""},{\""type\"":\""JURISDICTION_NAME\"",\""text\"":\""Canada (Federal)\""},{\""type\"":\""COLLECTION_NAME\"",\""text\"":\""Supreme Court of Canada\""}]"",
    ""jurisdictionId"": ""ca"",
    ""citedCount"": 345
  }
]"
https://canlii.ca/t/1fslz,"[
  {
    ""id"": ""1991csc-scc25"",
    ""docType"": ""DECISION"",
    ""path"": ""/en/ca/scc/doc/1991/1991canlii88/1991canlii88.html"",
    ""docTitle"": ""Canada (Attorney General) v. Public Service Alliance of Canada"",
    ""autoCompletions"": ""[{\""type\"":\""DECISION_CANLII_REFERENCE\"",\""text\"":\""1991 CanLII 88 (SCC)\""},{\""type\"":\""DECISION_CANLII_REFERENCE\"",\""text\"":\""1991 CanLII 88 (CSC)\""},{\""type\"":\""MAIN_TITLE\"",\""text\"":\""Canada (Attorney General) v. Public Service Alliance of Canada\""},{\""type\"":\""DECISION_OFFICIAL_REPORT_REFERENCE\"",\""text\"":\""[1991] 1 SCR 614\""},{\""type\"":\""DECISION_OFFICIAL_REPORT_REFERENCE\"",\""text\"":\""[1991] 1 RCS 614\""},{\""type\"":\""DECISION_OTHER_REFERENCES\"",\""text\"":\""123 NR 161\""},{\""type\"":\""DECISION_OTHER_REFERENCES\"",\""text\"":\"" 80 DLR (4th) 520\""},{\""type\"":\""DECISION_OTHER_REFERENCES\"",\""text\"":\"" 26 ACWS (3d) 385\""},{\""type\"":\""DECISION_OTHER_REFERENCES\"",\""text\"":\"" 48 Admin LR 161\""},{\""type\"":\""DECISION_OTHER_REFERENCES\"",\""text\"":\"" JE 91-580\""},{\""type\"":\""DECISION_OTHER_REFERENCES\"",\""text\"":\"" [1991] SCJ No 19 (QL)\""},{\""type\"":\""DECISION_ALTERNATE_TITLE\"",\""text\"":\""Canada (Attorney General) v. P.S.A.C.\""},{\""type\"":\""DECISION_ALTERNATE_TITLE\"",\""text\"":\""Canada (Attorney-general) v. Public Service Alliance of Canada)\""},{\""type\"":\""DECISION_ALTERNATE_TITLE\"",\""text\"":\""Canada (Procureur général) c. Alliance de la Fonction publique du Canada\""},{\""type\"":\""DECISION_DOCKET_NUMBER\"",\""text\"":\""21393\""},{\""type\"":\""JURISDICTION_NAME\"",\""text\"":\""Canada (Federal)\""},{\""type\"":\""COLLECTION_NAME\"",\""text\"":\""Supreme Court of Canada\""}]"",
    ""jurisdictionId"": ""ca"",
    ""citedCount"": 282
  }
]"
https://canlii.ca/t/1fspm,"[
  {
    ""id"": ""1990csc-scc139"",
    ""docType"": ""DECISION"",
    ""path"": ""/en/ca/scc/doc/1990/1990canlii34/1990canlii34.html"",
    ""docTitle"": ""R. v. Chaulk"",
    ""autoCompletions"": ""[{\""type\"":\""DECISION_CANLII_REFERENCE\"",\""text\"":\""1990 CanLII 34 (SCC)\""},{\""type\"":\""DECISION_CANLII_REFERENCE\"",\""text\"":\""1990 CanLII 34 (CSC)\""},{\""type\"":\""MAIN_TITLE\"",\""text\"":\""R. v. Chaulk\""},{\""type\"":\""DECISION_OFFICIAL_REPORT_REFERENCE\"",\""text\"":\""[1990] 3 SCR 1303\""},{\""type\"":\""DECISION_OFFICIAL_REPORT_REFERENCE\"",\""text\"":\""[1990] 3 RCS 1303\""},{\""type\"":\""DECISION_OTHER_REFERENCES\"",\""text\"":\"" REJB 1990-67195\""},{\""type\"":\""DECISION_OTHER_REFERENCES\"",\""text\"":\""119 NR 161\""},{\""type\"":\""DECISION_OTHER_REFERENCES\"",\""text\"":\"" [1991] 2 WWR 385\""},{\""type\"":\""DECISION_OTHER_REFERENCES\"",\""text\"":\"" 69 Man R (2d) 161\""},{\""type\"":\""DECISION_OTHER_REFERENCES\"",\""text\"":\"" 2 CR (4th) 1\""},{\""type\"":\""DECISION_OTHER_REFERENCES\"",\""text\"":\"" 62 CCC (3d) 193\""},{\""type\"":\""DECISION_OTHER_REFERENCES\"",\""text\"":\"" 11 WCB (2d) 558\""},{\""type\"":\""DECISION_OTHER_REFERENCES\"",\""text\"":\"" 1 CRR (2d) 1\""},{\""type\"":\""DECISION_OTHER_REFERENCES\"",\""text\"":\"" [1990] CarswellMan 239\""},{\""type\"":\""DECISION_OTHER_REFERENCES\"",\""text\"":\"" EYB 1990-67195\""},{\""type\"":\""DECISION_OTHER_REFERENCES\"",\""text\"":\"" JE 91-76\""},{\""type\"":\""DECISION_OTHER_REFERENCES\"",\""text\"":\"" [1990] SCJ No 139 (QL)\""},{\""type\"":\""DECISION_ALTERNATE_TITLE\"",\""text\"":\""R. v. Chaulk and Morrissette\""},{\""type\"":\""DECISION_ALTERNATE_TITLE\"",\""text\"":\""R. c. Chaulk\""},{\""type\"":\""DECISION_DOCKET_NUMBER\"",\""text\"":\"" 21012\""},{\""type\"":\""DECISION_DOCKET_NUMBER\"",\""text\"":\""21035\""},{\""type\"":\""JURISDICTION_NAME\"",\""text\"":\""Canada (Federal)\""},{\""type\"":\""COLLECTION_NAME\"",\""text\"":\""Supreme Court of Canada\""}]"",
    ""jurisdictionId"": ""ca"",
    ""citedCount"": 688
  }
]"
https://canlii.ca/t/1fsqh,"[
  {
    ""id"": ""1990csc-scc120"",
    ""docType"": ""DECISION"",
    ""path"": ""/en/ca/scc/doc/1990/1990canlii59/1990canlii59.html"",
    ""docTitle"": ""Fletcher v. Manitoba Public Insurance Co."",
    ""autoCompletions"": ""[{\""type\"":\""DECISION_CANLII_REFERENCE\"",\""text\"":\""1990 CanLII 59 (SCC)\""},{\""type\"":\""DECISION_CANLII_REFERENCE\"",\""text\"":\""1990 CanLII 59 (CSC)\""},{\""type\"":\""MAIN_TITLE\"",\""text\"":\""Fletcher v. Manitoba Public Insurance Co.\""},{\""type\"":\""DECISION_OFFICIAL_REPORT_REFERENCE\"",\""text\"":\""[1990] 3 SCR 191\""},{\""type\"":\""DECISION_OFFICIAL_REPORT_REFERENCE\"",\""text\"":\""[1990] 3 RCS 191\""},{\""type\"":\""DECISION_OTHER_REFERENCES\"",\""text\"":\"" REJB 1990-67585\""},{\""type\"":\""DECISION_OTHER_REFERENCES\"",\""text\"":\""75 OR (2d) 373\""},{\""type\"":\""DECISION_OTHER_REFERENCES\"",\""text\"":\"" 116 NR 1\""},{\""type\"":\""DECISION_OTHER_REFERENCES\"",\""text\"":\"" 74 DLR (4th) 636\""},{\""type\"":\""DECISION_OTHER_REFERENCES\"",\""text\"":\"" 23 ACWS (3d) 1248\""},{\""type\"":\""DECISION_OTHER_REFERENCES\"",\""text\"":\"" 44 OAC 81\""},{\""type\"":\""DECISION_OTHER_REFERENCES\"",\""text\"":\"" AZ-90111117\""},{\""type\"":\""DECISION_OTHER_REFERENCES\"",\""text\"":\"" 71 Man R (2d) 81\""},{\""type\"":\""DECISION_OTHER_REFERENCES\"",\""text\"":\"" 1 CCLI (2d) 1\""},{\""type\"":\""DECISION_OTHER_REFERENCES\"",\""text\"":\"" [1990] RRA 1053\""},{\""type\"":\""DECISION_OTHER_REFERENCES\"",\""text\"":\"" 5 CCLT (2d) 1\""},{\""type\"":\""DECISION_OTHER_REFERENCES\"",\""text\"":\"" EYB 1990-67585\""},{\""type\"":\""DECISION_OTHER_REFERENCES\"",\""text\"":\"" JE 90-1652\""},{\""type\"":\""DECISION_OTHER_REFERENCES\"",\""text\"":\"" [1990] SCJ No 121 (QL)\""},{\""type\"":\""DECISION_OTHER_REFERENCES\"",\""text\"":\"" [1990] ILR 2672\""},{\""type\"":\""DECISION_OTHER_REFERENCES\"",\""text\"":\"" 30 MVR (2d) 260\""},{\""type\"":\""DECISION_ALTERNATE_TITLE\"",\""text\"":\""Fletcher v. Manitoba Public Insurance Company\""},{\""type\"":\""DECISION_ALTERNATE_TITLE\"",\""text\"":\""Fletcher v. Manitoba public insurance co.\""},{\""type\"":\""DECISION_ALTERNATE_TITLE\"",\""text\"":\""Fletcher c. Société d'assurance publique du Manitoba\""},{\""type\"":\""DECISION_DOCKET_NUMBER\"",\""text\"":\""21491\""},{\""type\"":\""JURISDICTION_NAME\"",\""text\"":\""Canada (Federal)\""},{\""type\"":\""COLLECTION_NAME\"",\""text\"":\""Supreme Court of Canada\""}]"",
    ""jurisdictionId"": ""ca"",
    ""citedCount"": 386
  }
]"
https://canlii.ca/t/1fsqw,"[
  {
    ""id"": ""1990csc-scc126"",
    ""docType"": ""DECISION"",
    ""path"": ""/en/ca/scc/doc/1990/1990canlii22/1990canlii22.html"",
    ""docTitle"": ""Lester (W.W.) (1978) Ltd. v. United Association of Journeymen and Apprentices of the Plumbing and Pipefitting Industry, Local 740"",
    ""autoCompletions"": ""[{\""type\"":\""DECISION_CANLII_REFERENCE\"",\""text\"":\""1990 CanLII 22 (SCC)\""},{\""type\"":\""DECISION_CANLII_REFERENCE\"",\""text\"":\""1990 CanLII 22 (CSC)\""},{\""type\"":\""MAIN_TITLE\"",\""text\"":\""Lester (W.W.) (1978) Ltd. v. United Association of Journeymen and Apprentices of the Plumbing and Pipefitting Industry, Local 740\""},{\""type\"":\""DECISION_OFFICIAL_REPORT_REFERENCE\"",\""text\"":\""[1990] 3 SCR 644\""},{\""type\"":\""DECISION_OFFICIAL_REPORT_REFERENCE\"",\""text\"":\""[1990] 3 RCS 644\""},{\""type\"":\""DECISION_OTHER_REFERENCES\"",\""text\"":\"" REJB 1990-67348\""},{\""type\"":\""DECISION_OTHER_REFERENCES\"",\""text\"":\""88 Nfld & PEIR 15\""},{\""type\"":\""DECISION_OTHER_REFERENCES\"",\""text\"":\"" 123 NR 241\""},{\""type\"":\""DECISION_OTHER_REFERENCES\"",\""text\"":\"" 76 DLR (4th) 389\""},{\""type\"":\""DECISION_OTHER_REFERENCES\"",\""text\"":\"" 24 ACWS (3d) 505\""},{\""type\"":\""DECISION_OTHER_REFERENCES\"",\""text\"":\"" 274 APR 15\""},{\""type\"":\""DECISION_OTHER_REFERENCES\"",\""text\"":\"" 48 Admin LR 1\""},{\""type\"":\""DECISION_OTHER_REFERENCES\"",\""text\"":\"" [1990] CarswellNfld 68\""},{\""type\"":\""DECISION_OTHER_REFERENCES\"",\""text\"":\"" EYB 1990-67348\""},{\""type\"":\""DECISION_OTHER_REFERENCES\"",\""text\"":\"" JE 91-63\""},{\""type\"":\""DECISION_OTHER_REFERENCES\"",\""text\"":\"" [1990] SCJ No 127 (QL)\""},{\""type\"":\""DECISION_OTHER_REFERENCES\"",\""text\"":\"" [1990] ACS no 127\""},{\""type\"":\""DECISION_ALTERNATE_TITLE\"",\""text\"":\""Planet Development Corp. and Lester (W.W.) (1978) Ltd. v. United Association of Journeymen and Apprentices of the Plumbing and Pipefitting Industry in the United States and Canada, Local 740\""},{\""type\"":\""DECISION_ALTERNATE_TITLE\"",\""text\"":\""W.W. Lester (1978) Ltd. v. U.A., Local 740\""},{\""type\"":\""DECISION_ALTERNATE_TITLE\"",\""text\"":\""Lester (W.W.) (1978) ltd. v. United association of journeymen and apprentices of the plumbing and pipefitting industry, local 740\""},{\""type\"":\""DECISION_ALTERNATE_TITLE\"",\""text\"":\""Lester (W.W.) (1978) Ltd. c. Association unie des compagnons et apprentis de l'industrie de la plomberie et de la tuyauterie, section locale 740\""},{\""type\"":\""DECISION_DOCKET_NUMBER\"",\""text\"":\""21239\""},{\""type\"":\""JURISDICTION_NAME\"",\""text\"":\""Canada (Federal)\""},{\""type\"":\""COLLECTION_NAME\"",\""text\"":\""Supreme Court of Canada\""}]"",
    ""jurisdictionId"": ""ca"",
    ""citedCount"": 678
  }
]"
https://canlii.ca/t/1fsrz,"[
  {
    ""id"": ""1990csc-scc108"",
    ""docType"": ""DECISION"",
    ""path"": ""/en/ca/scc/doc/1990/1990canlii49/1990canlii49.html"",
    ""docTitle"": ""National Corn Growers Assn. v. Canada (Import tribunal)"",
    ""autoCompletions"": ""[{\""type\"":\""DECISION_CANLII_REFERENCE\"",\""text\"":\""1990 CanLII 49 (SCC)\""},{\""type\"":\""DECISION_CANLII_REFERENCE\"",\""text\"":\""1990 CanLII 49 (CSC)\""},{\""type\"":\""MAIN_TITLE\"",\""text\"":\""National Corn Growers Assn. v. Canada (Import tribunal)\""},{\""type\"":\""DECISION_OFFICIAL_REPORT_REFERENCE\"",\""text\"":\""[1990] 2 SCR 1324\""},{\""type\"":\""DECISION_OFFICIAL_REPORT_REFERENCE\"",\""text\"":\""[1990] 2 RCS 1324\""},{\""type\"":\""DECISION_OTHER_REFERENCES\"",\""text\"":\""114 NR 81\""},{\""type\"":\""DECISION_OTHER_REFERENCES\"",\""text\"":\"" 74 DLR (4th) 449\""},{\""type\"":\""DECISION_OTHER_REFERENCES\"",\""text\"":\"" 23 ACWS (3d) 688\""},{\""type\"":\""DECISION_OTHER_REFERENCES\"",\""text\"":\"" 28 WAC 241\""},{\""type\"":\""DECISION_OTHER_REFERENCES\"",\""text\"":\"" 45 Admin LR 161\""},{\""type\"":\""DECISION_OTHER_REFERENCES\"",\""text\"":\"" JE 90-1573\""},{\""type\"":\""DECISION_OTHER_REFERENCES\"",\""text\"":\"" [1990] SCJ No 110 (QL)\""},{\""type\"":\""DECISION_OTHER_REFERENCES\"",\""text\"":\"" [1990] ACS no 110\""},{\""type\"":\""DECISION_ALTERNATE_TITLE\"",\""text\"":\""National Corn Growers Assn. v. Canada (Canadian Import Tribunal)\""},{\""type\"":\""DECISION_ALTERNATE_TITLE\"",\""text\"":\""National corn growers assn. v. Canada (Import tribunal)\""},{\""type\"":\""DECISION_ALTERNATE_TITLE\"",\""text\"":\""National Corn Growers Assn. c. Canada (Tribunal des importations)\""},{\""type\"":\""DECISION_DOCKET_NUMBER\"",\""text\"":\""21368\""},{\""type\"":\""DECISION_DOCKET_NUMBER\"",\""text\"":\"" 21366\""},{\""type\"":\""JURISDICTION_NAME\"",\""text\"":\""Canada (Federal)\""},{\""type\"":\""COLLECTION_NAME\"",\""text\"":\""Supreme Court of Canada\""}]"",
    ""jurisdictionId"": ""ca"",
    ""citedCount"": 681
  }
]"
https://canlii.ca/t/1fst2,"[
  {
    ""id"": ""1990csc-scc92"",
    ""docType"": ""DECISION"",
    ""path"": ""/en/ca/scc/doc/1990/1990canlii90/1990canlii90.html"",
    ""docTitle"": ""Hunt v. Carey Canada Inc."",
    ""autoCompletions"": ""[{\""type\"":\""DECISION_CANLII_REFERENCE\"",\""text\"":\""1990 CanLII 90 (SCC)\""},{\""type\"":\""DECISION_CANLII_REFERENCE\"",\""text\"":\""1990 CanLII 90 (CSC)\""},{\""type\"":\""MAIN_TITLE\"",\""text\"":\""Hunt v. Carey Canada Inc.\""},{\""type\"":\""DECISION_OFFICIAL_REPORT_REFERENCE\"",\""text\"":\""[1990] 2 SCR 959\""},{\""type\"":\""DECISION_OFFICIAL_REPORT_REFERENCE\"",\""text\"":\""[1990] 2 RCS 959\""},{\""type\"":\""DECISION_OTHER_REFERENCES\"",\""text\"":\""117 NR 321\""},{\""type\"":\""DECISION_OTHER_REFERENCES\"",\""text\"":\"" 74 DLR (4th) 321\""},{\""type\"":\""DECISION_OTHER_REFERENCES\"",\""text\"":\"" 23 ACWS (3d) 101\""},{\""type\"":\""DECISION_OTHER_REFERENCES\"",\""text\"":\"" [1990] 6 WWR 385\""},{\""type\"":\""DECISION_OTHER_REFERENCES\"",\""text\"":\"" 49 BCLR (2d) 273\""},{\""type\"":\""DECISION_OTHER_REFERENCES\"",\""text\"":\"" 2 CR (3d) 959\""},{\""type\"":\""DECISION_OTHER_REFERENCES\"",\""text\"":\"" 43 CPC (2d) 105\""},{\""type\"":\""DECISION_OTHER_REFERENCES\"",\""text\"":\"" 4 CCLT (2d) 1\""},{\""type\"":\""DECISION_OTHER_REFERENCES\"",\""text\"":\"" [1990] CarswellBC 216\""},{\""type\"":\""DECISION_OTHER_REFERENCES\"",\""text\"":\"" JE 90-1436\""},{\""type\"":\""DECISION_OTHER_REFERENCES\"",\""text\"":\"" [1990] NBJ No 93 (QL)\""},{\""type\"":\""DECISION_OTHER_REFERENCES\"",\""text\"":\"" [1990] SCJ No 93 (QL)\""},{\""type\"":\""DECISION_OTHER_REFERENCES\"",\""text\"":\"" [1990] ACS no 93\""},{\""type\"":\""DECISION_OTHER_REFERENCES\"",\""text\"":\"" [1990] ANB No 93 (QL)\""},{\""type\"":\""DECISION_ALTERNATE_TITLE\"",\""text\"":\""Hunt v. carey canada inc.\""},{\""type\"":\""DECISION_ALTERNATE_TITLE\"",\""text\"":\""Hunt v. Carey Canada Inc.\""},{\""type\"":\""DECISION_ALTERNATE_TITLE\"",\""text\"":\""Hunt v. Carey Can. Inc.\""},{\""type\"":\""DECISION_ALTERNATE_TITLE\"",\""text\"":\""Hunt c. Carey Canada Inc.\""},{\""type\"":\""DECISION_DOCKET_NUMBER\"",\""text\"":\""21508\""},{\""type\"":\""DECISION_DOCKET_NUMBER\"",\""text\"":\"" 21536\""},{\""type\"":\""JURISDICTION_NAME\"",\""text\"":\""Canada (Federal)\""},{\""type\"":\""COLLECTION_NAME\"",\""text\"":\""Supreme Court of Canada\""}]"",
    ""jurisdictionId"": ""ca"",
    ""citedCount"": 3992
  }
]"
https://canlii.ca/t/1fsvg,"[
  {
    ""id"": ""1990csc-scc48"",
    ""docType"": ""DECISION"",
    ""path"": ""/en/ca/scc/doc/1990/1990canlii103/1990canlii103.html"",
    ""docTitle"": ""R. v. Sioui"",
    ""autoCompletions"": ""[{\""type\"":\""DECISION_CANLII_REFERENCE\"",\""text\"":\""1990 CanLII 103 (SCC)\""},{\""type\"":\""DECISION_CANLII_REFERENCE\"",\""text\"":\""1990 CanLII 103 (CSC)\""},{\""type\"":\""MAIN_TITLE\"",\""text\"":\""R. v. Sioui\""},{\""type\"":\""DECISION_OFFICIAL_REPORT_REFERENCE\"",\""text\"":\""[1990] 1 SCR 1025\""},{\""type\"":\""DECISION_OFFICIAL_REPORT_REFERENCE\"",\""text\"":\""[1990] 1 RCS 1025\""},{\""type\"":\""DECISION_OTHER_REFERENCES\"",\""text\"":\""109 NR 22\""},{\""type\"":\""DECISION_OTHER_REFERENCES\"",\""text\"":\"" 70 DLR (4th) 427\""},{\""type\"":\""DECISION_OTHER_REFERENCES\"",\""text\"":\"" 30 OAC 280\""},{\""type\"":\""DECISION_OTHER_REFERENCES\"",\""text\"":\"" 30 QAC 280\""},{\""type\"":\""DECISION_OTHER_REFERENCES\"",\""text\"":\"" 56 CCC (3d) 225\""},{\""type\"":\""DECISION_OTHER_REFERENCES\"",\""text\"":\"" 10 WCB (2d) 203\""},{\""type\"":\""DECISION_OTHER_REFERENCES\"",\""text\"":\"" [1990] 3 CNLR 127\""},{\""type\"":\""DECISION_OTHER_REFERENCES\"",\""text\"":\"" JE 90-823\""},{\""type\"":\""DECISION_OTHER_REFERENCES\"",\""text\"":\"" [1990] SCJ No 48 (QL)\""},{\""type\"":\""DECISION_OTHER_REFERENCES\"",\""text\"":\"" [1990] ACS no 48\""},{\""type\"":\""DECISION_OTHER_REFERENCES\"",\""text\"":\"" 30 CAQ 280\""},{\""type\"":\""DECISION_ALTERNATE_TITLE\"",\""text\"":\""R. c. Sioui\""},{\""type\"":\""DECISION_DOCKET_NUMBER\"",\""text\"":\""20628\""},{\""type\"":\""JURISDICTION_NAME\"",\""text\"":\""Canada (Federal)\""},{\""type\"":\""COLLECTION_NAME\"",\""text\"":\""Supreme Court of Canada\""}]"",
    ""jurisdictionId"": ""ca"",
    ""citedCount"": 389
  }
]"
https://canlii.ca/t/1fswm,"[
  {
    ""id"": ""1990csc-scc32"",
    ""docType"": ""DECISION"",
    ""path"": ""/en/ca/scc/doc/1990/1990canlii143/1990canlii143.html"",
    ""docTitle"": ""R. v. Greffe"",
    ""autoCompletions"": ""[{\""type\"":\""DECISION_CANLII_REFERENCE\"",\""text\"":\""1990 CanLII 143 (SCC)\""},{\""type\"":\""DECISION_CANLII_REFERENCE\"",\""text\"":\""1990 CanLII 143 (CSC)\""},{\""type\"":\""MAIN_TITLE\"",\""text\"":\""R. v. Greffe\""},{\""type\"":\""DECISION_OFFICIAL_REPORT_REFERENCE\"",\""text\"":\""[1990] 1 SCR 755\""},{\""type\"":\""DECISION_OFFICIAL_REPORT_REFERENCE\"",\""text\"":\""[1990] 1 RCS 755\""},{\""type\"":\""DECISION_OTHER_REFERENCES\"",\""text\"":\""107 NR 1\""},{\""type\"":\""DECISION_OTHER_REFERENCES\"",\""text\"":\"" [1990] 3 WWR 577\""},{\""type\"":\""DECISION_OTHER_REFERENCES\"",\""text\"":\"" 107 AR 1\""},{\""type\"":\""DECISION_OTHER_REFERENCES\"",\""text\"":\"" 73 Alta LR (2d) 97\""},{\""type\"":\""DECISION_OTHER_REFERENCES\"",\""text\"":\"" 55 CCC (3d) 161\""},{\""type\"":\""DECISION_OTHER_REFERENCES\"",\""text\"":\"" 75 CR (3d) 257\""},{\""type\"":\""DECISION_OTHER_REFERENCES\"",\""text\"":\"" 10 WCB (2d) 89\""},{\""type\"":\""DECISION_OTHER_REFERENCES\"",\""text\"":\"" 46 CRR 1\""},{\""type\"":\""DECISION_OTHER_REFERENCES\"",\""text\"":\"" [1990] CarswellAlta 42\""},{\""type\"":\""DECISION_OTHER_REFERENCES\"",\""text\"":\"" JE 90-655\""},{\""type\"":\""DECISION_OTHER_REFERENCES\"",\""text\"":\"" [1990] SCJ No 32 (QL)\""},{\""type\"":\""DECISION_OTHER_REFERENCES\"",\""text\"":\"" [1990] ACS no 32\""},{\""type\"":\""DECISION_ALTERNATE_TITLE\"",\""text\"":\""R. c. Greffe\""},{\""type\"":\""DECISION_DOCKET_NUMBER\"",\""text\"":\""20763\""},{\""type\"":\""JURISDICTION_NAME\"",\""text\"":\""Canada (Federal)\""},{\""type\"":\""COLLECTION_NAME\"",\""text\"":\""Supreme Court of Canada\""}]"",
    ""jurisdictionId"": ""ca"",
    ""citedCount"": 628
  }
]"
https://canlii.ca/t/1fsz2,"[
  {
    ""id"": ""1990csc-scc21"",
    ""docType"": ""DECISION"",
    ""path"": ""/en/ca/scc/doc/1990/1990canlii132/1990canlii132.html"",
    ""docTitle"": ""Iwa v. Consolidated-Bathurst Packaging Ltd."",
    ""autoCompletions"": ""[{\""type\"":\""DECISION_CANLII_REFERENCE\"",\""text\"":\""1990 CanLII 132 (SCC)\""},{\""type\"":\""DECISION_CANLII_REFERENCE\"",\""text\"":\""1990 CanLII 132 (CSC)\""},{\""type\"":\""MAIN_TITLE\"",\""text\"":\""Iwa v. Consolidated-Bathurst Packaging Ltd.\""},{\""type\"":\""DECISION_OFFICIAL_REPORT_REFERENCE\"",\""text\"":\""[1990] 1 SCR 282\""},{\""type\"":\""DECISION_OFFICIAL_REPORT_REFERENCE\"",\""text\"":\""[1990] 1 RCS 282\""},{\""type\"":\""DECISION_OTHER_REFERENCES\"",\""text\"":\""73 OR (2d) 676\""},{\""type\"":\""DECISION_OTHER_REFERENCES\"",\""text\"":\"" 105 NR 161\""},{\""type\"":\""DECISION_OTHER_REFERENCES\"",\""text\"":\"" 68 DLR (4th) 524\""},{\""type\"":\""DECISION_OTHER_REFERENCES\"",\""text\"":\"" 38 OAC 321\""},{\""type\"":\""DECISION_OTHER_REFERENCES\"",\""text\"":\"" AZ-90111023\""},{\""type\"":\""DECISION_OTHER_REFERENCES\"",\""text\"":\"" 42 Admin LR 1\""},{\""type\"":\""DECISION_OTHER_REFERENCES\"",\""text\"":\"" JE 90-472\""},{\""type\"":\""DECISION_OTHER_REFERENCES\"",\""text\"":\"" [1990] SCJ No 20 (QL)\""},{\""type\"":\""DECISION_OTHER_REFERENCES\"",\""text\"":\"" [1990] ACS no 20\""},{\""type\"":\""DECISION_ALTERNATE_TITLE\"",\""text\"":\""Consolidated-Bathurst Packaging Ltd. v. International Woodworkers of America, Local 2-69 and Labour Relations Board (Ont)\""},{\""type\"":\""DECISION_ALTERNATE_TITLE\"",\""text\"":\""Iwa v. Consolidated-bathurst packaging ltd.\""},{\""type\"":\""DECISION_ALTERNATE_TITLE\"",\""text\"":\""Consolidated-Bathurst Packaging Ltd. v. International Woodworkers of America, Local 2-69\""},{\""type\"":\""DECISION_ALTERNATE_TITLE\"",\""text\"":\""Consolidated-Bathurst Packaging Ltd. v. I.W.A., Local2-69\""},{\""type\"":\""DECISION_ALTERNATE_TITLE\"",\""text\"":\""Sitba c. Consolidated-Bathurst Packaging Ltd.\""},{\""type\"":\""DECISION_DOCKET_NUMBER\"",\""text\"":\""20114\""},{\""type\"":\""JURISDICTION_NAME\"",\""text\"":\""Canada (Federal)\""},{\""type\"":\""COLLECTION_NAME\"",\""text\"":\""Supreme Court of Canada\""}]"",
    ""jurisdictionId"": ""ca"",
    ""citedCount"": 626
  }
]"
https://canlii.ca/t/1fsz4,"[
  {
    ""id"": ""1990csc-scc22"",
    ""docType"": ""DECISION"",
    ""path"": ""/en/ca/scc/doc/1990/1990canlii133/1990canlii133.html"",
    ""docTitle"": ""Mahe v. Alberta"",
    ""autoCompletions"": ""[{\""type\"":\""DECISION_CANLII_REFERENCE\"",\""text\"":\""1990 CanLII 133 (SCC)\""},{\""type\"":\""DECISION_CANLII_REFERENCE\"",\""text\"":\""1990 CanLII 133 (CSC)\""},{\""type\"":\""MAIN_TITLE\"",\""text\"":\""Mahe v. Alberta\""},{\""type\"":\""DECISION_OFFICIAL_REPORT_REFERENCE\"",\""text\"":\""[1990] 1 SCR 342\""},{\""type\"":\""DECISION_OFFICIAL_REPORT_REFERENCE\"",\""text\"":\""[1990] 1 RCS 342\""},{\""type\"":\""DECISION_OTHER_REFERENCES\"",\""text\"":\""105 NR 321\""},{\""type\"":\""DECISION_OTHER_REFERENCES\"",\""text\"":\"" 68 DLR (4th) 69\""},{\""type\"":\""DECISION_OTHER_REFERENCES\"",\""text\"":\"" [1990] 3 WWR 97\""},{\""type\"":\""DECISION_OTHER_REFERENCES\"",\""text\"":\"" 106 AR 321\""},{\""type\"":\""DECISION_OTHER_REFERENCES\"",\""text\"":\"" 72 Alta LR (2d) 257\""},{\""type\"":\""DECISION_OTHER_REFERENCES\"",\""text\"":\"" 46 CRR 193\""},{\""type\"":\""DECISION_OTHER_REFERENCES\"",\""text\"":\"" JE 90-475\""},{\""type\"":\""DECISION_OTHER_REFERENCES\"",\""text\"":\"" [1990] SCJ No 19 (QL)\""},{\""type\"":\""DECISION_OTHER_REFERENCES\"",\""text\"":\"" [1990] ACS no 19\""},{\""type\"":\""DECISION_ALTERNATE_TITLE\"",\""text\"":\""Mahe, Martel, Dubé and Association d'Ecole Georges et Julia Bugnet v. Alberta\""},{\""type\"":\""DECISION_ALTERNATE_TITLE\"",\""text\"":\""Mahe v. Alta.\""},{\""type\"":\""DECISION_ALTERNATE_TITLE\"",\""text\"":\""Mahe c. Alberta\""},{\""type\"":\""DECISION_DOCKET_NUMBER\"",\""text\"":\""20590\""},{\""type\"":\""JURISDICTION_NAME\"",\""text\"":\""Canada (Federal)\""},{\""type\"":\""COLLECTION_NAME\"",\""text\"":\""Supreme Court of Canada\""}]"",
    ""jurisdictionId"": ""ca"",
    ""citedCount"": 318
  }
]"
https://canlii.ca/t/1fszg,"[
  {
    ""id"": ""1990csc-scc27"",
    ""docType"": ""DECISION"",
    ""path"": ""/en/ca/scc/doc/1990/1990canlii138/1990canlii138.html"",
    ""docTitle"": ""Knight v. Indian Head School Division No. 19"",
    ""autoCompletions"": ""[{\""type\"":\""DECISION_CANLII_REFERENCE\"",\""text\"":\""1990 CanLII 138 (SCC)\""},{\""type\"":\""DECISION_CANLII_REFERENCE\"",\""text\"":\""1990 CanLII 138 (CSC)\""},{\""type\"":\""MAIN_TITLE\"",\""text\"":\""Knight v. Indian Head School Division No. 19\""},{\""type\"":\""DECISION_OFFICIAL_REPORT_REFERENCE\"",\""text\"":\""[1990] 1 SCR 653\""},{\""type\"":\""DECISION_OFFICIAL_REPORT_REFERENCE\"",\""text\"":\""[1990] 1 RCS 653\""},{\""type\"":\""DECISION_OTHER_REFERENCES\"",\""text\"":\"" REJB 1990-67929\""},{\""type\"":\""DECISION_OTHER_REFERENCES\"",\""text\"":\""106 NR 17\""},{\""type\"":\""DECISION_OTHER_REFERENCES\"",\""text\"":\"" 69 DLR (4th) 489\""},{\""type\"":\""DECISION_OTHER_REFERENCES\"",\""text\"":\"" [1990] 3 WWR 289\""},{\""type\"":\""DECISION_OTHER_REFERENCES\"",\""text\"":\"" 83 Sask R 81\""},{\""type\"":\""DECISION_OTHER_REFERENCES\"",\""text\"":\"" 30 CCEL 237\""},{\""type\"":\""DECISION_OTHER_REFERENCES\"",\""text\"":\"" 43 Admin LR 157\""},{\""type\"":\""DECISION_OTHER_REFERENCES\"",\""text\"":\"" [1990] CarswellSask 146\""},{\""type\"":\""DECISION_OTHER_REFERENCES\"",\""text\"":\"" EYB 1990-67929\""},{\""type\"":\""DECISION_OTHER_REFERENCES\"",\""text\"":\"" JE 90-602\""},{\""type\"":\""DECISION_OTHER_REFERENCES\"",\""text\"":\"" [1990] SCJ No 26 (QL)\""},{\""type\"":\""DECISION_OTHER_REFERENCES\"",\""text\"":\"" [1990] ACS no 26\""},{\""type\"":\""DECISION_ALTERNATE_TITLE\"",\""text\"":\""Indian Head School Division No. 19 v. Knight\""},{\""type\"":\""DECISION_ALTERNATE_TITLE\"",\""text\"":\""Knight v. Board of Education of Indian Head School Division No. 19\""},{\""type\"":\""DECISION_ALTERNATE_TITLE\"",\""text\"":\""Knight v. Indian Head School District No. 19\""},{\""type\"":\""DECISION_ALTERNATE_TITLE\"",\""text\"":\""Knight v. Indian head school division no. 19\""},{\""type\"":\""DECISION_ALTERNATE_TITLE\"",\""text\"":\""Knight v. Indian Head School Division No.19\""},{\""type\"":\""DECISION_ALTERNATE_TITLE\"",\""text\"":\""Knight v. Indian Head Sch. Div. No. 19\""},{\""type\"":\""DECISION_ALTERNATE_TITLE\"",\""text\"":\""Knight c. Indian Head School Division No. 19\""},{\""type\"":\""DECISION_DOCKET_NUMBER\"",\""text\"":\""21040\""},{\""type\"":\""JURISDICTION_NAME\"",\""text\"":\""Canada (Federal)\""},{\""type\"":\""COLLECTION_NAME\"",\""text\"":\""Supreme Court of Canada\""}]"",
    ""jurisdictionId"": ""ca"",
    ""citedCount"": 1338
  }
]"
https://canlii.ca/t/1ft4g,"[
  {
    ""id"": ""1989csc-scc73"",
    ""docType"": ""DECISION"",
    ""path"": ""/en/ca/scc/doc/1989/1989canlii67/1989canlii67.html"",
    ""docTitle"": ""Bell Canada v. Canada (Canadian Radio-Television and Telecommunications Commission)"",
    ""autoCompletions"": ""[{\""type\"":\""DECISION_CANLII_REFERENCE\"",\""text\"":\""1989 CanLII 67 (SCC)\""},{\""type\"":\""DECISION_CANLII_REFERENCE\"",\""text\"":\""1989 CanLII 67 (CSC)\""},{\""type\"":\""MAIN_TITLE\"",\""text\"":\""Bell Canada v. Canada (Canadian Radio-Television and Telecommunications Commission)\""},{\""type\"":\""DECISION_OFFICIAL_REPORT_REFERENCE\"",\""text\"":\""[1989] 1 SCR 1722\""},{\""type\"":\""DECISION_OFFICIAL_REPORT_REFERENCE\"",\""text\"":\""[1989] 1 RCS 1722\""},{\""type\"":\""DECISION_OTHER_REFERENCES\"",\""text\"":\"" REJB 1989-67230\""},{\""type\"":\""DECISION_OTHER_REFERENCES\"",\""text\"":\""60 DLR (4th) 682\""},{\""type\"":\""DECISION_OTHER_REFERENCES\"",\""text\"":\"" 97 NR 15\""},{\""type\"":\""DECISION_OTHER_REFERENCES\"",\""text\"":\"" 16 ACWS (3d) 1\""},{\""type\"":\""DECISION_OTHER_REFERENCES\"",\""text\"":\"" 38 Admin LR 1\""},{\""type\"":\""DECISION_OTHER_REFERENCES\"",\""text\"":\"" EYB 1989-67230\""},{\""type\"":\""DECISION_OTHER_REFERENCES\"",\""text\"":\"" JE 89-994\""},{\""type\"":\""DECISION_OTHER_REFERENCES\"",\""text\"":\"" [1989] SCJ No 68 (QL)\""},{\""type\"":\""DECISION_OTHER_REFERENCES\"",\""text\"":\"" [1989] ACS no 68\""},{\""type\"":\""DECISION_ALTERNATE_TITLE\"",\""text\"":\""Bell canada v. Canada Radio-television & Telecommunications Commission\""},{\""type\"":\""DECISION_ALTERNATE_TITLE\"",\""text\"":\""Bell Canada v. Canada (Canadian Radio-Television & Telecommunications Commission(\""},{\""type\"":\""DECISION_ALTERNATE_TITLE\"",\""text\"":\""Bell canada v. Canada (Canadian radio-television and telecommunications commission)\""},{\""type\"":\""DECISION_ALTERNATE_TITLE\"",\""text\"":\""Bell Canada c. Canada (Conseil de la radiodiffusion et des télécommunications canadiennes)\""},{\""type\"":\""DECISION_DOCKET_NUMBER\"",\""text\"":\""20525\""},{\""type\"":\""JURISDICTION_NAME\"",\""text\"":\""Canada (Federal)\""},{\""type\"":\""COLLECTION_NAME\"",\""text\"":\""Supreme Court of Canada\""}]"",
    ""jurisdictionId"": ""ca"",
    ""citedCount"": 532
  }
]"
https://canlii.ca/t/1ft51,"[
  {
    ""id"": ""1989csc-scc48"",
    ""docType"": ""DECISION"",
    ""path"": ""/en/ca/scc/doc/1989/1989canlii98/1989canlii98.html"",
    ""docTitle"": ""R. v. Turpin"",
    ""autoCompletions"": ""[{\""type\"":\""DECISION_CANLII_REFERENCE\"",\""text\"":\""1989 CanLII 98 (SCC)\""},{\""type\"":\""DECISION_CANLII_REFERENCE\"",\""text\"":\""1989 CanLII 98 (CSC)\""},{\""type\"":\""MAIN_TITLE\"",\""text\"":\""R. v. Turpin\""},{\""type\"":\""DECISION_OFFICIAL_REPORT_REFERENCE\"",\""text\"":\""[1989] 1 SCR 1296\""},{\""type\"":\""DECISION_OFFICIAL_REPORT_REFERENCE\"",\""text\"":\""[1989] 1 RCS 1296\""},{\""type\"":\""DECISION_OTHER_REFERENCES\"",\""text\"":\""96 NR 115\""},{\""type\"":\""DECISION_OTHER_REFERENCES\"",\""text\"":\"" 34 OAC 115\""},{\""type\"":\""DECISION_OTHER_REFERENCES\"",\""text\"":\"" 48 CCC (3d) 8\""},{\""type\"":\""DECISION_OTHER_REFERENCES\"",\""text\"":\"" 69 CR (3d) 97\""},{\""type\"":\""DECISION_OTHER_REFERENCES\"",\""text\"":\"" 39 CRR 306\""},{\""type\"":\""DECISION_OTHER_REFERENCES\"",\""text\"":\"" JE 89-791\""},{\""type\"":\""DECISION_OTHER_REFERENCES\"",\""text\"":\"" [1989] SCJ No 47 (QL)\""},{\""type\"":\""DECISION_ALTERNATE_TITLE\"",\""text\"":\""R. v. Turpin, Siddiqui and Clauzel\""},{\""type\"":\""DECISION_ALTERNATE_TITLE\"",\""text\"":\""R. c. Turpin\""},{\""type\"":\""DECISION_DOCKET_NUMBER\"",\""text\"":\""20510\""},{\""type\"":\""DECISION_DOCKET_NUMBER\"",\""text\"":\"" 20509\""},{\""type\"":\""JURISDICTION_NAME\"",\""text\"":\""Canada (Federal)\""},{\""type\"":\""COLLECTION_NAME\"",\""text\"":\""Supreme Court of Canada\""}]"",
    ""jurisdictionId"": ""ca"",
    ""citedCount"": 713
  }
]"
https://canlii.ca/t/1ft6g,"[
  {
    ""id"": ""1989csc-scc37"",
    ""docType"": ""DECISION"",
    ""path"": ""/en/ca/scc/doc/1989/1989canlii87/1989canlii87.html"",
    ""docTitle"": ""Irwin Toy Ltd. v. Quebec (Attorney General)"",
    ""autoCompletions"": ""[{\""type\"":\""DECISION_CANLII_REFERENCE\"",\""text\"":\""1989 CanLII 87 (SCC)\""},{\""type\"":\""DECISION_CANLII_REFERENCE\"",\""text\"":\""1989 CanLII 87 (CSC)\""},{\""type\"":\""MAIN_TITLE\"",\""text\"":\""Irwin Toy Ltd. v. Quebec (Attorney General)\""},{\""type\"":\""DECISION_OFFICIAL_REPORT_REFERENCE\"",\""text\"":\""[1989] 1 SCR 927\""},{\""type\"":\""DECISION_OFFICIAL_REPORT_REFERENCE\"",\""text\"":\""[1989] 1 RCS 927\""},{\""type\"":\""DECISION_OTHER_REFERENCES\"",\""text\"":\"" REJB 1989-67798\""},{\""type\"":\""DECISION_OTHER_REFERENCES\"",\""text\"":\""58 DLR (4th) 577\""},{\""type\"":\""DECISION_OTHER_REFERENCES\"",\""text\"":\"" 94 NR 167\""},{\""type\"":\""DECISION_OTHER_REFERENCES\"",\""text\"":\"" 15 ACWS (3d) 121\""},{\""type\"":\""DECISION_OTHER_REFERENCES\"",\""text\"":\"" 24 QAC 2\""},{\""type\"":\""DECISION_OTHER_REFERENCES\"",\""text\"":\"" 25 CPR (3d) 417\""},{\""type\"":\""DECISION_OTHER_REFERENCES\"",\""text\"":\"" 39 CRR 193\""},{\""type\"":\""DECISION_OTHER_REFERENCES\"",\""text\"":\"" [1989] CarswellQue 115\""},{\""type\"":\""DECISION_OTHER_REFERENCES\"",\""text\"":\"" EYB 1989-67798\""},{\""type\"":\""DECISION_OTHER_REFERENCES\"",\""text\"":\"" JE 89-772\""},{\""type\"":\""DECISION_OTHER_REFERENCES\"",\""text\"":\"" [1989] SCJ No 36 (QL)\""},{\""type\"":\""DECISION_OTHER_REFERENCES\"",\""text\"":\"" [1989] ACS no 36\""},{\""type\"":\""DECISION_OTHER_REFERENCES\"",\""text\"":\"" 24 CAQ 2\""},{\""type\"":\""DECISION_ALTERNATE_TITLE\"",\""text\"":\""Irwin Toy Ld. v. Quebec (Attorney General)\""},{\""type\"":\""DECISION_ALTERNATE_TITLE\"",\""text\"":\""Irwin Toy Ltd. v. Quebec (Attorney-General)\""},{\""type\"":\""DECISION_ALTERNATE_TITLE\"",\""text\"":\""Irwin toy ltd. v. Quebec (Attorney general)\""},{\""type\"":\""DECISION_ALTERNATE_TITLE\"",\""text\"":\""Irwin Toy Ltd. v. Quebec (A.G.)\""},{\""type\"":\""DECISION_ALTERNATE_TITLE\"",\""text\"":\""Irwin Toy Ltd. c. Québec (Procureur général)\""},{\""type\"":\""DECISION_DOCKET_NUMBER\"",\""text\"":\""20074\""},{\""type\"":\""JURISDICTION_NAME\"",\""text\"":\""Canada (Federal)\""},{\""type\"":\""COLLECTION_NAME\"",\""text\"":\""Supreme Court of Canada\""}]"",
    ""jurisdictionId"": ""ca"",
    ""citedCount"": 1922
  }
]"
https://canlii.ca/t/1ft89,"[
  {
    ""id"": ""1988csc-scc106"",
    ""docType"": ""DECISION"",
    ""path"": ""/en/ca/scc/doc/1988/1988canlii30/1988canlii30.html"",
    ""docTitle"": ""U.E.S., Local 298 v. Bibeault"",
    ""autoCompletions"": ""[{\""type\"":\""DECISION_CANLII_REFERENCE\"",\""text\"":\""1988 CanLII 30 (SCC)\""},{\""type\"":\""DECISION_CANLII_REFERENCE\"",\""text\"":\""1988 CanLII 30 (CSC)\""},{\""type\"":\""MAIN_TITLE\"",\""text\"":\""U.E.S., Local 298 v. Bibeault\""},{\""type\"":\""DECISION_OFFICIAL_REPORT_REFERENCE\"",\""text\"":\""[1988] 2 SCR 1048\""},{\""type\"":\""DECISION_OFFICIAL_REPORT_REFERENCE\"",\""text\"":\""[1988] 2 RCS 1048\""},{\""type\"":\""DECISION_OTHER_REFERENCES\"",\""text\"":\""95 NR 161\""},{\""type\"":\""DECISION_OTHER_REFERENCES\"",\""text\"":\"" 13 ACWS (3d) 23\""},{\""type\"":\""DECISION_OTHER_REFERENCES\"",\""text\"":\"" 24 QAC 244\""},{\""type\"":\""DECISION_OTHER_REFERENCES\"",\""text\"":\"" AZ-89111021\""},{\""type\"":\""DECISION_OTHER_REFERENCES\"",\""text\"":\"" 35 Admin LR 153\""},{\""type\"":\""DECISION_OTHER_REFERENCES\"",\""text\"":\"" JE 89-141\""},{\""type\"":\""DECISION_OTHER_REFERENCES\"",\""text\"":\"" [1988] SCJ No 101 (QL)\""},{\""type\"":\""DECISION_OTHER_REFERENCES\"",\""text\"":\"" [1988] ACS no 101\""},{\""type\"":\""DECISION_OTHER_REFERENCES\"",\""text\"":\"" 24 CAQ 244\""},{\""type\"":\""DECISION_ALTERNATE_TITLE\"",\""text\"":\""Syndicat national des employés de la Comm. scolaire régionale de l'Outaouais (C.S.N.) v. Union des employés de service, local 298 (F.T.Q.)\""},{\""type\"":\""DECISION_ALTERNATE_TITLE\"",\""text\"":\""U.E.S., Local 298 c. Bibeault\""},{\""type\"":\""DECISION_DOCKET_NUMBER\"",\""text\"":\""18609\""},{\""type\"":\""JURISDICTION_NAME\"",\""text\"":\""Canada (Federal)\""},{\""type\"":\""COLLECTION_NAME\"",\""text\"":\""Supreme Court of Canada\""}]"",
    ""jurisdictionId"": ""ca"",
    ""citedCount"": 1897
  }
]"
https://canlii.ca/t/1ft8q,"[
  {
    ""id"": ""1989csc-scc7"",
    ""docType"": ""DECISION"",
    ""path"": ""/en/ca/scc/doc/1989/1989canlii2/1989canlii2.html"",
    ""docTitle"": ""Andrews v. Law Society of British Columbia"",
    ""autoCompletions"": ""[{\""type\"":\""DECISION_CANLII_REFERENCE\"",\""text\"":\""1989 CanLII 2 (SCC)\""},{\""type\"":\""DECISION_CANLII_REFERENCE\"",\""text\"":\""1989 CanLII 2 (CSC)\""},{\""type\"":\""MAIN_TITLE\"",\""text\"":\""Andrews v. Law Society of British Columbia\""},{\""type\"":\""DECISION_OFFICIAL_REPORT_REFERENCE\"",\""text\"":\""[1989] 1 SCR 143\""},{\""type\"":\""DECISION_OFFICIAL_REPORT_REFERENCE\"",\""text\"":\""[1989] 1 RCS 143\""},{\""type\"":\""DECISION_OTHER_REFERENCES\"",\""text\"":\"" REJB 1989-66977\""},{\""type\"":\""DECISION_OTHER_REFERENCES\"",\""text\"":\""56 DLR (4th) 1\""},{\""type\"":\""DECISION_OTHER_REFERENCES\"",\""text\"":\"" 91 NR 255\""},{\""type\"":\""DECISION_OTHER_REFERENCES\"",\""text\"":\"" 13 ACWS (3d) 347\""},{\""type\"":\""DECISION_OTHER_REFERENCES\"",\""text\"":\"" [1989] 2 WWR 289\""},{\""type\"":\""DECISION_OTHER_REFERENCES\"",\""text\"":\"" AZ-89111028\""},{\""type\"":\""DECISION_OTHER_REFERENCES\"",\""text\"":\"" 34 BCLR (2d) 273\""},{\""type\"":\""DECISION_OTHER_REFERENCES\"",\""text\"":\"" 10 CHRR 5719\""},{\""type\"":\""DECISION_OTHER_REFERENCES\"",\""text\"":\"" 25 CCEL 255\""},{\""type\"":\""DECISION_OTHER_REFERENCES\"",\""text\"":\"" 36 CRR 193\""},{\""type\"":\""DECISION_OTHER_REFERENCES\"",\""text\"":\"" [1989] CarswellBC 16\""},{\""type\"":\""DECISION_OTHER_REFERENCES\"",\""text\"":\"" EYB 1989-66977\""},{\""type\"":\""DECISION_OTHER_REFERENCES\"",\""text\"":\"" JE 89-259\""},{\""type\"":\""DECISION_OTHER_REFERENCES\"",\""text\"":\"" [1989] SCJ No 6 (QL)\""},{\""type\"":\""DECISION_OTHER_REFERENCES\"",\""text\"":\"" [1989] ACS no 6\""},{\""type\"":\""DECISION_ALTERNATE_TITLE\"",\""text\"":\""Andrews v. Law Soc. of B.C.\""},{\""type\"":\""DECISION_ALTERNATE_TITLE\"",\""text\"":\""Andrews v. Law Society of BC\""},{\""type\"":\""DECISION_ALTERNATE_TITLE\"",\""text\"":\""Andrews v. Law Society (B.C.)\""},{\""type\"":\""DECISION_ALTERNATE_TITLE\"",\""text\"":\""Andrews c. Law Society of British Columbia\""},{\""type\"":\""DECISION_DOCKET_NUMBER\"",\""text\"":\"" 19955\""},{\""type\"":\""DECISION_DOCKET_NUMBER\"",\""text\"":\""19956\""},{\""type\"":\""JURISDICTION_NAME\"",\""text\"":\""Canada (Federal)\""},{\""type\"":\""COLLECTION_NAME\"",\""text\"":\""Supreme Court of Canada\""}]"",
    ""jurisdictionId"": ""ca"",
    ""citedCount"": 2632
  }
]"
https://canlii.ca/t/1ft9w,"[
  {
    ""id"": ""1988csc-scc98"",
    ""docType"": ""DECISION"",
    ""path"": ""/en/ca/scc/doc/1988/1988canlii22/1988canlii22.html"",
    ""docTitle"": ""R. v. Bernard"",
    ""autoCompletions"": ""[{\""type\"":\""DECISION_CANLII_REFERENCE\"",\""text\"":\""1988 CanLII 22 (SCC)\""},{\""type\"":\""DECISION_CANLII_REFERENCE\"",\""text\"":\""1988 CanLII 22 (CSC)\""},{\""type\"":\""MAIN_TITLE\"",\""text\"":\""R. v. Bernard\""},{\""type\"":\""DECISION_OFFICIAL_REPORT_REFERENCE\"",\""text\"":\""[1988] 2 SCR 833\""},{\""type\"":\""DECISION_OFFICIAL_REPORT_REFERENCE\"",\""text\"":\""[1988] 2 RCS 833\""},{\""type\"":\""DECISION_OTHER_REFERENCES\"",\""text\"":\""90 NR 321\""},{\""type\"":\""DECISION_OTHER_REFERENCES\"",\""text\"":\"" 32 OAC 161\""},{\""type\"":\""DECISION_OTHER_REFERENCES\"",\""text\"":\"" 45 CCC (3d) 1\""},{\""type\"":\""DECISION_OTHER_REFERENCES\"",\""text\"":\"" 67 CR (3d) 113\""},{\""type\"":\""DECISION_OTHER_REFERENCES\"",\""text\"":\"" 38 CRR 82\""},{\""type\"":\""DECISION_OTHER_REFERENCES\"",\""text\"":\"" 6 WCB (2d) 70\""},{\""type\"":\""DECISION_OTHER_REFERENCES\"",\""text\"":\"" [1988] CarswellOnt 93\""},{\""type\"":\""DECISION_OTHER_REFERENCES\"",\""text\"":\"" JE 89-118\""},{\""type\"":\""DECISION_OTHER_REFERENCES\"",\""text\"":\"" [1988] SCJ No 96 (QL)\""},{\""type\"":\""DECISION_ALTERNATE_TITLE\"",\""text\"":\""R. c. Bernard\""},{\""type\"":\""DECISION_DOCKET_NUMBER\"",\""text\"":\""19558\""},{\""type\"":\""JURISDICTION_NAME\"",\""text\"":\""Canada (Federal)\""},{\""type\"":\""COLLECTION_NAME\"",\""text\"":\""Supreme Court of Canada\""}]"",
    ""jurisdictionId"": ""ca"",
    ""citedCount"": 351
  }
]"
https://canlii.ca/t/1ftb3,"[
  {
    ""id"": ""1988csc-scc101"",
    ""docType"": ""DECISION"",
    ""path"": ""/en/ca/scc/doc/1988/1988canlii25/1988canlii25.html"",
    ""docTitle"": ""R. v. Strachan"",
    ""autoCompletions"": ""[{\""type\"":\""DECISION_CANLII_REFERENCE\"",\""text\"":\""1988 CanLII 25 (SCC)\""},{\""type\"":\""DECISION_CANLII_REFERENCE\"",\""text\"":\""1988 CanLII 25 (CSC)\""},{\""type\"":\""MAIN_TITLE\"",\""text\"":\""R. v. Strachan\""},{\""type\"":\""DECISION_OFFICIAL_REPORT_REFERENCE\"",\""text\"":\""[1988] 2 SCR 980\""},{\""type\"":\""DECISION_OFFICIAL_REPORT_REFERENCE\"",\""text\"":\""[1988] 2 RCS 980\""},{\""type\"":\""DECISION_OTHER_REFERENCES\"",\""text\"":\""56 DLR (4th) 673\""},{\""type\"":\""DECISION_OTHER_REFERENCES\"",\""text\"":\"" 90 NR 273\""},{\""type\"":\""DECISION_OTHER_REFERENCES\"",\""text\"":\"" [1989] 1 WWR 385\""},{\""type\"":\""DECISION_OTHER_REFERENCES\"",\""text\"":\"" 46 CCC (3d) 479\""},{\""type\"":\""DECISION_OTHER_REFERENCES\"",\""text\"":\"" 67 CR (3d) 87\""},{\""type\"":\""DECISION_OTHER_REFERENCES\"",\""text\"":\"" 37 CRR 335\""},{\""type\"":\""DECISION_OTHER_REFERENCES\"",\""text\"":\"" 7 WCB (2d) 44\""},{\""type\"":\""DECISION_OTHER_REFERENCES\"",\""text\"":\"" [1988] CarswellBC 699\""},{\""type\"":\""DECISION_OTHER_REFERENCES\"",\""text\"":\"" JE 89-119\""},{\""type\"":\""DECISION_OTHER_REFERENCES\"",\""text\"":\"" [1988] SCJ No 94 (QL)\""},{\""type\"":\""DECISION_OTHER_REFERENCES\"",\""text\"":\"" [1988] ACS no 94\""},{\""type\"":\""DECISION_ALTERNATE_TITLE\"",\""text\"":\""R. c. Strachan\""},{\""type\"":\""DECISION_DOCKET_NUMBER\"",\""text\"":\""19749\""},{\""type\"":\""JURISDICTION_NAME\"",\""text\"":\""Canada (Federal)\""},{\""type\"":\""COLLECTION_NAME\"",\""text\"":\""Supreme Court of Canada\""}]"",
    ""jurisdictionId"": ""ca"",
    ""citedCount"": 886
  }
]"
https://canlii.ca/t/1ftbz,"[
  {
    ""id"": ""1988csc-scc81"",
    ""docType"": ""DECISION"",
    ""path"": ""/en/ca/scc/doc/1988/1988canlii7/1988canlii7.html"",
    ""docTitle"": ""Brossard (Town) v. Quebec (Commission des droits de la personne)"",
    ""autoCompletions"": ""[{\""type\"":\""DECISION_CANLII_REFERENCE\"",\""text\"":\""1988 CanLII 7 (SCC)\""},{\""type\"":\""DECISION_CANLII_REFERENCE\"",\""text\"":\""1988 CanLII 7 (CSC)\""},{\""type\"":\""MAIN_TITLE\"",\""text\"":\""Brossard (Town) v. Quebec (Commission des droits de la personne)\""},{\""type\"":\""DECISION_OFFICIAL_REPORT_REFERENCE\"",\""text\"":\""[1988] 2 SCR 279\""},{\""type\"":\""DECISION_OFFICIAL_REPORT_REFERENCE\"",\""text\"":\""[1988] 2 RCS 279\""},{\""type\"":\""DECISION_OTHER_REFERENCES\"",\""text\"":\"" REJB 1988-67869\""},{\""type\"":\""DECISION_OTHER_REFERENCES\"",\""text\"":\""53 DLR (4th) 609\""},{\""type\"":\""DECISION_OTHER_REFERENCES\"",\""text\"":\"" 88 NR 321\""},{\""type\"":\""DECISION_OTHER_REFERENCES\"",\""text\"":\"" 18 QAC 164\""},{\""type\"":\""DECISION_OTHER_REFERENCES\"",\""text\"":\"" 10 CHRR 5515\""},{\""type\"":\""DECISION_OTHER_REFERENCES\"",\""text\"":\"" EYB 1988-67869\""},{\""type\"":\""DECISION_OTHER_REFERENCES\"",\""text\"":\"" JE 88-1356\""},{\""type\"":\""DECISION_OTHER_REFERENCES\"",\""text\"":\"" [1988] SCJ No 79 (QL)\""},{\""type\"":\""DECISION_OTHER_REFERENCES\"",\""text\"":\"" [1988] ACS no 79\""},{\""type\"":\""DECISION_OTHER_REFERENCES\"",\""text\"":\"" 18 CAQ 164\""},{\""type\"":\""DECISION_ALTERNATE_TITLE\"",\""text\"":\""Brossard (Ville) v. Quebec (Commission des droits de la personne)\""},{\""type\"":\""DECISION_ALTERNATE_TITLE\"",\""text\"":\""Brossard (Ville) c. Québec (Comm. des droits de la personne)\""},{\""type\"":\""DECISION_DOCKET_NUMBER\"",\""text\"":\""18270\""},{\""type\"":\""JURISDICTION_NAME\"",\""text\"":\""Canada (Federal)\""},{\""type\"":\""COLLECTION_NAME\"",\""text\"":\""Supreme Court of Canada\""}]"",
    ""jurisdictionId"": ""ca"",
    ""citedCount"": 397
  }
]"
https://canlii.ca/t/1ftg7,"[
  {
    ""id"": ""1988csc-scc31"",
    ""docType"": ""DECISION"",
    ""path"": ""/en/ca/scc/doc/1988/1988canlii74/1988canlii74.html"",
    ""docTitle"": ""R. v. Keyowski"",
    ""autoCompletions"": ""[{\""type\"":\""DECISION_CANLII_REFERENCE\"",\""text\"":\""1988 CanLII 74 (SCC)\""},{\""type\"":\""DECISION_CANLII_REFERENCE\"",\""text\"":\""1988 CanLII 74 (CSC)\""},{\""type\"":\""MAIN_TITLE\"",\""text\"":\""R. v. Keyowski\""},{\""type\"":\""DECISION_OFFICIAL_REPORT_REFERENCE\"",\""text\"":\""[1988] 1 SCR 657\""},{\""type\"":\""DECISION_OFFICIAL_REPORT_REFERENCE\"",\""text\"":\""[1988] 1 RCS 657\""},{\""type\"":\""DECISION_OTHER_REFERENCES\"",\""text\"":\""83 NR 296\""},{\""type\"":\""DECISION_OTHER_REFERENCES\"",\""text\"":\"" [1988] 4 WWR 97\""},{\""type\"":\""DECISION_OTHER_REFERENCES\"",\""text\"":\"" 65 Sask R 122\""},{\""type\"":\""DECISION_OTHER_REFERENCES\"",\""text\"":\"" 40 CCC (3d) 481\""},{\""type\"":\""DECISION_OTHER_REFERENCES\"",\""text\"":\"" 62 CR (3d) 349\""},{\""type\"":\""DECISION_OTHER_REFERENCES\"",\""text\"":\"" 32 CRR 269\""},{\""type\"":\""DECISION_OTHER_REFERENCES\"",\""text\"":\"" 4 WCB (2d) 129\""},{\""type\"":\""DECISION_OTHER_REFERENCES\"",\""text\"":\"" JE 88-581\""},{\""type\"":\""DECISION_OTHER_REFERENCES\"",\""text\"":\"" [1988] SCJ No 28 (QL)\""},{\""type\"":\""DECISION_ALTERNATE_TITLE\"",\""text\"":\""Keyowski v. R.\""},{\""type\"":\""DECISION_ALTERNATE_TITLE\"",\""text\"":\""R. c. Keyowski\""},{\""type\"":\""DECISION_DOCKET_NUMBER\"",\""text\"":\""19991\""},{\""type\"":\""JURISDICTION_NAME\"",\""text\"":\""Canada (Federal)\""},{\""type\"":\""COLLECTION_NAME\"",\""text\"":\""Supreme Court of Canada\""}]"",
    ""jurisdictionId"": ""ca"",
    ""citedCount"": 398
  }
]"
https://canlii.ca/t/1fthw,"[
  {
    ""id"": ""1987csc-scc78"",
    ""docType"": ""DECISION"",
    ""path"": ""/en/ca/scc/doc/1987/1987canlii2/1987canlii2.html"",
    ""docTitle"": ""R. v. Vaillancourt"",
    ""autoCompletions"": ""[{\""type\"":\""DECISION_CANLII_REFERENCE\"",\""text\"":\""1987 CanLII 2 (SCC)\""},{\""type\"":\""DECISION_CANLII_REFERENCE\"",\""text\"":\""1987 CanLII 2 (CSC)\""},{\""type\"":\""MAIN_TITLE\"",\""text\"":\""R. v. Vaillancourt\""},{\""type\"":\""DECISION_OFFICIAL_REPORT_REFERENCE\"",\""text\"":\""[1987] 2 SCR 636\""},{\""type\"":\""DECISION_OFFICIAL_REPORT_REFERENCE\"",\""text\"":\""[1987] 2 RCS 636\""},{\""type\"":\""DECISION_OTHER_REFERENCES\"",\""text\"":\""68 Nfld & PEIR 281\""},{\""type\"":\""DECISION_OTHER_REFERENCES\"",\""text\"":\"" 47 DLR (4th) 399\""},{\""type\"":\""DECISION_OTHER_REFERENCES\"",\""text\"":\"" 81 NR 115\""},{\""type\"":\""DECISION_OTHER_REFERENCES\"",\""text\"":\"" 10 QAC 161\""},{\""type\"":\""DECISION_OTHER_REFERENCES\"",\""text\"":\"" 209 APR 281\""},{\""type\"":\""DECISION_OTHER_REFERENCES\"",\""text\"":\"" 39 CCC (3d) 118\""},{\""type\"":\""DECISION_OTHER_REFERENCES\"",\""text\"":\"" 60 CR (3d) 289\""},{\""type\"":\""DECISION_OTHER_REFERENCES\"",\""text\"":\"" 32 CRR 18\""},{\""type\"":\""DECISION_OTHER_REFERENCES\"",\""text\"":\"" 3 WCB (2d) 133\""},{\""type\"":\""DECISION_OTHER_REFERENCES\"",\""text\"":\"" [1987] CarswellQue 18\""},{\""type\"":\""DECISION_OTHER_REFERENCES\"",\""text\"":\"" JE 88-27\""},{\""type\"":\""DECISION_OTHER_REFERENCES\"",\""text\"":\"" [1987] SCJ No 83 (QL)\""},{\""type\"":\""DECISION_OTHER_REFERENCES\"",\""text\"":\"" [1987] ACS no 83\""},{\""type\"":\""DECISION_OTHER_REFERENCES\"",\""text\"":\"" 10 CAQ 161\""},{\""type\"":\""DECISION_ALTERNATE_TITLE\"",\""text\"":\""Vaillancourt v. R.\""},{\""type\"":\""DECISION_ALTERNATE_TITLE\"",\""text\"":\""R. c.  Vaillancourt\""},{\""type\"":\""DECISION_DOCKET_NUMBER\"",\""text\"":\""18963\""},{\""type\"":\""JURISDICTION_NAME\"",\""text\"":\""Canada (Federal)\""},{\""type\"":\""COLLECTION_NAME\"",\""text\"":\""Supreme Court of Canada\""}]"",
    ""jurisdictionId"": ""ca"",
    ""citedCount"": 641
  }
]"
https://canlii.ca/t/1ftjt,"[
  {
    ""id"": ""1988csc-scc2"",
    ""docType"": ""DECISION"",
    ""path"": ""/en/ca/scc/doc/1988/1988canlii90/1988canlii90.html"",
    ""docTitle"": ""R. v. Morgentaler"",
    ""autoCompletions"": ""[{\""type\"":\""DECISION_CANLII_REFERENCE\"",\""text\"":\""1988 CanLII 90 (SCC)\""},{\""type\"":\""DECISION_CANLII_REFERENCE\"",\""text\"":\""1988 CanLII 90 (CSC)\""},{\""type\"":\""MAIN_TITLE\"",\""text\"":\""R. v. Morgentaler\""},{\""type\"":\""DECISION_OFFICIAL_REPORT_REFERENCE\"",\""text\"":\""[1988] 1 SCR 30\""},{\""type\"":\""DECISION_OFFICIAL_REPORT_REFERENCE\"",\""text\"":\""[1988] 1 RCS 30\""},{\""type\"":\""DECISION_OTHER_REFERENCES\"",\""text\"":\""63 OR (2d) 281\""},{\""type\"":\""DECISION_OTHER_REFERENCES\"",\""text\"":\"" 44 DLR (4th) 385\""},{\""type\"":\""DECISION_OTHER_REFERENCES\"",\""text\"":\"" 82 NR 1\""},{\""type\"":\""DECISION_OTHER_REFERENCES\"",\""text\"":\"" 26 OAC 1\""},{\""type\"":\""DECISION_OTHER_REFERENCES\"",\""text\"":\"" 37 CCC (3d) 449\""},{\""type\"":\""DECISION_OTHER_REFERENCES\"",\""text\"":\"" 62 CR (3d) 1\""},{\""type\"":\""DECISION_OTHER_REFERENCES\"",\""text\"":\"" 31 CRR 1\""},{\""type\"":\""DECISION_OTHER_REFERENCES\"",\""text\"":\"" 3 WCB (2d) 332\""},{\""type\"":\""DECISION_OTHER_REFERENCES\"",\""text\"":\"" JE 88-220\""},{\""type\"":\""DECISION_OTHER_REFERENCES\"",\""text\"":\"" [1988] SCJ No 1 (QL)\""},{\""type\"":\""DECISION_OTHER_REFERENCES\"",\""text\"":\"" [1988] ACS no 1\""},{\""type\"":\""DECISION_ALTERNATE_TITLE\"",\""text\"":\""Morgentaler, Smoling and Scott v. The Queen\""},{\""type\"":\""DECISION_ALTERNATE_TITLE\"",\""text\"":\""Morgantaler, Smiling and Scott v. The Queen\""},{\""type\"":\""DECISION_ALTERNATE_TITLE\"",\""text\"":\""R. c. Morgentaler\""},{\""type\"":\""DECISION_DOCKET_NUMBER\"",\""text\"":\""19556\""},{\""type\"":\""JURISDICTION_NAME\"",\""text\"":\""Canada (Federal)\""},{\""type\"":\""COLLECTION_NAME\"",\""text\"":\""Supreme Court of Canada\""}]"",
    ""jurisdictionId"": ""ca"",
    ""citedCount"": 1420
  }
]"
https://canlii.ca/t/1ftlw,"[
  {
    ""id"": ""1987csc-scc56"",
    ""docType"": ""DECISION"",
    ""path"": ""/en/ca/scc/doc/1987/1987canlii25/1987canlii25.html"",
    ""docTitle"": ""R. v. Lyons"",
    ""autoCompletions"": ""[{\""type\"":\""DECISION_CANLII_REFERENCE\"",\""text\"":\""1987 CanLII 25 (SCC)\""},{\""type\"":\""DECISION_CANLII_REFERENCE\"",\""text\"":\""1987 CanLII 25 (CSC)\""},{\""type\"":\""MAIN_TITLE\"",\""text\"":\""R. v. Lyons\""},{\""type\"":\""DECISION_OFFICIAL_REPORT_REFERENCE\"",\""text\"":\""[1987] 2 SCR 309\""},{\""type\"":\""DECISION_OFFICIAL_REPORT_REFERENCE\"",\""text\"":\""[1987] 2 RCS 309\""},{\""type\"":\""DECISION_OTHER_REFERENCES\"",\""text\"":\""44 DLR (4th) 193\""},{\""type\"":\""DECISION_OTHER_REFERENCES\"",\""text\"":\"" 80 NR 161\""},{\""type\"":\""DECISION_OTHER_REFERENCES\"",\""text\"":\"" 207 APR 271\""},{\""type\"":\""DECISION_OTHER_REFERENCES\"",\""text\"":\"" 82 NSR (2d) 271\""},{\""type\"":\""DECISION_OTHER_REFERENCES\"",\""text\"":\"" AZ-87111063\""},{\""type\"":\""DECISION_OTHER_REFERENCES\"",\""text\"":\"" 37 CCC (3d) 1\""},{\""type\"":\""DECISION_OTHER_REFERENCES\"",\""text\"":\"" 61 CR (3d) 1\""},{\""type\"":\""DECISION_OTHER_REFERENCES\"",\""text\"":\"" 32 CPR (3d) 41\""},{\""type\"":\""DECISION_OTHER_REFERENCES\"",\""text\"":\"" 32 CRR 41\""},{\""type\"":\""DECISION_OTHER_REFERENCES\"",\""text\"":\"" 3 WCB (2d) 62\""},{\""type\"":\""DECISION_OTHER_REFERENCES\"",\""text\"":\"" [1987] CarswellNS 342\""},{\""type\"":\""DECISION_OTHER_REFERENCES\"",\""text\"":\"" JE 87-1123\""},{\""type\"":\""DECISION_OTHER_REFERENCES\"",\""text\"":\"" [1987] SCJ No 62 (QL)\""},{\""type\"":\""DECISION_OTHER_REFERENCES\"",\""text\"":\"" [1987] ACS no 62\""},{\""type\"":\""DECISION_ALTERNATE_TITLE\"",\""text\"":\""Lyons v. The Queen\""},{\""type\"":\""DECISION_ALTERNATE_TITLE\"",\""text\"":\""Lyons v. R.\""},{\""type\"":\""DECISION_ALTERNATE_TITLE\"",\""text\"":\""R. c. Lyons\""},{\""type\"":\""DECISION_DOCKET_NUMBER\"",\""text\"":\""19125\""},{\""type\"":\""JURISDICTION_NAME\"",\""text\"":\""Canada (Federal)\""},{\""type\"":\""COLLECTION_NAME\"",\""text\"":\""Supreme Court of Canada\""}]"",
    ""jurisdictionId"": ""ca"",
    ""citedCount"": 2202
  }
]"
https://canlii.ca/t/1ftnd,"[
  {
    ""id"": ""1987csc-scc11"",
    ""docType"": ""DECISION"",
    ""path"": ""/en/ca/scc/doc/1987/1987canlii84/1987canlii84.html"",
    ""docTitle"": ""R. v. Collins"",
    ""autoCompletions"": ""[{\""type\"":\""DECISION_CANLII_REFERENCE\"",\""text\"":\""1987 CanLII 84 (SCC)\""},{\""type\"":\""DECISION_CANLII_REFERENCE\"",\""text\"":\""1987 CanLII 84 (CSC)\""},{\""type\"":\""MAIN_TITLE\"",\""text\"":\""R. v. Collins\""},{\""type\"":\""DECISION_OFFICIAL_REPORT_REFERENCE\"",\""text\"":\""[1987] 1 SCR 265\""},{\""type\"":\""DECISION_OFFICIAL_REPORT_REFERENCE\"",\""text\"":\""[1987] 1 RCS 265\""},{\""type\"":\""DECISION_OTHER_REFERENCES\"",\""text\"":\"" REJB 1987-66975\""},{\""type\"":\""DECISION_OTHER_REFERENCES\"",\""text\"":\""38 DLR (4th) 508\""},{\""type\"":\""DECISION_OTHER_REFERENCES\"",\""text\"":\"" 74 NR 276\""},{\""type\"":\""DECISION_OTHER_REFERENCES\"",\""text\"":\"" [1987] 3 WWR 699\""},{\""type\"":\""DECISION_OTHER_REFERENCES\"",\""text\"":\"" AZ-87111022\""},{\""type\"":\""DECISION_OTHER_REFERENCES\"",\""text\"":\"" 13 BCLR (2d) 1\""},{\""type\"":\""DECISION_OTHER_REFERENCES\"",\""text\"":\"" 33 CCC (3d) 1\""},{\""type\"":\""DECISION_OTHER_REFERENCES\"",\""text\"":\"" 56 CR (3d) 193\""},{\""type\"":\""DECISION_OTHER_REFERENCES\"",\""text\"":\"" 15 WCB (2d) 387\""},{\""type\"":\""DECISION_OTHER_REFERENCES\"",\""text\"":\"" [1987] DLQ 416\""},{\""type\"":\""DECISION_OTHER_REFERENCES\"",\""text\"":\"" 28 CRR 122\""},{\""type\"":\""DECISION_OTHER_REFERENCES\"",\""text\"":\"" [1987] CarswellBC 94\""},{\""type\"":\""DECISION_OTHER_REFERENCES\"",\""text\"":\"" EYB 1987-66975\""},{\""type\"":\""DECISION_OTHER_REFERENCES\"",\""text\"":\"" JE 87-516\""},{\""type\"":\""DECISION_OTHER_REFERENCES\"",\""text\"":\"" [1987] SCJ No 15 (QL)\""},{\""type\"":\""DECISION_OTHER_REFERENCES\"",\""text\"":\"" [1987] ACS no 15\""},{\""type\"":\""DECISION_ALTERNATE_TITLE\"",\""text\"":\""Regina v. Collins\""},{\""type\"":\""DECISION_ALTERNATE_TITLE\"",\""text\"":\""Collins v. The Queen\""},{\""type\"":\""DECISION_ALTERNATE_TITLE\"",\""text\"":\""R. c. Collins\""},{\""type\"":\""DECISION_DOCKET_NUMBER\"",\""text\"":\""17937\""},{\""type\"":\""JURISDICTION_NAME\"",\""text\"":\""Canada (Federal)\""},{\""type\"":\""COLLECTION_NAME\"",\""text\"":\""Supreme Court of Canada\""}]"",
    ""jurisdictionId"": ""ca"",
    ""citedCount"": 5225
  }
]"
https://canlii.ca/t/1ftp7,"[
  {
    ""id"": ""1987csc-scc24"",
    ""docType"": ""DECISION"",
    ""path"": ""/en/ca/scc/doc/1987/1987canlii52/1987canlii52.html"",
    ""docTitle"": ""R. v. Rahey"",
    ""autoCompletions"": ""[{\""type\"":\""DECISION_CANLII_REFERENCE\"",\""text\"":\""1987 CanLII 52 (SCC)\""},{\""type\"":\""DECISION_CANLII_REFERENCE\"",\""text\"":\""1987 CanLII 52 (CSC)\""},{\""type\"":\""MAIN_TITLE\"",\""text\"":\""R. v. Rahey\""},{\""type\"":\""DECISION_OFFICIAL_REPORT_REFERENCE\"",\""text\"":\""[1987] 1 SCR 588\""},{\""type\"":\""DECISION_OFFICIAL_REPORT_REFERENCE\"",\""text\"":\""[1987] 1 RCS 588\""},{\""type\"":\""DECISION_OTHER_REFERENCES\"",\""text\"":\"" REJB 1987-67384\""},{\""type\"":\""DECISION_OTHER_REFERENCES\"",\""text\"":\""39 DLR (4th) 481\""},{\""type\"":\""DECISION_OTHER_REFERENCES\"",\""text\"":\"" 75 NR 81\""},{\""type\"":\""DECISION_OTHER_REFERENCES\"",\""text\"":\"" 193 APR 183\""},{\""type\"":\""DECISION_OTHER_REFERENCES\"",\""text\"":\"" 78 NSR (2d) 183\""},{\""type\"":\""DECISION_OTHER_REFERENCES\"",\""text\"":\"" AZ-87111027\""},{\""type\"":\""DECISION_OTHER_REFERENCES\"",\""text\"":\"" 33 CCC (3d) 289\""},{\""type\"":\""DECISION_OTHER_REFERENCES\"",\""text\"":\"" 57 CR (3d) 289\""},{\""type\"":\""DECISION_OTHER_REFERENCES\"",\""text\"":\"" [1987] DLQ 435\""},{\""type\"":\""DECISION_OTHER_REFERENCES\"",\""text\"":\"" 2 WCB (2d) 217\""},{\""type\"":\""DECISION_OTHER_REFERENCES\"",\""text\"":\"" 33 CRR 275\""},{\""type\"":\""DECISION_OTHER_REFERENCES\"",\""text\"":\"" [1987] CarswellNS 38\""},{\""type\"":\""DECISION_OTHER_REFERENCES\"",\""text\"":\"" EYB 1987-67384\""},{\""type\"":\""DECISION_OTHER_REFERENCES\"",\""text\"":\"" JE 87-623\""},{\""type\"":\""DECISION_OTHER_REFERENCES\"",\""text\"":\"" [1987] SCJ No 23 (QL)\""},{\""type\"":\""DECISION_ALTERNATE_TITLE\"",\""text\"":\""Rahey v. The Queen\""},{\""type\"":\""DECISION_ALTERNATE_TITLE\"",\""text\"":\""Rahey v. R.\""},{\""type\"":\""DECISION_ALTERNATE_TITLE\"",\""text\"":\""R. c. Rahey\""},{\""type\"":\""DECISION_DOCKET_NUMBER\"",\""text\"":\""18906\""},{\""type\"":\""JURISDICTION_NAME\"",\""text\"":\""Canada (Federal)\""},{\""type\"":\""COLLECTION_NAME\"",\""text\"":\""Supreme Court of Canada\""}]"",
    ""jurisdictionId"": ""ca"",
    ""citedCount"": 1159
  }
]"
https://canlii.ca/t/1ftpt,"[
  {
    ""id"": ""1986csc-scc75"",
    ""docType"": ""DECISION"",
    ""path"": ""/en/ca/scc/doc/1986/1986canlii12/1986canlii12.html"",
    ""docTitle"": ""R. v. Edwards Books and Art Ltd."",
    ""autoCompletions"": ""[{\""type\"":\""DECISION_CANLII_REFERENCE\"",\""text\"":\""1986 CanLII 12 (SCC)\""},{\""type\"":\""DECISION_CANLII_REFERENCE\"",\""text\"":\""1986 CanLII 12 (CSC)\""},{\""type\"":\""MAIN_TITLE\"",\""text\"":\""R. v. Edwards Books and Art Ltd.\""},{\""type\"":\""DECISION_OFFICIAL_REPORT_REFERENCE\"",\""text\"":\""[1986] 2 SCR 713\""},{\""type\"":\""DECISION_OFFICIAL_REPORT_REFERENCE\"",\""text\"":\""[1986] 2 RCS 713\""},{\""type\"":\""DECISION_OTHER_REFERENCES\"",\""text\"":\""35 DLR (4th) 1\""},{\""type\"":\""DECISION_OTHER_REFERENCES\"",\""text\"":\"" 71 NR 161\""},{\""type\"":\""DECISION_OTHER_REFERENCES\"",\""text\"":\"" 19 OAC 239\""},{\""type\"":\""DECISION_OTHER_REFERENCES\"",\""text\"":\"" 30 CCC (3d) 385\""},{\""type\"":\""DECISION_OTHER_REFERENCES\"",\""text\"":\"" 55 CR (3d) 193\""},{\""type\"":\""DECISION_OTHER_REFERENCES\"",\""text\"":\"" 28 CRR 1\""},{\""type\"":\""DECISION_OTHER_REFERENCES\"",\""text\"":\"" JE 87-82\""},{\""type\"":\""DECISION_OTHER_REFERENCES\"",\""text\"":\"" [1986] SCJ No 70 (QL)\""},{\""type\"":\""DECISION_OTHER_REFERENCES\"",\""text\"":\"" [1986] ACS no 70\""},{\""type\"":\""DECISION_ALTERNATE_TITLE\"",\""text\"":\""R. v. Videoflicks Ltd.\""},{\""type\"":\""DECISION_ALTERNATE_TITLE\"",\""text\"":\""Edwards Books and Art v. The Queen\""},{\""type\"":\""DECISION_ALTERNATE_TITLE\"",\""text\"":\""R. v. Nortown Foods Ltd.\""},{\""type\"":\""DECISION_ALTERNATE_TITLE\"",\""text\"":\""Edward Books and Art Ltd. et al v. The Queen\""},{\""type\"":\""DECISION_ALTERNATE_TITLE\"",\""text\"":\""R. v. Nortown Foods Inc\""},{\""type\"":\""DECISION_ALTERNATE_TITLE\"",\""text\"":\""R. c. Edwards Books and Art Ltd.\""},{\""type\"":\""DECISION_DOCKET_NUMBER\"",\""text\"":\"" 19046\""},{\""type\"":\""DECISION_DOCKET_NUMBER\"",\""text\"":\"" 19069\""},{\""type\"":\""DECISION_DOCKET_NUMBER\"",\""text\"":\""19054\""},{\""type\"":\""DECISION_DOCKET_NUMBER\"",\""text\"":\"" 19053\""},{\""type\"":\""JURISDICTION_NAME\"",\""text\"":\""Canada (Federal)\""},{\""type\"":\""COLLECTION_NAME\"",\""text\"":\""Supreme Court of Canada\""}]"",
    ""jurisdictionId"": ""ca"",
    ""citedCount"": 1149
  }
]"
https://canlii.ca/t/1ftqk,"[
  {
    ""id"": ""1986csc-scc53"",
    ""docType"": ""DECISION"",
    ""path"": ""/en/ca/scc/doc/1986/1986canlii32/1986canlii32.html"",
    ""docTitle"": ""R. v. Jones"",
    ""autoCompletions"": ""[{\""type\"":\""DECISION_CANLII_REFERENCE\"",\""text\"":\""1986 CanLII 32 (SCC)\""},{\""type\"":\""DECISION_CANLII_REFERENCE\"",\""text\"":\""1986 CanLII 32 (CSC)\""},{\""type\"":\""MAIN_TITLE\"",\""text\"":\""R. v. Jones\""},{\""type\"":\""DECISION_OFFICIAL_REPORT_REFERENCE\"",\""text\"":\""[1986] 2 SCR 284\""},{\""type\"":\""DECISION_OFFICIAL_REPORT_REFERENCE\"",\""text\"":\""[1986] 2 RCS 284\""},{\""type\"":\""DECISION_OTHER_REFERENCES\"",\""text\"":\"" REJB 1986-66948\""},{\""type\"":\""DECISION_OTHER_REFERENCES\"",\""text\"":\""31 DLR (4th) 569\""},{\""type\"":\""DECISION_OTHER_REFERENCES\"",\""text\"":\"" 69 NR 241\""},{\""type\"":\""DECISION_OTHER_REFERENCES\"",\""text\"":\"" [1986] 6 WWR 577\""},{\""type\"":\""DECISION_OTHER_REFERENCES\"",\""text\"":\"" 47 Alta LR (2d) 97\""},{\""type\"":\""DECISION_OTHER_REFERENCES\"",\""text\"":\"" 73 AR 133\""},{\""type\"":\""DECISION_OTHER_REFERENCES\"",\""text\"":\"" 28 CCC (3d) 513\""},{\""type\"":\""DECISION_OTHER_REFERENCES\"",\""text\"":\"" 17 WCB 367\""},{\""type\"":\""DECISION_OTHER_REFERENCES\"",\""text\"":\"" 25 CRR 63\""},{\""type\"":\""DECISION_OTHER_REFERENCES\"",\""text\"":\"" EYB 1986-66948\""},{\""type\"":\""DECISION_OTHER_REFERENCES\"",\""text\"":\"" JE 86-992\""},{\""type\"":\""DECISION_OTHER_REFERENCES\"",\""text\"":\"" [1986] SCJ No 56 (QL)\""},{\""type\"":\""DECISION_OTHER_REFERENCES\"",\""text\"":\"" [1986] ACS no 56\""},{\""type\"":\""DECISION_ALTERNATE_TITLE\"",\""text\"":\""Jones v. R. et al.\""},{\""type\"":\""DECISION_ALTERNATE_TITLE\"",\""text\"":\""Jones v. The Queen\""},{\""type\"":\""DECISION_ALTERNATE_TITLE\"",\""text\"":\""R. c. Jones\""},{\""type\"":\""DECISION_DOCKET_NUMBER\"",\""text\"":\""18962\""},{\""type\"":\""JURISDICTION_NAME\"",\""text\"":\""Canada (Federal)\""},{\""type\"":\""COLLECTION_NAME\"",\""text\"":\""Supreme Court of Canada\""}]"",
    ""jurisdictionId"": ""ca"",
    ""citedCount"": 479
  }
]"
https://canlii.ca/t/1fttd,"[
  {
    ""id"": ""1986csc-scc28"",
    ""docType"": ""DECISION"",
    ""path"": ""/en/ca/scc/doc/1986/1986canlii67/1986canlii67.html"",
    ""docTitle"": ""Dube v. Labar"",
    ""autoCompletions"": ""[{\""type\"":\""DECISION_CANLII_REFERENCE\"",\""text\"":\""1986 CanLII 67 (SCC)\""},{\""type\"":\""DECISION_CANLII_REFERENCE\"",\""text\"":\""1986 CanLII 67 (CSC)\""},{\""type\"":\""MAIN_TITLE\"",\""text\"":\""Dube v. Labar\""},{\""type\"":\""DECISION_OFFICIAL_REPORT_REFERENCE\"",\""text\"":\""[1986] 1 SCR 649\""},{\""type\"":\""DECISION_OFFICIAL_REPORT_REFERENCE\"",\""text\"":\""[1986] 1 RCS 649\""},{\""type\"":\""DECISION_OTHER_REFERENCES\"",\""text\"":\""27 DLR (4th) 653\""},{\""type\"":\""DECISION_OTHER_REFERENCES\"",\""text\"":\"" 68 NR 91\""},{\""type\"":\""DECISION_OTHER_REFERENCES\"",\""text\"":\"" 37 ACWS (2d) 152\""},{\""type\"":\""DECISION_OTHER_REFERENCES\"",\""text\"":\"" [1986] 3 WWR 750\""},{\""type\"":\""DECISION_OTHER_REFERENCES\"",\""text\"":\"" 1 YR 81\""},{\""type\"":\""DECISION_OTHER_REFERENCES\"",\""text\"":\"" 2 BCLR (2d) 273\""},{\""type\"":\""DECISION_OTHER_REFERENCES\"",\""text\"":\"" 36 CCLT 105\""},{\""type\"":\""DECISION_OTHER_REFERENCES\"",\""text\"":\"" [1986] SCJ No 29 (QL)\""},{\""type\"":\""DECISION_OTHER_REFERENCES\"",\""text\"":\"" 42 MVR 1\""},{\""type\"":\""DECISION_ALTERNATE_TITLE\"",\""text\"":\""Dube c. Labar\""},{\""type\"":\""DECISION_DOCKET_NUMBER\"",\""text\"":\""17672\""},{\""type\"":\""JURISDICTION_NAME\"",\""text\"":\""Canada (Federal)\""},{\""type\"":\""COLLECTION_NAME\"",\""text\"":\""Supreme Court of Canada\""}]"",
    ""jurisdictionId"": ""ca"",
    ""citedCount"": 110
  }
]"
https://canlii.ca/t/1ftwk,"[
  {
    ""id"": ""1985csc-scc78"",
    ""docType"": ""DECISION"",
    ""path"": ""/en/ca/scc/doc/1985/1985canlii23/1985canlii23.html"",
    ""docTitle"": ""Cardinal v. Director of Kent Institution"",
    ""autoCompletions"": ""[{\""type\"":\""DECISION_CANLII_REFERENCE\"",\""text\"":\""1985 CanLII 23 (SCC)\""},{\""type\"":\""DECISION_CANLII_REFERENCE\"",\""text\"":\""1985 CanLII 23 (CSC)\""},{\""type\"":\""MAIN_TITLE\"",\""text\"":\""Cardinal v. Director of Kent Institution\""},{\""type\"":\""DECISION_OFFICIAL_REPORT_REFERENCE\"",\""text\"":\""[1985] 2 SCR 643\""},{\""type\"":\""DECISION_OFFICIAL_REPORT_REFERENCE\"",\""text\"":\""[1985] 2 RCS 643\""},{\""type\"":\""DECISION_OTHER_REFERENCES\"",\""text\"":\"" REJB 1985-150124\""},{\""type\"":\""DECISION_OTHER_REFERENCES\"",\""text\"":\""24 DLR (4th) 44\""},{\""type\"":\""DECISION_OTHER_REFERENCES\"",\""text\"":\"" 63 NR 353\""},{\""type\"":\""DECISION_OTHER_REFERENCES\"",\""text\"":\"" [1986] 1 WWR 577\""},{\""type\"":\""DECISION_OTHER_REFERENCES\"",\""text\"":\"" 69 BCLR 255\""},{\""type\"":\""DECISION_OTHER_REFERENCES\"",\""text\"":\"" 23 CCC (3d) 118\""},{\""type\"":\""DECISION_OTHER_REFERENCES\"",\""text\"":\"" 49 CR (3d) 35\""},{\""type\"":\""DECISION_OTHER_REFERENCES\"",\""text\"":\"" 15 WCB 331\""},{\""type\"":\""DECISION_OTHER_REFERENCES\"",\""text\"":\"" 16 Admin LR 233\""},{\""type\"":\""DECISION_OTHER_REFERENCES\"",\""text\"":\"" EYB 1985-150124\""},{\""type\"":\""DECISION_OTHER_REFERENCES\"",\""text\"":\"" JE 86-41\""},{\""type\"":\""DECISION_OTHER_REFERENCES\"",\""text\"":\"" [1985] FCJ No 78 (QL)\""},{\""type\"":\""DECISION_OTHER_REFERENCES\"",\""text\"":\"" [1985] SCJ No 78 (QL)\""},{\""type\"":\""DECISION_OTHER_REFERENCES\"",\""text\"":\"" [1985] ACS no 78\""},{\""type\"":\""DECISION_OTHER_REFERENCES\"",\""text\"":\"" [1985] ACF No 78 (QL)\""},{\""type\"":\""DECISION_ALTERNATE_TITLE\"",\""text\"":\""Cardinal and Oswald v. Director of Kent Instititution\""},{\""type\"":\""DECISION_ALTERNATE_TITLE\"",\""text\"":\""Cardinal v. Dir. of Kent Inst.\""},{\""type\"":\""DECISION_ALTERNATE_TITLE\"",\""text\"":\""Cardinal and Oswald v. Director of Kent Institution\""},{\""type\"":\""DECISION_ALTERNATE_TITLE\"",\""text\"":\""Cardinal c. Directeur de l'Établissement Kent\""},{\""type\"":\""DECISION_DOCKET_NUMBER\"",\""text\"":\""17364\""},{\""type\"":\""JURISDICTION_NAME\"",\""text\"":\""Canada (Federal)\""},{\""type\"":\""COLLECTION_NAME\"",\""text\"":\""Supreme Court of Canada\""}]"",
    ""jurisdictionId"": ""ca"",
    ""citedCount"": 1431
  }
]"
https://canlii.ca/t/1ftxr,"[
  {
    ""id"": ""1985csc-scc47"",
    ""docType"": ""DECISION"",
    ""path"": ""/en/ca/scc/doc/1985/1985canlii47/1985canlii47.html"",
    ""docTitle"": ""R. v. Jewitt"",
    ""autoCompletions"": ""[{\""type\"":\""DECISION_CANLII_REFERENCE\"",\""text\"":\""1985 CanLII 47 (SCC)\""},{\""type\"":\""DECISION_CANLII_REFERENCE\"",\""text\"":\""1985 CanLII 47 (CSC)\""},{\""type\"":\""MAIN_TITLE\"",\""text\"":\""R. v. Jewitt\""},{\""type\"":\""DECISION_OFFICIAL_REPORT_REFERENCE\"",\""text\"":\""[1985] 2 SCR 128\""},{\""type\"":\""DECISION_OFFICIAL_REPORT_REFERENCE\"",\""text\"":\""[1985] 2 RCS 128\""},{\""type\"":\""DECISION_OTHER_REFERENCES\"",\""text\"":\"" REJB 1985-150130\""},{\""type\"":\""DECISION_OTHER_REFERENCES\"",\""text\"":\""20 DLR (4th) 651\""},{\""type\"":\""DECISION_OTHER_REFERENCES\"",\""text\"":\"" 61 NR 159\""},{\""type\"":\""DECISION_OTHER_REFERENCES\"",\""text\"":\"" [1985] 6 WWR 127\""},{\""type\"":\""DECISION_OTHER_REFERENCES\"",\""text\"":\"" 21 CCC (3d) 7\""},{\""type\"":\""DECISION_OTHER_REFERENCES\"",\""text\"":\"" 47 CR (3d) 193\""},{\""type\"":\""DECISION_OTHER_REFERENCES\"",\""text\"":\"" 15 WCB 2\""},{\""type\"":\""DECISION_OTHER_REFERENCES\"",\""text\"":\"" [1985] CarswellBC 743\""},{\""type\"":\""DECISION_OTHER_REFERENCES\"",\""text\"":\"" EYB 1985-150130\""},{\""type\"":\""DECISION_OTHER_REFERENCES\"",\""text\"":\"" JE 85-916\""},{\""type\"":\""DECISION_OTHER_REFERENCES\"",\""text\"":\"" [1985] SCJ No 53 (QL)\""},{\""type\"":\""DECISION_OTHER_REFERENCES\"",\""text\"":\"" [1985] ACS no 53\""},{\""type\"":\""DECISION_ALTERNATE_TITLE\"",\""text\"":\""R. c. Jewitt\""},{\""type\"":\""DECISION_DOCKET_NUMBER\"",\""text\"":\""17693\""},{\""type\"":\""JURISDICTION_NAME\"",\""text\"":\""Canada (Federal)\""},{\""type\"":\""COLLECTION_NAME\"",\""text\"":\""Supreme Court of Canada\""}]"",
    ""jurisdictionId"": ""ca"",
    ""citedCount"": 924
  }
]"
https://canlii.ca/t/1ftz7,"[
  {
    ""id"": ""1985csc-scc35"",
    ""docType"": ""DECISION"",
    ""path"": ""/en/ca/scc/doc/1985/1985canlii35/1985canlii35.html"",
    ""docTitle"": ""A.G. (Que.) v. Carrières Ste-Thérèse Ltée"",
    ""autoCompletions"": ""[{\""type\"":\""DECISION_CANLII_REFERENCE\"",\""text\"":\""1985 CanLII 35 (SCC)\""},{\""type\"":\""DECISION_CANLII_REFERENCE\"",\""text\"":\""1985 CanLII 35 (CSC)\""},{\""type\"":\""MAIN_TITLE\"",\""text\"":\""A.G. (Que.) v. Carrières Ste-Thérèse Ltée\""},{\""type\"":\""DECISION_OFFICIAL_REPORT_REFERENCE\"",\""text\"":\""[1985] 1 SCR 831\""},{\""type\"":\""DECISION_OFFICIAL_REPORT_REFERENCE\"",\""text\"":\""[1985] 1 RCS 831\""},{\""type\"":\""DECISION_OTHER_REFERENCES\"",\""text\"":\""20 DLR (4th) 602\""},{\""type\"":\""DECISION_OTHER_REFERENCES\"",\""text\"":\"" 59 NR 391\""},{\""type\"":\""DECISION_OTHER_REFERENCES\"",\""text\"":\"" 20 CCC (3d) 408\""},{\""type\"":\""DECISION_OTHER_REFERENCES\"",\""text\"":\"" 13 Admin LR 144\""},{\""type\"":\""DECISION_OTHER_REFERENCES\"",\""text\"":\"" 15 WCB 1\""},{\""type\"":\""DECISION_OTHER_REFERENCES\"",\""text\"":\"" [1985] CarswellQue 85\""},{\""type\"":\""DECISION_OTHER_REFERENCES\"",\""text\"":\"" [1985] SCJ No 37 (QL)\""},{\""type\"":\""DECISION_OTHER_REFERENCES\"",\""text\"":\"" [1985] ACS no 37\""},{\""type\"":\""DECISION_ALTERNATE_TITLE\"",\""text\"":\""P.G. Qué. c. Carrières Ste-Thérèse Ltée\""},{\""type\"":\""DECISION_ALTERNATE_TITLE\"",\""text\"":\""Carrieres Ste-Therese Ltee v. Attorney-General of Quebec\""},{\""type\"":\""DECISION_ALTERNATE_TITLE\"",\""text\"":\""Quebec (Attorney-General) v. Carrieres Ste-Therese Ltee\""},{\""type\"":\""DECISION_ALTERNATE_TITLE\"",\""text\"":\""P.G. (Qué.) c. Carrières Ste-Thérèse Ltée\""},{\""type\"":\""DECISION_DOCKET_NUMBER\"",\""text\"":\""17331\""},{\""type\"":\""JURISDICTION_NAME\"",\""text\"":\""Canada (Federal)\""},{\""type\"":\""COLLECTION_NAME\"",\""text\"":\""Supreme Court of Canada\""}]"",
    ""jurisdictionId"": ""ca"",
    ""citedCount"": 106
  }
]"
https://canlii.ca/t/1ftzq,"[
  {
    ""id"": ""1985csc-scc48"",
    ""docType"": ""DECISION"",
    ""path"": ""/en/ca/scc/doc/1985/1985canlii48/1985canlii48.html"",
    ""docTitle"": ""Winnipeg School Division No. 1 v. Craton"",
    ""autoCompletions"": ""[{\""type\"":\""DECISION_CANLII_REFERENCE\"",\""text\"":\""1985 CanLII 48 (SCC)\""},{\""type\"":\""DECISION_CANLII_REFERENCE\"",\""text\"":\""1985 CanLII 48 (CSC)\""},{\""type\"":\""MAIN_TITLE\"",\""text\"":\""Winnipeg School Division No. 1 v. Craton\""},{\""type\"":\""DECISION_OFFICIAL_REPORT_REFERENCE\"",\""text\"":\""[1985] 2 SCR 150\""},{\""type\"":\""DECISION_OFFICIAL_REPORT_REFERENCE\"",\""text\"":\""[1985] 2 RCS 150\""},{\""type\"":\""DECISION_OTHER_REFERENCES\"",\""text\"":\""21 DLR (4th) 1\""},{\""type\"":\""DECISION_OTHER_REFERENCES\"",\""text\"":\"" 61 NR 241\""},{\""type\"":\""DECISION_OTHER_REFERENCES\"",\""text\"":\"" [1985] 6 WWR 166\""},{\""type\"":\""DECISION_OTHER_REFERENCES\"",\""text\"":\"" 38 Man R (2d) 1\""},{\""type\"":\""DECISION_OTHER_REFERENCES\"",\""text\"":\"" 15 Admin LR 177\""},{\""type\"":\""DECISION_OTHER_REFERENCES\"",\""text\"":\"" 6 CHRR 3014\""},{\""type\"":\""DECISION_OTHER_REFERENCES\"",\""text\"":\"" 8 CCEL 105\""},{\""type\"":\""DECISION_OTHER_REFERENCES\"",\""text\"":\"" JE 85-893\""},{\""type\"":\""DECISION_OTHER_REFERENCES\"",\""text\"":\"" [1985] SCJ No 50 (QL)\""},{\""type\"":\""DECISION_ALTERNATE_TITLE\"",\""text\"":\""Winnipeg School Division No.1 v. Craton\""},{\""type\"":\""DECISION_ALTERNATE_TITLE\"",\""text\"":\""Winnipeg Sch. Div. 1 v. Craton\""},{\""type\"":\""DECISION_ALTERNATE_TITLE\"",\""text\"":\""Craton v. Winnipeg School Division No. 1 and Winnipeg Teachers' Association No. 1 of the Manitoba Teachers' Society\""},{\""type\"":\""DECISION_ALTERNATE_TITLE\"",\""text\"":\""Re Winnipeg School Divison No.1 and Craton\""},{\""type\"":\""DECISION_ALTERNATE_TITLE\"",\""text\"":\""Winnipeg School Division No. 1 c. Craton\""},{\""type\"":\""DECISION_DOCKET_NUMBER\"",\""text\"":\""17933\""},{\""type\"":\""JURISDICTION_NAME\"",\""text\"":\""Canada (Federal)\""},{\""type\"":\""COLLECTION_NAME\"",\""text\"":\""Supreme Court of Canada\""}]"",
    ""jurisdictionId"": ""ca"",
    ""citedCount"": 326
  }
]"
https://canlii.ca/t/1fv04,"[
  {
    ""id"": ""1985csc-scc65"",
    ""docType"": ""DECISION"",
    ""path"": ""/en/ca/scc/doc/1985/1985canlii11/1985canlii11.html"",
    ""docTitle"": ""Simon v. The Queen"",
    ""autoCompletions"": ""[{\""type\"":\""DECISION_CANLII_REFERENCE\"",\""text\"":\""1985 CanLII 11 (SCC)\""},{\""type\"":\""DECISION_CANLII_REFERENCE\"",\""text\"":\""1985 CanLII 11 (CSC)\""},{\""type\"":\""MAIN_TITLE\"",\""text\"":\""Simon v. The Queen\""},{\""type\"":\""DECISION_OFFICIAL_REPORT_REFERENCE\"",\""text\"":\""[1985] 2 SCR 387\""},{\""type\"":\""DECISION_OFFICIAL_REPORT_REFERENCE\"",\""text\"":\""[1985] 2 RCS 387\""},{\""type\"":\""DECISION_OTHER_REFERENCES\"",\""text\"":\""24 DLR (4th) 390\""},{\""type\"":\""DECISION_OTHER_REFERENCES\"",\""text\"":\"" 62 NR 366\""},{\""type\"":\""DECISION_OTHER_REFERENCES\"",\""text\"":\"" 171 APR 15\""},{\""type\"":\""DECISION_OTHER_REFERENCES\"",\""text\"":\"" 71 NSR (2d) 15\""},{\""type\"":\""DECISION_OTHER_REFERENCES\"",\""text\"":\"" 23 CCC (3d) 238\""},{\""type\"":\""DECISION_OTHER_REFERENCES\"",\""text\"":\"" 15 WCB 350\""},{\""type\"":\""DECISION_OTHER_REFERENCES\"",\""text\"":\"" [1986] 1 CNLR 153\""},{\""type\"":\""DECISION_OTHER_REFERENCES\"",\""text\"":\"" [1985] SCJ No 67 (QL)\""},{\""type\"":\""DECISION_OTHER_REFERENCES\"",\""text\"":\"" [1985] ACS no 67\""},{\""type\"":\""DECISION_ALTERNATE_TITLE\"",\""text\"":\""R. v. Simon\""},{\""type\"":\""DECISION_ALTERNATE_TITLE\"",\""text\"":\""Simon v. R.\""},{\""type\"":\""DECISION_ALTERNATE_TITLE\"",\""text\"":\""Simon c. La Reine\""},{\""type\"":\""DECISION_DOCKET_NUMBER\"",\""text\"":\""17006\""},{\""type\"":\""JURISDICTION_NAME\"",\""text\"":\""Canada (Federal)\""},{\""type\"":\""COLLECTION_NAME\"",\""text\"":\""Supreme Court of Canada\""}]"",
    ""jurisdictionId"": ""ca"",
    ""citedCount"": 368
  }
]"
https://canlii.ca/t/1fv0g,"[
  {
    ""id"": ""1985csc-scc20"",
    ""docType"": ""DECISION"",
    ""path"": ""/en/ca/scc/doc/1985/1985canlii74/1985canlii74.html"",
    ""docTitle"": ""Operation Dismantle v. The Queen"",
    ""autoCompletions"": ""[{\""type\"":\""DECISION_CANLII_REFERENCE\"",\""text\"":\""1985 CanLII 74 (SCC)\""},{\""type\"":\""DECISION_CANLII_REFERENCE\"",\""text\"":\""1985 CanLII 74 (CSC)\""},{\""type\"":\""MAIN_TITLE\"",\""text\"":\""Operation Dismantle v. The Queen\""},{\""type\"":\""DECISION_OFFICIAL_REPORT_REFERENCE\"",\""text\"":\""[1985] 1 SCR 441\""},{\""type\"":\""DECISION_OFFICIAL_REPORT_REFERENCE\"",\""text\"":\""[1985] 1 RCS 441\""},{\""type\"":\""DECISION_OTHER_REFERENCES\"",\""text\"":\"" REJB 1985-150374\""},{\""type\"":\""DECISION_OTHER_REFERENCES\"",\""text\"":\""18 DLR (4th) 481\""},{\""type\"":\""DECISION_OTHER_REFERENCES\"",\""text\"":\"" 59 NR 1\""},{\""type\"":\""DECISION_OTHER_REFERENCES\"",\""text\"":\"" 31 ACWS (2d) 45\""},{\""type\"":\""DECISION_OTHER_REFERENCES\"",\""text\"":\"" 12 Admin LR 16\""},{\""type\"":\""DECISION_OTHER_REFERENCES\"",\""text\"":\"" 13 CRR 287\""},{\""type\"":\""DECISION_OTHER_REFERENCES\"",\""text\"":\"" [1985] CarswellNat 151\""},{\""type\"":\""DECISION_OTHER_REFERENCES\"",\""text\"":\"" EYB 1985-150374\""},{\""type\"":\""DECISION_OTHER_REFERENCES\"",\""text\"":\"" JE 85-495\""},{\""type\"":\""DECISION_OTHER_REFERENCES\"",\""text\"":\"" [1985] SCJ No 22 (QL)\""},{\""type\"":\""DECISION_OTHER_REFERENCES\"",\""text\"":\"" [1985] ACS no 22\""},{\""type\"":\""DECISION_ALTERNATE_TITLE\"",\""text\"":\""Operation Dismantle Inc. et al. v. The Queen et al.\""},{\""type\"":\""DECISION_ALTERNATE_TITLE\"",\""text\"":\""Operation Dismantle Inc. v. R.\""},{\""type\"":\""DECISION_ALTERNATE_TITLE\"",\""text\"":\""Operation Dismantle c. La Reine\""},{\""type\"":\""DECISION_DOCKET_NUMBER\"",\""text\"":\""18154\""},{\""type\"":\""JURISDICTION_NAME\"",\""text\"":\""Canada (Federal)\""},{\""type\"":\""COLLECTION_NAME\"",\""text\"":\""Supreme Court of Canada\""}]"",
    ""jurisdictionId"": ""ca"",
    ""citedCount"": 1758
  }
]"
https://canlii.ca/t/1fv0t,"[
  {
    ""id"": ""1985csc-scc25"",
    ""docType"": ""DECISION"",
    ""path"": ""/en/ca/scc/doc/1985/1985canlii79/1985canlii79.html"",
    ""docTitle"": ""Sansregret v. The Queen"",
    ""autoCompletions"": ""[{\""type\"":\""DECISION_CANLII_REFERENCE\"",\""text\"":\""1985 CanLII 79 (SCC)\""},{\""type\"":\""DECISION_CANLII_REFERENCE\"",\""text\"":\""1985 CanLII 79 (CSC)\""},{\""type\"":\""MAIN_TITLE\"",\""text\"":\""Sansregret v. The Queen\""},{\""type\"":\""DECISION_OFFICIAL_REPORT_REFERENCE\"",\""text\"":\""[1985] 1 SCR 570\""},{\""type\"":\""DECISION_OFFICIAL_REPORT_REFERENCE\"",\""text\"":\""[1985] 1 RCS 570\""},{\""type\"":\""DECISION_OTHER_REFERENCES\"",\""text\"":\"" REJB 1985-150283\""},{\""type\"":\""DECISION_OTHER_REFERENCES\"",\""text\"":\""17 DLR (4th) 577\""},{\""type\"":\""DECISION_OTHER_REFERENCES\"",\""text\"":\"" 58 NR 123\""},{\""type\"":\""DECISION_OTHER_REFERENCES\"",\""text\"":\"" [1985] 3 WWR 701\""},{\""type\"":\""DECISION_OTHER_REFERENCES\"",\""text\"":\"" 35 Man R (2d) 1\""},{\""type\"":\""DECISION_OTHER_REFERENCES\"",\""text\"":\"" 18 CCC (3d) 223\""},{\""type\"":\""DECISION_OTHER_REFERENCES\"",\""text\"":\"" 45 CR (3d) 193\""},{\""type\"":\""DECISION_OTHER_REFERENCES\"",\""text\"":\"" 14 WCB 151\""},{\""type\"":\""DECISION_OTHER_REFERENCES\"",\""text\"":\"" [1985] CarswellMan 380\""},{\""type\"":\""DECISION_OTHER_REFERENCES\"",\""text\"":\"" EYB 1985-150283\""},{\""type\"":\""DECISION_OTHER_REFERENCES\"",\""text\"":\"" JE 85-503\""},{\""type\"":\""DECISION_OTHER_REFERENCES\"",\""text\"":\"" [1985] SCJ No 23 (QL)\""},{\""type\"":\""DECISION_OTHER_REFERENCES\"",\""text\"":\"" [1985] ACS no 23\""},{\""type\"":\""DECISION_ALTERNATE_TITLE\"",\""text\"":\""R. v. Sansregret\""},{\""type\"":\""DECISION_ALTERNATE_TITLE\"",\""text\"":\""Sansregret v. R.\""},{\""type\"":\""DECISION_ALTERNATE_TITLE\"",\""text\"":\""Sansregret c. La Reine\""},{\""type\"":\""DECISION_DOCKET_NUMBER\"",\""text\"":\""18186\""},{\""type\"":\""JURISDICTION_NAME\"",\""text\"":\""Canada (Federal)\""},{\""type\"":\""COLLECTION_NAME\"",\""text\"":\""Supreme Court of Canada\""}]"",
    ""jurisdictionId"": ""ca"",
    ""citedCount"": 1107
  }
]"
https://canlii.ca/t/1fv17,"[
  {
    ""id"": ""1985csc-scc31"",
    ""docType"": ""DECISION"",
    ""path"": ""/en/ca/scc/doc/1985/1985canlii32/1985canlii32.html"",
    ""docTitle"": ""Canadian Dredge & Dock Co. v. The Queen"",
    ""autoCompletions"": ""[{\""type\"":\""DECISION_CANLII_REFERENCE\"",\""text\"":\""1985 CanLII 32 (SCC)\""},{\""type\"":\""DECISION_CANLII_REFERENCE\"",\""text\"":\""1985 CanLII 32 (CSC)\""},{\""type\"":\""MAIN_TITLE\"",\""text\"":\""Canadian Dredge & Dock Co. v. The Queen\""},{\""type\"":\""DECISION_OFFICIAL_REPORT_REFERENCE\"",\""text\"":\""[1985] 1 SCR 662\""},{\""type\"":\""DECISION_OFFICIAL_REPORT_REFERENCE\"",\""text\"":\""[1985] 1 RCS 662\""},{\""type\"":\""DECISION_OTHER_REFERENCES\"",\""text\"":\""19 DLR (4th) 314\""},{\""type\"":\""DECISION_OTHER_REFERENCES\"",\""text\"":\"" 59 NR 241\""},{\""type\"":\""DECISION_OTHER_REFERENCES\"",\""text\"":\"" 9 OAC 321\""},{\""type\"":\""DECISION_OTHER_REFERENCES\"",\""text\"":\"" 19 CCC (3d) 1\""},{\""type\"":\""DECISION_OTHER_REFERENCES\"",\""text\"":\"" 45 CR (3d) 289\""},{\""type\"":\""DECISION_OTHER_REFERENCES\"",\""text\"":\"" 14 WCB 195\""},{\""type\"":\""DECISION_OTHER_REFERENCES\"",\""text\"":\"" [1985] CarswellOnt 96\""},{\""type\"":\""DECISION_OTHER_REFERENCES\"",\""text\"":\"" [1985] SCJ No 28 (QL)\""},{\""type\"":\""DECISION_OTHER_REFERENCES\"",\""text\"":\"" [1985] ACS no 28\""},{\""type\"":\""DECISION_ALTERNATE_TITLE\"",\""text\"":\""Canadian Dredge and Dock Company Limited et al. v. R.\""},{\""type\"":\""DECISION_ALTERNATE_TITLE\"",\""text\"":\""Canadian Dredge & Dock Co. Ltd. v. The Queen\""},{\""type\"":\""DECISION_ALTERNATE_TITLE\"",\""text\"":\""R. v. Canadian Dredge & Dock Company, Marine Industries Limited, Porter (J.P.) Company and Richelieu Dredging Corporation Inc.\""},{\""type\"":\""DECISION_ALTERNATE_TITLE\"",\""text\"":\""Canadian Dredge & Dock Co. c. La Reine\""},{\""type\"":\""DECISION_DOCKET_NUMBER\"",\""text\"":\""16422\""},{\""type\"":\""DECISION_DOCKET_NUMBER\"",\""text\"":\"" 16425\""},{\""type\"":\""DECISION_DOCKET_NUMBER\"",\""text\"":\"" 16435\""},{\""type\"":\""JURISDICTION_NAME\"",\""text\"":\""Canada (Federal)\""},{\""type\"":\""COLLECTION_NAME\"",\""text\"":\""Supreme Court of Canada\""}]"",
    ""jurisdictionId"": ""ca"",
    ""citedCount"": 385
  }
]"
https://canlii.ca/t/1fv2b,"[
  {
    ""id"": ""1985csc-scc15"",
    ""docType"": ""DECISION"",
    ""path"": ""/en/ca/scc/doc/1985/1985canlii69/1985canlii69.html"",
    ""docTitle"": ""R. v. Big M Drug Mart Ltd."",
    ""autoCompletions"": ""[{\""type\"":\""DECISION_CANLII_REFERENCE\"",\""text\"":\""1985 CanLII 69 (SCC)\""},{\""type\"":\""DECISION_CANLII_REFERENCE\"",\""text\"":\""1985 CanLII 69 (CSC)\""},{\""type\"":\""MAIN_TITLE\"",\""text\"":\""R. v. Big M Drug Mart Ltd.\""},{\""type\"":\""DECISION_OFFICIAL_REPORT_REFERENCE\"",\""text\"":\""[1985] 1 SCR 295\""},{\""type\"":\""DECISION_OFFICIAL_REPORT_REFERENCE\"",\""text\"":\""[1985] 1 RCS 295\""},{\""type\"":\""DECISION_OTHER_REFERENCES\"",\""text\"":\""18 DLR (4th) 321\""},{\""type\"":\""DECISION_OTHER_REFERENCES\"",\""text\"":\"" 58 NR 81\""},{\""type\"":\""DECISION_OTHER_REFERENCES\"",\""text\"":\"" [1985] 3 WWR 481\""},{\""type\"":\""DECISION_OTHER_REFERENCES\"",\""text\"":\"" 37 Alta LR (2d) 97\""},{\""type\"":\""DECISION_OTHER_REFERENCES\"",\""text\"":\"" 60 AR 161\""},{\""type\"":\""DECISION_OTHER_REFERENCES\"",\""text\"":\"" 18 CCC (3d) 385\""},{\""type\"":\""DECISION_OTHER_REFERENCES\"",\""text\"":\"" 13 CRR 64\""},{\""type\"":\""DECISION_OTHER_REFERENCES\"",\""text\"":\"" [1985] SCJ No 17 (QL)\""},{\""type\"":\""DECISION_OTHER_REFERENCES\"",\""text\"":\"" [1985] ACS no 17\""},{\""type\"":\""DECISION_ALTERNATE_TITLE\"",\""text\"":\""R. v. Big M Drug Mart\""},{\""type\"":\""DECISION_ALTERNATE_TITLE\"",\""text\"":\""Regina v. Big M Drug Mart Ltd.\""},{\""type\"":\""DECISION_ALTERNATE_TITLE\"",\""text\"":\""R. c. Big M Drug Mart Ltd.\""},{\""type\"":\""DECISION_DOCKET_NUMBER\"",\""text\"":\""18125\""},{\""type\"":\""JURISDICTION_NAME\"",\""text\"":\""Canada (Federal)\""},{\""type\"":\""COLLECTION_NAME\"",\""text\"":\""Supreme Court of Canada\""}]"",
    ""jurisdictionId"": ""ca"",
    ""citedCount"": 2552
  }
]"
https://canlii.ca/t/1fvg5,"[
  {
    ""id"": ""1998qctdp243"",
    ""docType"": ""DECISION"",
    ""path"": ""/fr/qc/qctdp/doc/1998/1998canlii58/1998canlii58.html"",
    ""docTitle"": ""Commission des droits de la personne et des droits de la jeunesse (Perrier) c. Ville d'Alymer"",
    ""autoCompletions"": ""[{\""type\"":\""DECISION_CANLII_REFERENCE\"",\""text\"":\""1998 CanLII 58 (QC TDP)\""},{\""type\"":\""MAIN_TITLE\"",\""text\"":\""Commission des droits de la personne et des droits de la jeunesse (Perrier) c. Ville d'Alymer\""},{\""type\"":\""DECISION_OTHER_REFERENCES\"",\""text\"":\""AZ-50078554\""},{\""type\"":\""DECISION_DOCKET_NUMBER\"",\""text\"":\""550-53-000006-984\""},{\""type\"":\""JURISDICTION_NAME\"",\""text\"":\""Québec\""},{\""type\"":\""COLLECTION_NAME\"",\""text\"":\""Tribunal des droits de la personne\""}]"",
    ""jurisdictionId"": ""qc"",
    ""citedCount"": 2
  }
]"
https://canlii.ca/t/1fvpd,"[
  {
    ""id"": ""2000qctdp306"",
    ""docType"": ""DECISION"",
    ""path"": ""/fr/qc/qctdp/doc/2000/2000canlii14/2000canlii14.html"",
    ""docTitle"": ""Commission des droits de la personne et des droits de la jeunesse (Bichet) c. Centre hospitalier de l'Université de Montréal"",
    ""autoCompletions"": ""[{\""type\"":\""DECISION_CANLII_REFERENCE\"",\""text\"":\""2000 CanLII 14 (QC TDP)\""},{\""type\"":\""MAIN_TITLE\"",\""text\"":\""Commission des droits de la personne et des droits de la jeunesse (Bichet) c. Centre hospitalier de l'Université de Montréal\""},{\""type\"":\""DECISION_OTHER_REFERENCES\"",\""text\"":\""AZ-50078465\""},{\""type\"":\""DECISION_DOCKET_NUMBER\"",\""text\"":\""500-53-000104-982\""},{\""type\"":\""JURISDICTION_NAME\"",\""text\"":\""Québec\""},{\""type\"":\""COLLECTION_NAME\"",\""text\"":\""Tribunal des droits de la personne\""}]"",
    ""jurisdictionId"": ""qc"",
    ""citedCount"": 7
  }
]"
https://canlii.ca/t/1fvq6,"[
  {
    ""id"": ""2001qctdp18"",
    ""docType"": ""DECISION"",
    ""path"": ""/fr/qc/qctdp/doc/2001/2001canlii9093/2001canlii9093.html"",
    ""docTitle"": ""Commission des droits de la personne et des droits de la jeunesse (Reeves) c. Fondation Abbé Charles-Émile Gadbois"",
    ""autoCompletions"": ""[{\""type\"":\""DECISION_CANLII_REFERENCE\"",\""text\"":\""2001 CanLII 9093 (QC TDP)\""},{\""type\"":\""MAIN_TITLE\"",\""text\"":\""Commission des droits de la personne et des droits de la jeunesse (Reeves) c. Fondation Abbé Charles-Émile Gadbois\""},{\""type\"":\""DECISION_OTHER_REFERENCES\"",\""text\"":\"" REJB 2001-25722\""},{\""type\"":\""DECISION_OTHER_REFERENCES\"",\""text\"":\""AZ-50100604\""},{\""type\"":\""DECISION_OTHER_REFERENCES\"",\""text\"":\"" EYB 2001-25722\""},{\""type\"":\""DECISION_OTHER_REFERENCES\"",\""text\"":\"" JE 2001-1792\""},{\""type\"":\""DECISION_DOCKET_NUMBER\"",\""text\"":\""500-53-000149-003\""},{\""type\"":\""JURISDICTION_NAME\"",\""text\"":\""Québec\""},{\""type\"":\""COLLECTION_NAME\"",\""text\"":\""Tribunal des droits de la personne\""}]"",
    ""jurisdictionId"": ""qc"",
    ""citedCount"": 22
  }
]"
https://canlii.ca/t/1g2w5,"[
  {
    ""id"": ""2002csc-scc86"",
    ""docType"": ""DECISION"",
    ""path"": ""/en/ca/scc/doc/2002/2002scc86/2002scc86.html"",
    ""docTitle"": ""Chamberlain v. Surrey School District No. 36"",
    ""autoCompletions"": ""[{\""type\"":\""DECISION_NEUTRAL_CITATION\"",\""text\"":\""2002 SCC 86\""},{\""type\"":\""DECISION_NEUTRAL_CITATION\"",\""text\"":\""2002 CSC 86\""},{\""type\"":\""DECISION_CANLII_REFERENCE\"",\""text\"":\""2002 SCC 86 (CanLII)\""},{\""type\"":\""DECISION_CANLII_REFERENCE\"",\""text\"":\""2002 CSC 86 (CanLII)\""},{\""type\"":\""MAIN_TITLE\"",\""text\"":\""Chamberlain v. Surrey School District No. 36\""},{\""type\"":\""DECISION_OFFICIAL_REPORT_REFERENCE\"",\""text\"":\""[2002] 4 SCR 710\""},{\""type\"":\""DECISION_OFFICIAL_REPORT_REFERENCE\"",\""text\"":\""[2002] 4 RCS 710\""},{\""type\"":\""DECISION_OTHER_REFERENCES\"",\""text\"":\"" REJB 2002-36357\""},{\""type\"":\""DECISION_OTHER_REFERENCES\"",\""text\"":\""221 DLR (4th) 156\""},{\""type\"":\""DECISION_OTHER_REFERENCES\"",\""text\"":\"" 299 NR 1\""},{\""type\"":\""DECISION_OTHER_REFERENCES\"",\""text\"":\"" 119 ACWS (3d) 65\""},{\""type\"":\""DECISION_OTHER_REFERENCES\"",\""text\"":\"" AZ-50156256\""},{\""type\"":\""DECISION_OTHER_REFERENCES\"",\""text\"":\"" 175 BCAC 161\""},{\""type\"":\""DECISION_OTHER_REFERENCES\"",\""text\"":\"" 100 CRR (2d) 288\""},{\""type\"":\""DECISION_OTHER_REFERENCES\"",\""text\"":\"" 46 Admin LR (3d) 1\""},{\""type\"":\""DECISION_OTHER_REFERENCES\"",\""text\"":\"" EYB 2002-36357\""},{\""type\"":\""DECISION_OTHER_REFERENCES\"",\""text\"":\"" JE 2003-88\""},{\""type\"":\""DECISION_OTHER_REFERENCES\"",\""text\"":\"" [2002] SCJ No 87 (QL)\""},{\""type\"":\""DECISION_ALTERNATE_TITLE\"",\""text\"":\""Chamberlain v. Surrey School District No.36\""},{\""type\"":\""DECISION_ALTERNATE_TITLE\"",\""text\"":\""Chamberlain c. Surrey School District No. 36\""},{\""type\"":\""DECISION_DOCKET_NUMBER\"",\""text\"":\""28654\""},{\""type\"":\""JURISDICTION_NAME\"",\""text\"":\""Canada (Federal)\""},{\""type\"":\""COLLECTION_NAME\"",\""text\"":\""Supreme Court of Canada\""}]"",
    ""jurisdictionId"": ""ca"",
    ""citedCount"": 225
  }
]"
https://canlii.ca/t/1g5l3,"[
  {
    ""id"": ""2003csc-scc19"",
    ""docType"": ""DECISION"",
    ""path"": ""/en/ca/scc/doc/2003/2003scc19/2003scc19.html"",
    ""docTitle"": ""Dr. Q. v. College of Physicians and Surgeons of British Columbia"",
    ""autoCompletions"": ""[{\""type\"":\""DECISION_NEUTRAL_CITATION\"",\""text\"":\""2003 SCC 19\""},{\""type\"":\""DECISION_NEUTRAL_CITATION\"",\""text\"":\""2003 CSC 19\""},{\""type\"":\""DECISION_CANLII_REFERENCE\"",\""text\"":\""2003 SCC 19 (CanLII)\""},{\""type\"":\""DECISION_CANLII_REFERENCE\"",\""text\"":\""2003 CSC 19 (CanLII)\""},{\""type\"":\""MAIN_TITLE\"",\""text\"":\""Dr. Q. v. College of Physicians and Surgeons of British Columbia\""},{\""type\"":\""DECISION_OFFICIAL_REPORT_REFERENCE\"",\""text\"":\""[2003] 1 SCR 226\""},{\""type\"":\""DECISION_OFFICIAL_REPORT_REFERENCE\"",\""text\"":\""[2003] 1 RCS 226\""},{\""type\"":\""DECISION_OTHER_REFERENCES\"",\""text\"":\"" REJB 2003-39403\""},{\""type\"":\""DECISION_OTHER_REFERENCES\"",\""text\"":\""223 DLR (4th) 599\""},{\""type\"":\""DECISION_OTHER_REFERENCES\"",\""text\"":\"" 302 NR 34\""},{\""type\"":\""DECISION_OTHER_REFERENCES\"",\""text\"":\"" 121 ACWS (3d) 178\""},{\""type\"":\""DECISION_OTHER_REFERENCES\"",\""text\"":\"" [2003] 5 WWR 1\""},{\""type\"":\""DECISION_OTHER_REFERENCES\"",\""text\"":\"" 295 WAC 170\""},{\""type\"":\""DECISION_OTHER_REFERENCES\"",\""text\"":\"" AZ-50169035\""},{\""type\"":\""DECISION_OTHER_REFERENCES\"",\""text\"":\"" 11 BCLR (4th) 1\""},{\""type\"":\""DECISION_OTHER_REFERENCES\"",\""text\"":\"" 179 BCAC 170\""},{\""type\"":\""DECISION_OTHER_REFERENCES\"",\""text\"":\"" 48 Admin LR (3d) 1\""},{\""type\"":\""DECISION_OTHER_REFERENCES\"",\""text\"":\"" [2003] CarswellBC 713\""},{\""type\"":\""DECISION_OTHER_REFERENCES\"",\""text\"":\"" EYB 2003-39403\""},{\""type\"":\""DECISION_OTHER_REFERENCES\"",\""text\"":\"" JE 2003-714\""},{\""type\"":\""DECISION_OTHER_REFERENCES\"",\""text\"":\"" [2003] SCJ No 18 (QL)\""},{\""type\"":\""DECISION_OTHER_REFERENCES\"",\""text\"":\"" [2003] ACS no 18\""},{\""type\"":\""DECISION_ALTERNATE_TITLE\"",\""text\"":\""Q. v. College of Physicians & Surgeons (British Columbia)\""},{\""type\"":\""DECISION_ALTERNATE_TITLE\"",\""text\"":\""Dr Q c. College of Physicians and Surgeons of British Columbia\""},{\""type\"":\""DECISION_DOCKET_NUMBER\"",\""text\"":\""28553\""},{\""type\"":\""JURISDICTION_NAME\"",\""text\"":\""Canada (Federal)\""},{\""type\"":\""COLLECTION_NAME\"",\""text\"":\""Supreme Court of Canada\""}]"",
    ""jurisdictionId"": ""ca"",
    ""citedCount"": 2759
  }
]"
https://canlii.ca/t/1g5lm,"[
  {
    ""id"": ""2003csc-scc20"",
    ""docType"": ""DECISION"",
    ""path"": ""/en/ca/scc/doc/2003/2003scc20/2003scc20.html"",
    ""docTitle"": ""Law Society of New Brunswick v. Ryan"",
    ""autoCompletions"": ""[{\""type\"":\""DECISION_NEUTRAL_CITATION\"",\""text\"":\""2003 SCC 20\""},{\""type\"":\""DECISION_NEUTRAL_CITATION\"",\""text\"":\""2003 CSC 20\""},{\""type\"":\""DECISION_CANLII_REFERENCE\"",\""text\"":\""2003 SCC 20 (CanLII)\""},{\""type\"":\""DECISION_CANLII_REFERENCE\"",\""text\"":\""2003 CSC 20 (CanLII)\""},{\""type\"":\""MAIN_TITLE\"",\""text\"":\""Law Society of New Brunswick v. Ryan\""},{\""type\"":\""DECISION_OFFICIAL_REPORT_REFERENCE\"",\""text\"":\""[2003] 1 SCR 247\""},{\""type\"":\""DECISION_OFFICIAL_REPORT_REFERENCE\"",\""text\"":\""[2003] 1 RCS 247\""},{\""type\"":\""DECISION_OTHER_REFERENCES\"",\""text\"":\"" REJB 2003-39404\""},{\""type\"":\""DECISION_OTHER_REFERENCES\"",\""text\"":\""257 NBR (2d) 207\""},{\""type\"":\""DECISION_OTHER_REFERENCES\"",\""text\"":\"" 223 DLR (4th) 577\""},{\""type\"":\""DECISION_OTHER_REFERENCES\"",\""text\"":\"" 302 NR 1\""},{\""type\"":\""DECISION_OTHER_REFERENCES\"",\""text\"":\"" 121 ACWS (3d) 172\""},{\""type\"":\""DECISION_OTHER_REFERENCES\"",\""text\"":\"" 674 APR 207\""},{\""type\"":\""DECISION_OTHER_REFERENCES\"",\""text\"":\"" AZ-50169036\""},{\""type\"":\""DECISION_OTHER_REFERENCES\"",\""text\"":\"" 31 CPC (5th) 1\""},{\""type\"":\""DECISION_OTHER_REFERENCES\"",\""text\"":\"" 48 Admin LR (3d) 33\""},{\""type\"":\""DECISION_OTHER_REFERENCES\"",\""text\"":\"" [2003] CarswellNB 145\""},{\""type\"":\""DECISION_OTHER_REFERENCES\"",\""text\"":\"" EYB 2003-39404\""},{\""type\"":\""DECISION_OTHER_REFERENCES\"",\""text\"":\"" JE 2003-713\""},{\""type\"":\""DECISION_OTHER_REFERENCES\"",\""text\"":\"" [2003] SCJ No 17 (QL)\""},{\""type\"":\""DECISION_OTHER_REFERENCES\"",\""text\"":\"" [2003] ACS no 17\""},{\""type\"":\""DECISION_OTHER_REFERENCES\"",\""text\"":\""257 RNB (2d) 207\""},{\""type\"":\""DECISION_ALTERNATE_TITLE\"",\""text\"":\""Ryan v. Law Society (New Brunswick)\""},{\""type\"":\""DECISION_ALTERNATE_TITLE\"",\""text\"":\""Ryan v. Law Society of New Brunswick\""},{\""type\"":\""DECISION_ALTERNATE_TITLE\"",\""text\"":\""Barreau du Nouveau-Brunswick c. Ryan\""},{\""type\"":\""DECISION_DOCKET_NUMBER\"",\""text\"":\""28639\""},{\""type\"":\""JURISDICTION_NAME\"",\""text\"":\""Canada (Federal)\""},{\""type\"":\""COLLECTION_NAME\"",\""text\"":\""Supreme Court of Canada\""}]"",
    ""jurisdictionId"": ""ca"",
    ""citedCount"": 3095
  }
]"
https://canlii.ca/t/1g5lv,"[
  {
    ""id"": ""2003csc-scc28"",
    ""docType"": ""DECISION"",
    ""path"": ""/en/ca/scc/doc/2003/2003scc28/2003scc28.html"",
    ""docTitle"": ""Barrie Public Utilities v. Canadian Cable Television Assn."",
    ""autoCompletions"": ""[{\""type\"":\""DECISION_NEUTRAL_CITATION\"",\""text\"":\""2003 SCC 28\""},{\""type\"":\""DECISION_NEUTRAL_CITATION\"",\""text\"":\""2003 CSC 28\""},{\""type\"":\""DECISION_CANLII_REFERENCE\"",\""text\"":\""2003 SCC 28 (CanLII)\""},{\""type\"":\""DECISION_CANLII_REFERENCE\"",\""text\"":\""2003 CSC 28 (CanLII)\""},{\""type\"":\""MAIN_TITLE\"",\""text\"":\""Barrie Public Utilities v. Canadian Cable Television Assn.\""},{\""type\"":\""DECISION_OFFICIAL_REPORT_REFERENCE\"",\""text\"":\""[2003] 1 SCR 476\""},{\""type\"":\""DECISION_OFFICIAL_REPORT_REFERENCE\"",\""text\"":\""[2003] 1 RCS 476\""},{\""type\"":\""DECISION_OTHER_REFERENCES\"",\""text\"":\""225 DLR (4th) 206\""},{\""type\"":\""DECISION_OTHER_REFERENCES\"",\""text\"":\"" 304 NR 1\""},{\""type\"":\""DECISION_OTHER_REFERENCES\"",\""text\"":\"" 122 ACWS (3d) 606\""},{\""type\"":\""DECISION_OTHER_REFERENCES\"",\""text\"":\"" 49 Admin LR (3d) 161\""},{\""type\"":\""DECISION_OTHER_REFERENCES\"",\""text\"":\"" [2003] CarswellNat 1226\""},{\""type\"":\""DECISION_OTHER_REFERENCES\"",\""text\"":\"" JE 2003-967\""},{\""type\"":\""DECISION_OTHER_REFERENCES\"",\""text\"":\"" [2003] FCJ No 27 (QL)\""},{\""type\"":\""DECISION_OTHER_REFERENCES\"",\""text\"":\"" [2003] SCJ No 27 (QL)\""},{\""type\"":\""DECISION_OTHER_REFERENCES\"",\""text\"":\"" [2003] ACS no 27\""},{\""type\"":\""DECISION_OTHER_REFERENCES\"",\""text\"":\"" [2003] ACF No 27 (QL)\""},{\""type\"":\""DECISION_ALTERNATE_TITLE\"",\""text\"":\""Barrie Public Utilities c. Assoc. canadienne de télévision par câble\""},{\""type\"":\""DECISION_DOCKET_NUMBER\"",\""text\"":\""28826\""},{\""type\"":\""JURISDICTION_NAME\"",\""text\"":\""Canada (Federal)\""},{\""type\"":\""COLLECTION_NAME\"",\""text\"":\""Supreme Court of Canada\""}]"",
    ""jurisdictionId"": ""ca"",
    ""citedCount"": 268
  }
]"
https://canlii.ca/t/1g5m4,"[
  {
    ""id"": ""2003csc-scc29"",
    ""docType"": ""DECISION"",
    ""path"": ""/en/ca/scc/doc/2003/2003scc29/2003scc29.html"",
    ""docTitle"": ""C.U.P.E. v. Ontario (Minister of Labour)"",
    ""autoCompletions"": ""[{\""type\"":\""DECISION_NEUTRAL_CITATION\"",\""text\"":\""2003 SCC 29\""},{\""type\"":\""DECISION_NEUTRAL_CITATION\"",\""text\"":\""2003 CSC 29\""},{\""type\"":\""DECISION_CANLII_REFERENCE\"",\""text\"":\""2003 SCC 29 (CanLII)\""},{\""type\"":\""DECISION_CANLII_REFERENCE\"",\""text\"":\""2003 CSC 29 (CanLII)\""},{\""type\"":\""MAIN_TITLE\"",\""text\"":\""C.U.P.E. v. Ontario (Minister of Labour)\""},{\""type\"":\""DECISION_OFFICIAL_REPORT_REFERENCE\"",\""text\"":\""[2003] 1 SCR 539\""},{\""type\"":\""DECISION_OFFICIAL_REPORT_REFERENCE\"",\""text\"":\""[2003] 1 RCS 539\""},{\""type\"":\""DECISION_OTHER_REFERENCES\"",\""text\"":\"" REJB 2003-41592\""},{\""type\"":\""DECISION_OTHER_REFERENCES\"",\""text\"":\""66 OR (3d) 735\""},{\""type\"":\""DECISION_OTHER_REFERENCES\"",\""text\"":\"" 226 DLR (4th) 193\""},{\""type\"":\""DECISION_OTHER_REFERENCES\"",\""text\"":\"" 304 NR 76\""},{\""type\"":\""DECISION_OTHER_REFERENCES\"",\""text\"":\"" 122 ACWS (3d) 607\""},{\""type\"":\""DECISION_OTHER_REFERENCES\"",\""text\"":\"" 173 OAC 38\""},{\""type\"":\""DECISION_OTHER_REFERENCES\"",\""text\"":\"" AZ-50174950\""},{\""type\"":\""DECISION_OTHER_REFERENCES\"",\""text\"":\"" 50 Admin LR (3d) 1\""},{\""type\"":\""DECISION_OTHER_REFERENCES\"",\""text\"":\"" [2003] CarswellOnt 1803\""},{\""type\"":\""DECISION_OTHER_REFERENCES\"",\""text\"":\"" EYB 2003-41592\""},{\""type\"":\""DECISION_OTHER_REFERENCES\"",\""text\"":\"" JE 2003-968\""},{\""type\"":\""DECISION_OTHER_REFERENCES\"",\""text\"":\"" [2003] FCJ No 28 (QL)\""},{\""type\"":\""DECISION_OTHER_REFERENCES\"",\""text\"":\"" [2003] SCJ No 28 (QL)\""},{\""type\"":\""DECISION_OTHER_REFERENCES\"",\""text\"":\"" [2003] ACS no 28\""},{\""type\"":\""DECISION_OTHER_REFERENCES\"",\""text\"":\"" [2003] ACF No 28 (QL)\""},{\""type\"":\""DECISION_ALTERNATE_TITLE\"",\""text\"":\""Canadian Union of Public Employees v. Ontario (Minister of Labour)\""},{\""type\"":\""DECISION_ALTERNATE_TITLE\"",\""text\"":\""S.C.F.P. c. Ontario (Ministre du Travail)\""},{\""type\"":\""DECISION_DOCKET_NUMBER\"",\""text\"":\""28396\""},{\""type\"":\""JURISDICTION_NAME\"",\""text\"":\""Canada (Federal)\""},{\""type\"":\""COLLECTION_NAME\"",\""text\"":\""Supreme Court of Canada\""}]"",
    ""jurisdictionId"": ""ca"",
    ""citedCount"": 1193
  }
]"
https://canlii.ca/t/1g6pb,"[
  {
    ""id"": ""2003csc-scc33"",
    ""docType"": ""DECISION"",
    ""path"": ""/en/ca/scc/doc/2003/2003scc33/2003scc33.html"",
    ""docTitle"": ""R. v. Owen"",
    ""autoCompletions"": ""[{\""type\"":\""DECISION_NEUTRAL_CITATION\"",\""text\"":\""2003 SCC 33\""},{\""type\"":\""DECISION_NEUTRAL_CITATION\"",\""text\"":\""2003 CSC 33\""},{\""type\"":\""DECISION_CANLII_REFERENCE\"",\""text\"":\""2003 SCC 33 (CanLII)\""},{\""type\"":\""DECISION_CANLII_REFERENCE\"",\""text\"":\""2003 CSC 33 (CanLII)\""},{\""type\"":\""MAIN_TITLE\"",\""text\"":\""R. v. Owen\""},{\""type\"":\""DECISION_OFFICIAL_REPORT_REFERENCE\"",\""text\"":\""[2003] 1 SCR 779\""},{\""type\"":\""DECISION_OFFICIAL_REPORT_REFERENCE\"",\""text\"":\""[2003] 1 RCS 779\""},{\""type\"":\""DECISION_OTHER_REFERENCES\"",\""text\"":\""67 OR (3d) 96\""},{\""type\"":\""DECISION_OTHER_REFERENCES\"",\""text\"":\"" 225 DLR (4th) 427\""},{\""type\"":\""DECISION_OTHER_REFERENCES\"",\""text\"":\"" 304 NR 254\""},{\""type\"":\""DECISION_OTHER_REFERENCES\"",\""text\"":\"" 173 OAC 285\""},{\""type\"":\""DECISION_OTHER_REFERENCES\"",\""text\"":\"" AZ-50178097\""},{\""type\"":\""DECISION_OTHER_REFERENCES\"",\""text\"":\"" 11 CR (6th) 226\""},{\""type\"":\""DECISION_OTHER_REFERENCES\"",\""text\"":\"" 174 CCC (3d) 1\""},{\""type\"":\""DECISION_OTHER_REFERENCES\"",\""text\"":\"" 57 WCB (2d) 192\""},{\""type\"":\""DECISION_OTHER_REFERENCES\"",\""text\"":\"" [2003] CarswellOnt 2081\""},{\""type\"":\""DECISION_OTHER_REFERENCES\"",\""text\"":\"" JE 2003-1142\""},{\""type\"":\""DECISION_OTHER_REFERENCES\"",\""text\"":\"" [2003] SCJ No 31 (QL)\""},{\""type\"":\""DECISION_ALTERNATE_TITLE\"",\""text\"":\""R. v. Owen (T.)\""},{\""type\"":\""DECISION_ALTERNATE_TITLE\"",\""text\"":\""R. c. Owen\""},{\""type\"":\""DECISION_DOCKET_NUMBER\"",\""text\"":\""28700\""},{\""type\"":\""JURISDICTION_NAME\"",\""text\"":\""Canada (Federal)\""},{\""type\"":\""COLLECTION_NAME\"",\""text\"":\""Supreme Court of Canada\""}]"",
    ""jurisdictionId"": ""ca"",
    ""citedCount"": 704
  }
]"
https://canlii.ca/t/1grlz,"[
  {
    ""id"": ""2004csc-scc19"",
    ""docType"": ""DECISION"",
    ""path"": ""/en/ca/scc/doc/2004/2004scc19/2004scc19.html"",
    ""docTitle"": ""United Taxi Drivers' Fellowship of Southern Alberta v. Calgary (City)"",
    ""autoCompletions"": ""[{\""type\"":\""DECISION_NEUTRAL_CITATION\"",\""text\"":\""2004 SCC 19\""},{\""type\"":\""DECISION_NEUTRAL_CITATION\"",\""text\"":\""2004 CSC 19\""},{\""type\"":\""DECISION_CANLII_REFERENCE\"",\""text\"":\""2004 SCC 19 (CanLII)\""},{\""type\"":\""DECISION_CANLII_REFERENCE\"",\""text\"":\""2004 CSC 19 (CanLII)\""},{\""type\"":\""MAIN_TITLE\"",\""text\"":\""United Taxi Drivers' Fellowship of Southern Alberta v. Calgary (City)\""},{\""type\"":\""DECISION_OFFICIAL_REPORT_REFERENCE\"",\""text\"":\""[2004] 1 SCR 485\""},{\""type\"":\""DECISION_OFFICIAL_REPORT_REFERENCE\"",\""text\"":\""[2004] 1 RCS 485\""},{\""type\"":\""DECISION_OTHER_REFERENCES\"",\""text\"":\"" REJB 2004-55539\""},{\""type\"":\""DECISION_OTHER_REFERENCES\"",\""text\"":\""[2004] AWLD 170\""},{\""type\"":\""DECISION_OTHER_REFERENCES\"",\""text\"":\"" 236 DLR (4th) 385\""},{\""type\"":\""DECISION_OTHER_REFERENCES\"",\""text\"":\"" 318 NR 170\""},{\""type\"":\""DECISION_OTHER_REFERENCES\"",\""text\"":\"" [2004] 7 WWR 603\""},{\""type\"":\""DECISION_OTHER_REFERENCES\"",\""text\"":\"" 320 WAC 4\""},{\""type\"":\""DECISION_OTHER_REFERENCES\"",\""text\"":\"" AZ-5022718\""},{\""type\"":\""DECISION_OTHER_REFERENCES\"",\""text\"":\"" 26 Alta LR (4th) 1\""},{\""type\"":\""DECISION_OTHER_REFERENCES\"",\""text\"":\"" 346 AR 4\""},{\""type\"":\""DECISION_OTHER_REFERENCES\"",\""text\"":\"" 12 Admin LR (4th) 1\""},{\""type\"":\""DECISION_OTHER_REFERENCES\"",\""text\"":\"" [2004] CarswellAlta 355\""},{\""type\"":\""DECISION_OTHER_REFERENCES\"",\""text\"":\"" EYB 2004-55539\""},{\""type\"":\""DECISION_OTHER_REFERENCES\"",\""text\"":\"" JE 2004-733\""},{\""type\"":\""DECISION_OTHER_REFERENCES\"",\""text\"":\"" [2004] SCJ No 19 (QL)\""},{\""type\"":\""DECISION_OTHER_REFERENCES\"",\""text\"":\"" 18 RPR (4th) 1\""},{\""type\"":\""DECISION_OTHER_REFERENCES\"",\""text\"":\"" 46 MPLR (3d) 1\""},{\""type\"":\""DECISION_OTHER_REFERENCES\"",\""text\"":\"" 50 MVR (4th) 1\""},{\""type\"":\""DECISION_ALTERNATE_TITLE\"",\""text\"":\""United Taxi Drivers' Fellowship of Southern Alberta et al. V. Calgary (City)\""},{\""type\"":\""DECISION_ALTERNATE_TITLE\"",\""text\"":\""United Taxi Drivers' Fellowship of Southern Alberta c. Calgary (Ville)\""},{\""type\"":\""DECISION_DOCKET_NUMBER\"",\""text\"":\""29321\""},{\""type\"":\""JURISDICTION_NAME\"",\""text\"":\""Canada (Federal)\""},{\""type\"":\""COLLECTION_NAME\"",\""text\"":\""Supreme Court of Canada\""}]"",
    ""jurisdictionId"": ""ca"",
    ""citedCount"": 711
  }
]"
https://canlii.ca/t/1gv2m,"[
  {
    ""id"": ""2004csc-scc23"",
    ""docType"": ""DECISION"",
    ""path"": ""/en/ca/scc/doc/2004/2004scc23/2004scc23.html"",
    ""docTitle"": ""Voice Construction Ltd. v. Construction & General Workers' Union, Local 92"",
    ""autoCompletions"": ""[{\""type\"":\""DECISION_NEUTRAL_CITATION\"",\""text\"":\""2004 SCC 23\""},{\""type\"":\""DECISION_NEUTRAL_CITATION\"",\""text\"":\""2004 CSC 23\""},{\""type\"":\""DECISION_CANLII_REFERENCE\"",\""text\"":\""2004 SCC 23 (CanLII)\""},{\""type\"":\""DECISION_CANLII_REFERENCE\"",\""text\"":\""2004 CSC 23 (CanLII)\""},{\""type\"":\""MAIN_TITLE\"",\""text\"":\""Voice Construction Ltd. v. Construction & General Workers' Union, Local 92\""},{\""type\"":\""DECISION_OFFICIAL_REPORT_REFERENCE\"",\""text\"":\""[2004] 1 SCR 609\""},{\""type\"":\""DECISION_OFFICIAL_REPORT_REFERENCE\"",\""text\"":\""[2004] 1 RCS 609\""},{\""type\"":\""DECISION_OTHER_REFERENCES\"",\""text\"":\"" REJB 2004-60356\""},{\""type\"":\""DECISION_OTHER_REFERENCES\"",\""text\"":\""[2004] AWLD 204\""},{\""type\"":\""DECISION_OTHER_REFERENCES\"",\""text\"":\"" [2004] 1 FCR 609\""},{\""type\"":\""DECISION_OTHER_REFERENCES\"",\""text\"":\"" 238 DLR (4th) 217\""},{\""type\"":\""DECISION_OTHER_REFERENCES\"",\""text\"":\"" 318 NR 332\""},{\""type\"":\""DECISION_OTHER_REFERENCES\"",\""text\"":\"" [2004] 7 WWR 411\""},{\""type\"":\""DECISION_OTHER_REFERENCES\"",\""text\"":\"" 320 WAC 201\""},{\""type\"":\""DECISION_OTHER_REFERENCES\"",\""text\"":\"" AZ-50229707\""},{\""type\"":\""DECISION_OTHER_REFERENCES\"",\""text\"":\"" 29 Alta LR (4th) 1\""},{\""type\"":\""DECISION_OTHER_REFERENCES\"",\""text\"":\"" 346 AR 201\""},{\""type\"":\""DECISION_OTHER_REFERENCES\"",\""text\"":\"" 126 LAC (4th) 129\""},{\""type\"":\""DECISION_OTHER_REFERENCES\"",\""text\"":\"" 14 Admin LR (4th) 165\""},{\""type\"":\""DECISION_OTHER_REFERENCES\"",\""text\"":\"" DTE 2004T-406\""},{\""type\"":\""DECISION_OTHER_REFERENCES\"",\""text\"":\"" [2004] CarswellAlta 422\""},{\""type\"":\""DECISION_OTHER_REFERENCES\"",\""text\"":\"" EYB 2004-60356\""},{\""type\"":\""DECISION_OTHER_REFERENCES\"",\""text\"":\"" JE 2004-851\""},{\""type\"":\""DECISION_OTHER_REFERENCES\"",\""text\"":\"" [2004] SCJ No 2 (QL)\""},{\""type\"":\""DECISION_OTHER_REFERENCES\"",\""text\"":\"" [2004] ACS no 2\""},{\""type\"":\""DECISION_OTHER_REFERENCES\"",\""text\"":\"" [2004] 1 RCF 609\""},{\""type\"":\""DECISION_ALTERNATE_TITLE\"",\""text\"":\""Voice Construction Ltd. V. Construction & General Workers' Union, Local 92\""},{\""type\"":\""DECISION_ALTERNATE_TITLE\"",\""text\"":\""Voice Construction Ltd. c. Construction & General Workers' Union, Local 92\""},{\""type\"":\""DECISION_DOCKET_NUMBER\"",\""text\"":\""29547\""},{\""type\"":\""JURISDICTION_NAME\"",\""text\"":\""Canada (Federal)\""},{\""type\"":\""COLLECTION_NAME\"",\""text\"":\""Supreme Court of Canada\""}]"",
    ""jurisdictionId"": ""ca"",
    ""citedCount"": 1107
  }
]"
https://canlii.ca/t/1gzjp,"[
  {
    ""id"": ""2004csc-scc26"",
    ""docType"": ""DECISION"",
    ""path"": ""/en/ca/scc/doc/2004/2004scc26/2004scc26.html"",
    ""docTitle"": ""Cartaway Resources Corp. (Re)"",
    ""autoCompletions"": ""[{\""type\"":\""DECISION_NEUTRAL_CITATION\"",\""text\"":\""2004 SCC 26\""},{\""type\"":\""DECISION_NEUTRAL_CITATION\"",\""text\"":\""2004 CSC 26\""},{\""type\"":\""DECISION_CANLII_REFERENCE\"",\""text\"":\""2004 SCC 26 (CanLII)\""},{\""type\"":\""DECISION_CANLII_REFERENCE\"",\""text\"":\""2004 CSC 26 (CanLII)\""},{\""type\"":\""MAIN_TITLE\"",\""text\"":\""Cartaway Resources Corp. (Re)\""},{\""type\"":\""DECISION_OFFICIAL_REPORT_REFERENCE\"",\""text\"":\""[2004] 1 SCR 672\""},{\""type\"":\""DECISION_OFFICIAL_REPORT_REFERENCE\"",\""text\"":\""[2004] 1 RCS 672\""},{\""type\"":\""DECISION_OTHER_REFERENCES\"",\""text\"":\"" REJB 2004-60673\""},{\""type\"":\""DECISION_OTHER_REFERENCES\"",\""text\"":\""238 DLR (4th) 193\""},{\""type\"":\""DECISION_OTHER_REFERENCES\"",\""text\"":\"" 319 NR 1\""},{\""type\"":\""DECISION_OTHER_REFERENCES\"",\""text\"":\"" 130 ACWS (3d) 192\""},{\""type\"":\""DECISION_OTHER_REFERENCES\"",\""text\"":\"" [2004] 8 WWR 62\""},{\""type\"":\""DECISION_OTHER_REFERENCES\"",\""text\"":\"" 28 BCLR (4th) 1\""},{\""type\"":\""DECISION_OTHER_REFERENCES\"",\""text\"":\"" 195 BCAC 161\""},{\""type\"":\""DECISION_OTHER_REFERENCES\"",\""text\"":\"" 14 Admin LR (4th) 190\""},{\""type\"":\""DECISION_OTHER_REFERENCES\"",\""text\"":\"" EYB 2004-60673\""},{\""type\"":\""DECISION_OTHER_REFERENCES\"",\""text\"":\"" JE 2004-954\""},{\""type\"":\""DECISION_OTHER_REFERENCES\"",\""text\"":\"" [2004] SCJ No 22 (QL)\""},{\""type\"":\""DECISION_OTHER_REFERENCES\"",\""text\"":\"" [2004] ACS no 22\""},{\""type\"":\""DECISION_ALTERNATE_TITLE\"",\""text\"":\""Cartaway Resources Corp., Re\""},{\""type\"":\""DECISION_ALTERNATE_TITLE\"",\""text\"":\""Cartaway Resources Corp. (Re)\""},{\""type\"":\""DECISION_DOCKET_NUMBER\"",\""text\"":\""29472\""},{\""type\"":\""JURISDICTION_NAME\"",\""text\"":\""Canada (Federal)\""},{\""type\"":\""COLLECTION_NAME\"",\""text\"":\""Supreme Court of Canada\""}]"",
    ""jurisdictionId"": ""ca"",
    ""citedCount"": 1753
  }
]"
https://canlii.ca/t/1h03m,"[
  {
    ""id"": ""2004qccs12508"",
    ""docType"": ""DECISION"",
    ""path"": ""/fr/qc/qccs/doc/2004/2004canlii19825/2004canlii19825.html"",
    ""docTitle"": ""Harmegnies c. Toyota Canada Inc."",
    ""autoCompletions"": ""[{\""type\"":\""DECISION_CANLII_REFERENCE\"",\""text\"":\""2004 CanLII 19825 (QC CS)\""},{\""type\"":\""MAIN_TITLE\"",\""text\"":\""Harmegnies c. Toyota Canada Inc.\""},{\""type\"":\""DECISION_DOCKET_NUMBER\"",\""text\"":\""500-06-000214-037\""},{\""type\"":\""JURISDICTION_NAME\"",\""text\"":\""Québec\""},{\""type\"":\""COLLECTION_NAME\"",\""text\"":\""Cour supérieure\""}]"",
    ""jurisdictionId"": ""qc"",
    ""citedCount"": 0
  }
]"
https://canlii.ca/t/1h2bx,"[
  {
    ""id"": ""2004csc-scc28"",
    ""docType"": ""DECISION"",
    ""path"": ""/en/ca/scc/doc/2004/2004scc28/2004scc28.html"",
    ""docTitle"": ""Alberta Union of Provincial Employees v. Lethbridge Community College"",
    ""autoCompletions"": ""[{\""type\"":\""DECISION_NEUTRAL_CITATION\"",\""text\"":\""2004 SCC 28\""},{\""type\"":\""DECISION_NEUTRAL_CITATION\"",\""text\"":\""2004 CSC 28\""},{\""type\"":\""DECISION_CANLII_REFERENCE\"",\""text\"":\""2004 SCC 28 (CanLII)\""},{\""type\"":\""DECISION_CANLII_REFERENCE\"",\""text\"":\""2004 CSC 28 (CanLII)\""},{\""type\"":\""MAIN_TITLE\"",\""text\"":\""Alberta Union of Provincial Employees v. Lethbridge Community College\""},{\""type\"":\""DECISION_OFFICIAL_REPORT_REFERENCE\"",\""text\"":\""[2004] 1 SCR 727\""},{\""type\"":\""DECISION_OFFICIAL_REPORT_REFERENCE\"",\""text\"":\""[2004] 1 RCS 727\""},{\""type\"":\""DECISION_OTHER_REFERENCES\"",\""text\"":\""238 DLR (4th) 385\""},{\""type\"":\""DECISION_OTHER_REFERENCES\"",\""text\"":\"" 319 NR 201\""},{\""type\"":\""DECISION_OTHER_REFERENCES\"",\""text\"":\"" 130 ACWS (3d) 311\""},{\""type\"":\""DECISION_OTHER_REFERENCES\"",\""text\"":\"" [2004] 7 WWR 1\""},{\""type\"":\""DECISION_OTHER_REFERENCES\"",\""text\"":\"" 321 WAC 1\""},{\""type\"":\""DECISION_OTHER_REFERENCES\"",\""text\"":\"" AZ-50232834\""},{\""type\"":\""DECISION_OTHER_REFERENCES\"",\""text\"":\"" 26 Alta LR (4th) 201\""},{\""type\"":\""DECISION_OTHER_REFERENCES\"",\""text\"":\"" 348 AR 1\""},{\""type\"":\""DECISION_OTHER_REFERENCES\"",\""text\"":\"" 11 Admin LR (4th) 1\""},{\""type\"":\""DECISION_OTHER_REFERENCES\"",\""text\"":\"" [2004] CarswellAlta 533\""},{\""type\"":\""DECISION_OTHER_REFERENCES\"",\""text\"":\"" [2004] SCJ No 24 (QL)\""},{\""type\"":\""DECISION_OTHER_REFERENCES\"",\""text\"":\"" [2004] ACS no 24\""},{\""type\"":\""DECISION_ALTERNATE_TITLE\"",\""text\"":\""A.U.P.E.v. Lethbridge Community College\""},{\""type\"":\""DECISION_ALTERNATE_TITLE\"",\""text\"":\""Alberta Union of Provincial Employees et al. v. Lethbridge Community College\""},{\""type\"":\""DECISION_ALTERNATE_TITLE\"",\""text\"":\""A.U.P.E. v. Lethbridge Community College\""},{\""type\"":\""DECISION_ALTERNATE_TITLE\"",\""text\"":\""Alberta Union of Provincial Employees c. Lethbridge Community College\""},{\""type\"":\""DECISION_DOCKET_NUMBER\"",\""text\"":\""29323\""},{\""type\"":\""JURISDICTION_NAME\"",\""text\"":\""Canada (Federal)\""},{\""type\"":\""COLLECTION_NAME\"",\""text\"":\""Supreme Court of Canada\""}]"",
    ""jurisdictionId"": ""ca"",
    ""citedCount"": 808
  }
]"
https://canlii.ca/t/1h87t,"[
  {
    ""id"": ""2004csc-scc39"",
    ""docType"": ""DECISION"",
    ""path"": ""/en/ca/scc/doc/2004/2004scc39/2004scc39.html"",
    ""docTitle"": ""Quebec (Commission des droits de la personne et des droits de la jeunesse) v. Quebec (Attorney General)"",
    ""autoCompletions"": ""[{\""type\"":\""DECISION_NEUTRAL_CITATION\"",\""text\"":\""2004 SCC 39\""},{\""type\"":\""DECISION_NEUTRAL_CITATION\"",\""text\"":\""2004 CSC 39\""},{\""type\"":\""DECISION_CANLII_REFERENCE\"",\""text\"":\""2004 SCC 39 (CanLII)\""},{\""type\"":\""DECISION_CANLII_REFERENCE\"",\""text\"":\""2004 CSC 39 (CanLII)\""},{\""type\"":\""MAIN_TITLE\"",\""text\"":\""Quebec (Commission des droits de la personne et des droits de la jeunesse) v. Quebec (Attorney General)\""},{\""type\"":\""DECISION_OFFICIAL_REPORT_REFERENCE\"",\""text\"":\""[2004] 2 SCR 185\""},{\""type\"":\""DECISION_OFFICIAL_REPORT_REFERENCE\"",\""text\"":\""[2004] 2 RCS 185\""},{\""type\"":\""DECISION_OTHER_REFERENCES\"",\""text\"":\""240 DLR (4th) 577\""},{\""type\"":\""DECISION_OTHER_REFERENCES\"",\""text\"":\"" 321 NR 290\""},{\""type\"":\""DECISION_OTHER_REFERENCES\"",\""text\"":\"" 131 ACWS (3d) 494\""},{\""type\"":\""DECISION_OTHER_REFERENCES\"",\""text\"":\"" 128 LAC (4th) 1\""},{\""type\"":\""DECISION_OTHER_REFERENCES\"",\""text\"":\"" 15 Admin LR (4th) 1\""},{\""type\"":\""DECISION_OTHER_REFERENCES\"",\""text\"":\"" 49 CHRR 413\""},{\""type\"":\""DECISION_OTHER_REFERENCES\"",\""text\"":\"" 49 CHRR 436\""},{\""type\"":\""DECISION_OTHER_REFERENCES\"",\""text\"":\"" [2004] CarswellQue 1343\""},{\""type\"":\""DECISION_OTHER_REFERENCES\"",\""text\"":\"" [2004] SCJ No 34 (QL)\""},{\""type\"":\""DECISION_OTHER_REFERENCES\"",\""text\"":\"" [2004] ACS no 34\""},{\""type\"":\""DECISION_ALTERNATE_TITLE\"",\""text\"":\""Quebec (Commission des droits de la pesonne et des droits de la jeunesse) v. Quebec (Attorney General)\""},{\""type\"":\""DECISION_ALTERNATE_TITLE\"",\""text\"":\""Québec (Procureur général) c. Québec (Comm. des droits de la personne et des droits de la jeunesse) et Morin\""},{\""type\"":\""DECISION_ALTERNATE_TITLE\"",\""text\"":\""Québec (Commission des droits de la personne & des droits de la jeunesse) c. Québec (Procureure générale)\""},{\""type\"":\""DECISION_ALTERNATE_TITLE\"",\""text\"":\""Québec (Commission des droits de la personne et des droits de la jeunesse) c. Québec (Procureur général)\""},{\""type\"":\""DECISION_DOCKET_NUMBER\"",\""text\"":\""29188\""},{\""type\"":\""JURISDICTION_NAME\"",\""text\"":\""Canada (Federal)\""},{\""type\"":\""COLLECTION_NAME\"",\""text\"":\""Supreme Court of Canada\""}]"",
    ""jurisdictionId"": ""ca"",
    ""citedCount"": 435
  }
]"
https://canlii.ca/t/1h9tq,"[
  {
    ""id"": ""2004bcsc790"",
    ""docType"": ""DECISION"",
    ""path"": ""/en/bc/bcsc/doc/2004/2004bcsc790/2004bcsc790.html"",
    ""docTitle"": ""Reglin v Creston (Town) et al."",
    ""autoCompletions"": ""[{\""type\"":\""DECISION_NEUTRAL_CITATION\"",\""text\"":\""2004 BCSC 790\""},{\""type\"":\""DECISION_CANLII_REFERENCE\"",\""text\"":\""2004 BCSC 790 (CanLII)\""},{\""type\"":\""MAIN_TITLE\"",\""text\"":\""Reglin v Creston (Town) et al.\""},{\""type\"":\""DECISION_OTHER_REFERENCES\"",\""text\"":\""32 BCLR (4th) 342\""},{\""type\"":\""DECISION_OTHER_REFERENCES\"",\""text\"":\"" 34 CCEL (3d) 123\""},{\""type\"":\""DECISION_OTHER_REFERENCES\"",\""text\"":\"" [2004] BCJ No 1218 (QL)\""},{\""type\"":\""DECISION_OTHER_REFERENCES\"",\""text\"":\"" [2004] BCTC 790\""},{\""type\"":\""DECISION_ALTERNATE_TITLE\"",\""text\"":\""Reglin v. Creston (Town)\""},{\""type\"":\""DECISION_DOCKET_NUMBER\"",\""text\"":\""12447\""},{\""type\"":\""JURISDICTION_NAME\"",\""text\"":\""British Columbia\""},{\""type\"":\""COLLECTION_NAME\"",\""text\"":\""Supreme Court of British Columbia\""}]"",
    ""jurisdictionId"": ""bc"",
    ""citedCount"": 8
  }
]"
https://canlii.ca/t/1hddh,"[
  {
    ""id"": ""2004csc-scc47"",
    ""docType"": ""DECISION"",
    ""path"": ""/en/ca/scc/doc/2004/2004scc47/2004scc47.html"",
    ""docTitle"": ""Syndicat Northcrest v. Amselem"",
    ""autoCompletions"": ""[{\""type\"":\""DECISION_NEUTRAL_CITATION\"",\""text\"":\""2004 SCC 47\""},{\""type\"":\""DECISION_NEUTRAL_CITATION\"",\""text\"":\""2004 CSC 47\""},{\""type\"":\""DECISION_CANLII_REFERENCE\"",\""text\"":\""2004 SCC 47 (CanLII)\""},{\""type\"":\""DECISION_CANLII_REFERENCE\"",\""text\"":\""2004 CSC 47 (CanLII)\""},{\""type\"":\""MAIN_TITLE\"",\""text\"":\""Syndicat Northcrest v. Amselem\""},{\""type\"":\""DECISION_OFFICIAL_REPORT_REFERENCE\"",\""text\"":\""[2004] 2 SCR 551\""},{\""type\"":\""DECISION_OFFICIAL_REPORT_REFERENCE\"",\""text\"":\""[2004] 2 RCS 551\""},{\""type\"":\""DECISION_OTHER_REFERENCES\"",\""text\"":\"" REJB 2004-66513\""},{\""type\"":\""DECISION_OTHER_REFERENCES\"",\""text\"":\""241 DLR (4th) 1\""},{\""type\"":\""DECISION_OTHER_REFERENCES\"",\""text\"":\"" 323 NR 59\""},{\""type\"":\""DECISION_OTHER_REFERENCES\"",\""text\"":\"" 132 ACWS (3d) 170\""},{\""type\"":\""DECISION_OTHER_REFERENCES\"",\""text\"":\"" AZ-50260091\""},{\""type\"":\""DECISION_OTHER_REFERENCES\"",\""text\"":\"" 121 CRR (2d) 189\""},{\""type\"":\""DECISION_OTHER_REFERENCES\"",\""text\"":\"" [2004] CarswellQue 1543\""},{\""type\"":\""DECISION_OTHER_REFERENCES\"",\""text\"":\"" EYB 2004-66513\""},{\""type\"":\""DECISION_OTHER_REFERENCES\"",\""text\"":\"" JE 2004-1354\""},{\""type\"":\""DECISION_OTHER_REFERENCES\"",\""text\"":\"" [2004] SCJ No 46 (QL)\""},{\""type\"":\""DECISION_OTHER_REFERENCES\"",\""text\"":\"" [2004] ACS no 46\""},{\""type\"":\""DECISION_OTHER_REFERENCES\"",\""text\"":\"" 28 RPR (4th) 1\""},{\""type\"":\""DECISION_ALTERNATE_TITLE\"",\""text\"":\""Syndicat Northcrest c. Amselem\""},{\""type\"":\""DECISION_DOCKET_NUMBER\"",\""text\"":\""29252\""},{\""type\"":\""DECISION_DOCKET_NUMBER\"",\""text\"":\"" 29253\""},{\""type\"":\""JURISDICTION_NAME\"",\""text\"":\""Canada (Federal)\""},{\""type\"":\""COLLECTION_NAME\"",\""text\"":\""Supreme Court of Canada\""}]"",
    ""jurisdictionId"": ""ca"",
    ""citedCount"": 814
  }
]"
https://canlii.ca/t/1hddj,"[
  {
    ""id"": ""2004csc-scc48"",
    ""docType"": ""DECISION"",
    ""path"": ""/en/ca/scc/doc/2004/2004scc48/2004scc48.html"",
    ""docTitle"": ""Congrégation des témoins de Jéhovah de St-Jérôme-Lafontaine v. Lafontaine (Village)"",
    ""autoCompletions"": ""[{\""type\"":\""DECISION_NEUTRAL_CITATION\"",\""text\"":\""2004 SCC 48\""},{\""type\"":\""DECISION_NEUTRAL_CITATION\"",\""text\"":\""2004 CSC 48\""},{\""type\"":\""DECISION_CANLII_REFERENCE\"",\""text\"":\""2004 SCC 48 (CanLII)\""},{\""type\"":\""DECISION_CANLII_REFERENCE\"",\""text\"":\""2004 CSC 48 (CanLII)\""},{\""type\"":\""MAIN_TITLE\"",\""text\"":\""Congrégation des témoins de Jéhovah de St-Jérôme-Lafontaine v. Lafontaine (Village)\""},{\""type\"":\""DECISION_OFFICIAL_REPORT_REFERENCE\"",\""text\"":\""[2004] 2 SCR 650\""},{\""type\"":\""DECISION_OFFICIAL_REPORT_REFERENCE\"",\""text\"":\""[2004] 2 RCS 650\""},{\""type\"":\""DECISION_OTHER_REFERENCES\"",\""text\"":\""241 DLR (4th) 83\""},{\""type\"":\""DECISION_OTHER_REFERENCES\"",\""text\"":\"" 323 NR 1\""},{\""type\"":\""DECISION_OTHER_REFERENCES\"",\""text\"":\"" 132 ACWS (3d) 3\""},{\""type\"":\""DECISION_OTHER_REFERENCES\"",\""text\"":\"" 121 CRR (2d) 261\""},{\""type\"":\""DECISION_OTHER_REFERENCES\"",\""text\"":\"" 17 Admin LR (4th) 165\""},{\""type\"":\""DECISION_OTHER_REFERENCES\"",\""text\"":\"" [2004] CarswellQue 1546\""},{\""type\"":\""DECISION_OTHER_REFERENCES\"",\""text\"":\"" JE 2004-1367\""},{\""type\"":\""DECISION_OTHER_REFERENCES\"",\""text\"":\"" [2004] SCJ No 45 (QL)\""},{\""type\"":\""DECISION_OTHER_REFERENCES\"",\""text\"":\"" [2004] ACS no 45\""},{\""type\"":\""DECISION_OTHER_REFERENCES\"",\""text\"":\"" 49 MPLR (3d) 157\""},{\""type\"":\""DECISION_ALTERNATE_TITLE\"",\""text\"":\""Congrégation des témoins de Jéhovah de St-Jérôme-Lafontaine c. Lafontaine (Municipalité)\""},{\""type\"":\""DECISION_ALTERNATE_TITLE\"",\""text\"":\""Congrégation des témoins de Jéhovah de St-Jérôme-Lafontaine c. Lafontaine (Village)\""},{\""type\"":\""DECISION_DOCKET_NUMBER\"",\""text\"":\""29507\""},{\""type\"":\""JURISDICTION_NAME\"",\""text\"":\""Canada (Federal)\""},{\""type\"":\""COLLECTION_NAME\"",\""text\"":\""Supreme Court of Canada\""}]"",
    ""jurisdictionId"": ""ca"",
    ""citedCount"": 450
  }
]"
https://canlii.ca/t/1hmp5,"[
  {
    ""id"": ""2004csc-scc54"",
    ""docType"": ""DECISION"",
    ""path"": ""/en/ca/scc/doc/2004/2004scc54/2004scc54.html"",
    ""docTitle"": ""Monsanto Canada Inc. v. Ontario (Superintendent of Financial Services)"",
    ""autoCompletions"": ""[{\""type\"":\""DECISION_NEUTRAL_CITATION\"",\""text\"":\""2004 SCC 54\""},{\""type\"":\""DECISION_NEUTRAL_CITATION\"",\""text\"":\""2004 CSC 54\""},{\""type\"":\""DECISION_CANLII_REFERENCE\"",\""text\"":\""2004 SCC 54 (CanLII)\""},{\""type\"":\""DECISION_CANLII_REFERENCE\"",\""text\"":\""2004 CSC 54 (CanLII)\""},{\""type\"":\""MAIN_TITLE\"",\""text\"":\""Monsanto Canada Inc. v. Ontario (Superintendent of Financial Services)\""},{\""type\"":\""DECISION_OFFICIAL_REPORT_REFERENCE\"",\""text\"":\""[2004] 3 SCR 152\""},{\""type\"":\""DECISION_OFFICIAL_REPORT_REFERENCE\"",\""text\"":\""[2004] 3 RCS 152\""},{\""type\"":\""DECISION_OTHER_REFERENCES\"",\""text\"":\""242 DLR (4th) 193\""},{\""type\"":\""DECISION_OTHER_REFERENCES\"",\""text\"":\"" 324 NR 259\""},{\""type\"":\""DECISION_OTHER_REFERENCES\"",\""text\"":\"" 132 ACWS (3d) 579\""},{\""type\"":\""DECISION_OTHER_REFERENCES\"",\""text\"":\"" 189 OAC 201\""},{\""type\"":\""DECISION_OTHER_REFERENCES\"",\""text\"":\"" 45 BLR (3d) 161\""},{\""type\"":\""DECISION_OTHER_REFERENCES\"",\""text\"":\"" 17 Admin LR (4th) 1\""},{\""type\"":\""DECISION_OTHER_REFERENCES\"",\""text\"":\"" JE 2004-1546\""},{\""type\"":\""DECISION_OTHER_REFERENCES\"",\""text\"":\"" [2004] SCJ No 51 (QL)\""},{\""type\"":\""DECISION_OTHER_REFERENCES\"",\""text\"":\"" [2004] ACS no 51\""},{\""type\"":\""DECISION_ALTERNATE_TITLE\"",\""text\"":\""Monsanto Canada Inc. v. Superintendent of Financial Services et al.\""},{\""type\"":\""DECISION_ALTERNATE_TITLE\"",\""text\"":\""Monsanto Canada Inc. v. Ontario (Superintendent of Financial Services\""},{\""type\"":\""DECISION_ALTERNATE_TITLE\"",\""text\"":\""Monsanto Canada Inc. c. Ontario (Surintendant des services financiers)\""},{\""type\"":\""DECISION_DOCKET_NUMBER\"",\""text\"":\""29586\""},{\""type\"":\""JURISDICTION_NAME\"",\""text\"":\""Canada (Federal)\""},{\""type\"":\""COLLECTION_NAME\"",\""text\"":\""Supreme Court of Canada\""}]"",
    ""jurisdictionId"": ""ca"",
    ""citedCount"": 299
  }
]"
https://canlii.ca/t/1j4tq,"[
  {
    ""id"": ""2004csc-scc73"",
    ""docType"": ""DECISION"",
    ""path"": ""/en/ca/scc/doc/2004/2004scc73/2004scc73.html"",
    ""docTitle"": ""Haida Nation v. British Columbia (Minister of Forests)"",
    ""autoCompletions"": ""[{\""type\"":\""DECISION_NEUTRAL_CITATION\"",\""text\"":\""2004 SCC 73\""},{\""type\"":\""DECISION_NEUTRAL_CITATION\"",\""text\"":\""2004 CSC 73\""},{\""type\"":\""DECISION_CANLII_REFERENCE\"",\""text\"":\""2004 SCC 73 (CanLII)\""},{\""type\"":\""DECISION_CANLII_REFERENCE\"",\""text\"":\""2004 CSC 73 (CanLII)\""},{\""type\"":\""MAIN_TITLE\"",\""text\"":\""Haida Nation v. British Columbia (Minister of Forests)\""},{\""type\"":\""DECISION_OFFICIAL_REPORT_REFERENCE\"",\""text\"":\""[2004] 3 SCR 511\""},{\""type\"":\""DECISION_OFFICIAL_REPORT_REFERENCE\"",\""text\"":\""[2004] 3 RCS 511\""},{\""type\"":\""DECISION_OTHER_REFERENCES\"",\""text\"":\""245 DLR (4th) 33\""},{\""type\"":\""DECISION_OTHER_REFERENCES\"",\""text\"":\"" 327 NR 53\""},{\""type\"":\""DECISION_OTHER_REFERENCES\"",\""text\"":\"" 135 ACWS (3d) 2\""},{\""type\"":\""DECISION_OTHER_REFERENCES\"",\""text\"":\"" [2005] 3 WWR 419\""},{\""type\"":\""DECISION_OTHER_REFERENCES\"",\""text\"":\"" 36 BCLR (4th) 282\""},{\""type\"":\""DECISION_OTHER_REFERENCES\"",\""text\"":\"" 11 CELR (3d) 1\""},{\""type\"":\""DECISION_OTHER_REFERENCES\"",\""text\"":\"" 206 BCAC 52\""},{\""type\"":\""DECISION_OTHER_REFERENCES\"",\""text\"":\"" 19 Admin LR (4th) 195\""},{\""type\"":\""DECISION_OTHER_REFERENCES\"",\""text\"":\"" [2005] 1 CNLR 72\""},{\""type\"":\""DECISION_OTHER_REFERENCES\"",\""text\"":\"" [2004] CarswellBC 2656\""},{\""type\"":\""DECISION_OTHER_REFERENCES\"",\""text\"":\"" JE 2004-2156\""},{\""type\"":\""DECISION_OTHER_REFERENCES\"",\""text\"":\"" [2004] SCJ No 70 (QL)\""},{\""type\"":\""DECISION_OTHER_REFERENCES\"",\""text\"":\"" [2004] ACS no 70\""},{\""type\"":\""DECISION_OTHER_REFERENCES\"",\""text\"":\"" 26 RPR (4th) 1\""},{\""type\"":\""DECISION_ALTERNATE_TITLE\"",\""text\"":\""Nation haïda c. Colombie-Britannique (Ministre des Forêts)\""},{\""type\"":\""DECISION_DOCKET_NUMBER\"",\""text\"":\""29419\""},{\""type\"":\""JURISDICTION_NAME\"",\""text\"":\""Canada (Federal)\""},{\""type\"":\""COLLECTION_NAME\"",\""text\"":\""Supreme Court of Canada\""}]"",
    ""jurisdictionId"": ""ca"",
    ""citedCount"": 1247
  }
]"
https://canlii.ca/t/1jj0k,"[
  {
    ""id"": ""2004qcca10761"",
    ""docType"": ""DECISION"",
    ""path"": ""/fr/qc/qcca/doc/2004/2004canlii48772/2004canlii48772.html"",
    ""docTitle"": ""Crane Canada Inc. c. Sécurité nationale, cie d'assurance"",
    ""autoCompletions"": ""[{\""type\"":\""DECISION_CANLII_REFERENCE\"",\""text\"":\""2004 CanLII 48772 (QC CA)\""},{\""type\"":\""MAIN_TITLE\"",\""text\"":\""Crane Canada Inc. c. Sécurité nationale, cie d'assurance\""},{\""type\"":\""DECISION_OTHER_REFERENCES\"",\""text\"":\""AZ-50286907\""},{\""type\"":\""DECISION_OTHER_REFERENCES\"",\""text\"":\"" [2005] RJQ 56\""},{\""type\"":\""DECISION_OTHER_REFERENCES\"",\""text\"":\"" JE 2005-170\""},{\""type\"":\""DECISION_ALTERNATE_TITLE\"",\""text\"":\""Crane Canada inc. c. Sécurité nationale, compagnie d'assurances\""},{\""type\"":\""DECISION_DOCKET_NUMBER\"",\""text\"":\""500-09-013971-031\""},{\""type\"":\""JURISDICTION_NAME\"",\""text\"":\""Québec\""},{\""type\"":\""COLLECTION_NAME\"",\""text\"":\""Cour d'appel du Québec\""}]"",
    ""jurisdictionId"": ""qc"",
    ""citedCount"": 51
  }
]"
https://canlii.ca/t/1k7,"[
  {
    ""id"": ""2002csc-scc75"",
    ""docType"": ""DECISION"",
    ""path"": ""/en/ca/scc/doc/2002/2002scc75/2002scc75.html"",
    ""docTitle"": ""Ruby v. Canada (Solicitor General)"",
    ""autoCompletions"": ""[{\""type\"":\""DECISION_NEUTRAL_CITATION\"",\""text\"":\""2002 SCC 75\""},{\""type\"":\""DECISION_NEUTRAL_CITATION\"",\""text\"":\""2002 CSC 75\""},{\""type\"":\""DECISION_CANLII_REFERENCE\"",\""text\"":\""2002 SCC 75 (CanLII)\""},{\""type\"":\""DECISION_CANLII_REFERENCE\"",\""text\"":\""2002 CSC 75 (CanLII)\""},{\""type\"":\""MAIN_TITLE\"",\""text\"":\""Ruby v. Canada (Solicitor General)\""},{\""type\"":\""DECISION_OFFICIAL_REPORT_REFERENCE\"",\""text\"":\""[2002] 4 SCR 3\""},{\""type\"":\""DECISION_OFFICIAL_REPORT_REFERENCE\"",\""text\"":\""[2002] 4 RCS 3\""},{\""type\"":\""DECISION_OTHER_REFERENCES\"",\""text\"":\""219 DLR (4th) 385\""},{\""type\"":\""DECISION_OTHER_REFERENCES\"",\""text\"":\"" 295 NR 353\""},{\""type\"":\""DECISION_OTHER_REFERENCES\"",\""text\"":\"" 118 ACWS (3d) 2\""},{\""type\"":\""DECISION_OTHER_REFERENCES\"",\""text\"":\"" 7 CR (6th) 88\""},{\""type\"":\""DECISION_OTHER_REFERENCES\"",\""text\"":\"" 22 CPR (4th) 289\""},{\""type\"":\""DECISION_OTHER_REFERENCES\"",\""text\"":\"" 49 Admin LR (3d) 1\""},{\""type\"":\""DECISION_OTHER_REFERENCES\"",\""text\"":\"" 99 CRR (2d) 324\""},{\""type\"":\""DECISION_OTHER_REFERENCES\"",\""text\"":\"" [2002] CarswellNat 3225\""},{\""type\"":\""DECISION_OTHER_REFERENCES\"",\""text\"":\"" JE 2002-2096\""},{\""type\"":\""DECISION_OTHER_REFERENCES\"",\""text\"":\"" [2002] SCJ No 73 (QL)\""},{\""type\"":\""DECISION_OTHER_REFERENCES\"",\""text\"":\"" [2002] ACS no 73\""},{\""type\"":\""DECISION_ALTERNATE_TITLE\"",\""text\"":\""Ruby v. Canada (Solicitor General)\""},{\""type\"":\""DECISION_ALTERNATE_TITLE\"",\""text\"":\"" Ruby v. Royal Canadian Mounted Police\""},{\""type\"":\""DECISION_ALTERNATE_TITLE\"",\""text\"":\""Ruby v. Canada (Solicitor General)\""},{\""type\"":\""DECISION_ALTERNATE_TITLE\"",\""text\"":\""Ruby v. Royal Canadian Mounted Police\""},{\""type\"":\""DECISION_ALTERNATE_TITLE\"",\""text\"":\""Ruby v. Canada (Soliciter General)\""},{\""type\"":\""DECISION_ALTERNATE_TITLE\"",\""text\"":\""Ruby c. Canada (Solliciteur général)\""},{\""type\"":\""DECISION_DOCKET_NUMBER\"",\""text\"":\""28029\""},{\""type\"":\""JURISDICTION_NAME\"",\""text\"":\""Canada (Federal)\""},{\""type\"":\""COLLECTION_NAME\"",\""text\"":\""Supreme Court of Canada\""}]"",
    ""jurisdictionId"": ""ca"",
    ""citedCount"": 321
  }
]"
https://canlii.ca/t/1k864,"[
  {
    ""id"": ""2005csc-scc25"",
    ""docType"": ""DECISION"",
    ""path"": ""/en/ca/scc/doc/2005/2005scc25/2005scc25.html"",
    ""docTitle"": ""H.L. v. Canada (Attorney General)"",
    ""autoCompletions"": ""[{\""type\"":\""DECISION_NEUTRAL_CITATION\"",\""text\"":\""2005 SCC 25\""},{\""type\"":\""DECISION_NEUTRAL_CITATION\"",\""text\"":\""2005 CSC 25\""},{\""type\"":\""DECISION_CANLII_REFERENCE\"",\""text\"":\""2005 SCC 25 (CanLII)\""},{\""type\"":\""DECISION_CANLII_REFERENCE\"",\""text\"":\""2005 CSC 25 (CanLII)\""},{\""type\"":\""MAIN_TITLE\"",\""text\"":\""H.L. v. Canada (Attorney General)\""},{\""type\"":\""DECISION_OFFICIAL_REPORT_REFERENCE\"",\""text\"":\""[2005] 1 SCR 401\""},{\""type\"":\""DECISION_OFFICIAL_REPORT_REFERENCE\"",\""text\"":\""[2005] 1 RCS 401\""},{\""type\"":\""DECISION_OTHER_REFERENCES\"",\""text\"":\"" REJB 2005-89538\""},{\""type\"":\""DECISION_OTHER_REFERENCES\"",\""text\"":\""251 DLR (4th) 604\""},{\""type\"":\""DECISION_OTHER_REFERENCES\"",\""text\"":\"" 333 NR 1\""},{\""type\"":\""DECISION_OTHER_REFERENCES\"",\""text\"":\"" 138 ACWS (3d) 852\""},{\""type\"":\""DECISION_OTHER_REFERENCES\"",\""text\"":\"" [2005] 8 WWR 1\""},{\""type\"":\""DECISION_OTHER_REFERENCES\"",\""text\"":\"" 347 WAC 1\""},{\""type\"":\""DECISION_OTHER_REFERENCES\"",\""text\"":\"" 262 Sask R 1\""},{\""type\"":\""DECISION_OTHER_REFERENCES\"",\""text\"":\"" [2005] RRA 275\""},{\""type\"":\""DECISION_OTHER_REFERENCES\"",\""text\"":\"" 24 Admin LR (4th) 1\""},{\""type\"":\""DECISION_OTHER_REFERENCES\"",\""text\"":\"" 29 CCLT (3d) 1\""},{\""type\"":\""DECISION_OTHER_REFERENCES\"",\""text\"":\"" 8 CPC (6th) 199\""},{\""type\"":\""DECISION_OTHER_REFERENCES\"",\""text\"":\"" EYB 2005-89538\""},{\""type\"":\""DECISION_OTHER_REFERENCES\"",\""text\"":\"" JE 2005-845\""},{\""type\"":\""DECISION_OTHER_REFERENCES\"",\""text\"":\"" [2005] SCJ No 24 (QL)\""},{\""type\"":\""DECISION_OTHER_REFERENCES\"",\""text\"":\"" [2005] SJ No 24 (QL)\""},{\""type\"":\""DECISION_OTHER_REFERENCES\"",\""text\"":\"" [2005] ACS no 24\""},{\""type\"":\""DECISION_OTHER_REFERENCES\"",\""text\"":\"" 29 RCRC (3d) 1\""},{\""type\"":\""DECISION_ALTERNATE_TITLE\"",\""text\"":\""H.L. v. Canada (Attorney General) et al.\""},{\""type\"":\""DECISION_ALTERNATE_TITLE\"",\""text\"":\""L. (H.) v. Canada (Attorney General)\""},{\""type\"":\""DECISION_ALTERNATE_TITLE\"",\""text\"":\""H.L. c. Canada (Procureur général)\""},{\""type\"":\""DECISION_DOCKET_NUMBER\"",\""text\"":\""29949\""},{\""type\"":\""JURISDICTION_NAME\"",\""text\"":\""Canada (Federal)\""},{\""type\"":\""COLLECTION_NAME\"",\""text\"":\""Supreme Court of Canada\""}]"",
    ""jurisdictionId"": ""ca"",
    ""citedCount"": 1965
  }
]"
https://canlii.ca/t/1k9,"[
  {
    ""id"": ""2002csc-scc76"",
    ""docType"": ""DECISION"",
    ""path"": ""/en/ca/scc/doc/2002/2002scc76/2002scc76.html"",
    ""docTitle"": ""Harvard College v. Canada (Commissioner of Patents)"",
    ""autoCompletions"": ""[{\""type\"":\""DECISION_NEUTRAL_CITATION\"",\""text\"":\""2002 SCC 76\""},{\""type\"":\""DECISION_NEUTRAL_CITATION\"",\""text\"":\""2002 CSC 76\""},{\""type\"":\""DECISION_CANLII_REFERENCE\"",\""text\"":\""2002 SCC 76 (CanLII)\""},{\""type\"":\""DECISION_CANLII_REFERENCE\"",\""text\"":\""2002 CSC 76 (CanLII)\""},{\""type\"":\""MAIN_TITLE\"",\""text\"":\""Harvard College v. Canada (Commissioner of Patents)\""},{\""type\"":\""DECISION_OFFICIAL_REPORT_REFERENCE\"",\""text\"":\""[2002] 4 SCR 45\""},{\""type\"":\""DECISION_OFFICIAL_REPORT_REFERENCE\"",\""text\"":\""[2002] 4 RCS 45\""},{\""type\"":\""DECISION_OTHER_REFERENCES\"",\""text\"":\""219 DLR (4th) 577\""},{\""type\"":\""DECISION_OTHER_REFERENCES\"",\""text\"":\"" 235 FTR 214\""},{\""type\"":\""DECISION_OTHER_REFERENCES\"",\""text\"":\"" 296 NR 1\""},{\""type\"":\""DECISION_OTHER_REFERENCES\"",\""text\"":\"" 21 CPR (4th) 417\""},{\""type\"":\""DECISION_OTHER_REFERENCES\"",\""text\"":\"" JE 2003-27\""},{\""type\"":\""DECISION_OTHER_REFERENCES\"",\""text\"":\"" [2002] SCJ No 77 (QL)\""},{\""type\"":\""DECISION_OTHER_REFERENCES\"",\""text\"":\"" [2002] ACS no 77\""},{\""type\"":\""DECISION_ALTERNATE_TITLE\"",\""text\"":\""Harvard College v. Commissioner of Patents (Can.)\""},{\""type\"":\""DECISION_ALTERNATE_TITLE\"",\""text\"":\""Harvard College c. Canada (Commissaire aux brevets)\""},{\""type\"":\""DECISION_DOCKET_NUMBER\"",\""text\"":\""28155\""},{\""type\"":\""JURISDICTION_NAME\"",\""text\"":\""Canada (Federal)\""},{\""type\"":\""COLLECTION_NAME\"",\""text\"":\""Supreme Court of Canada\""}]"",
    ""jurisdictionId"": ""ca"",
    ""citedCount"": 164
  }
]"
https://canlii.ca/t/1kqn5,"[
  {
    ""id"": ""1999qccs10333"",
    ""docType"": ""DECISION"",
    ""path"": ""/fr/qc/qccs/doc/1999/1999canlii11146/1999canlii11146.html"",
    ""docTitle"": ""Rozon c. La Reine"",
    ""autoCompletions"": ""[{\""type\"":\""DECISION_CANLII_REFERENCE\"",\""text\"":\""1999 CanLII 11146 (QC CS)\""},{\""type\"":\""MAIN_TITLE\"",\""text\"":\""Rozon c. La Reine\""},{\""type\"":\""DECISION_OTHER_REFERENCES\"",\""text\"":\"" REJB 1999-11797\""},{\""type\"":\""DECISION_OTHER_REFERENCES\"",\""text\"":\""AZ-99021320\""},{\""type\"":\""DECISION_OTHER_REFERENCES\"",\""text\"":\"" [1999] RJQ 805\""},{\""type\"":\""DECISION_OTHER_REFERENCES\"",\""text\"":\"" EYB 1999-11797\""},{\""type\"":\""DECISION_OTHER_REFERENCES\"",\""text\"":\"" JE 99-713\""},{\""type\"":\""DECISION_OTHER_REFERENCES\"",\""text\"":\"" [1999] JQ no 752\""},{\""type\"":\""DECISION_ALTERNATE_TITLE\"",\""text\"":\""Rozon c. R.\""},{\""type\"":\""DECISION_DOCKET_NUMBER\"",\""text\"":\""750-36-000087-993\""},{\""type\"":\""JURISDICTION_NAME\"",\""text\"":\""Québec\""},{\""type\"":\""COLLECTION_NAME\"",\""text\"":\""Cour supérieure\""}]"",
    ""jurisdictionId"": ""qc"",
    ""citedCount"": 417
  }
]"
https://canlii.ca/t/1krj2,"[
  {
    ""id"": ""1999qccs11110"",
    ""docType"": ""DECISION"",
    ""path"": ""/fr/qc/qccs/doc/1999/1999canlii11923/1999canlii11923.html"",
    ""docTitle"": ""Syndicat du textile de Montmagny inc. c. Tremblay, ès qualités Arbitre"",
    ""autoCompletions"": ""[{\""type\"":\""DECISION_CANLII_REFERENCE\"",\""text\"":\""1999 CanLII 11923 (QC CS)\""},{\""type\"":\""MAIN_TITLE\"",\""text\"":\""Syndicat du textile de Montmagny inc. c. Tremblay, ès qualités Arbitre\""},{\""type\"":\""DECISION_OTHER_REFERENCES\"",\""text\"":\""REJB 1999-13176\""},{\""type\"":\""DECISION_OTHER_REFERENCES\"",\""text\"":\""EYB 1999-13176\""},{\""type\"":\""DECISION_DOCKET_NUMBER\"",\""text\"":\""300-05-000061-989\""},{\""type\"":\""JURISDICTION_NAME\"",\""text\"":\""Québec\""},{\""type\"":\""COLLECTION_NAME\"",\""text\"":\""Cour supérieure\""}]"",
    ""jurisdictionId"": ""qc"",
    ""citedCount"": 3
  }
]"
https://canlii.ca/t/1ks2s,"[
  {
    ""id"": ""2000qccs10703"",
    ""docType"": ""DECISION"",
    ""path"": ""/fr/qc/qccs/doc/2000/2000canlii18609/2000canlii18609.html"",
    ""docTitle"": ""Montréal (Communauté urbaine) c. Québec (Tribunal des droits de la personne)"",
    ""autoCompletions"": ""[{\""type\"":\""DECISION_CANLII_REFERENCE\"",\""text\"":\""2000 CanLII 18609 (QC CS)\""},{\""type\"":\""MAIN_TITLE\"",\""text\"":\""Montréal (Communauté urbaine) c. Québec (Tribunal des droits de la personne)\""},{\""type\"":\""DECISION_OTHER_REFERENCES\"",\""text\"":\""REJB 2000-19595\""},{\""type\"":\""DECISION_OTHER_REFERENCES\"",\""text\"":\""EYB 2000-19595\""},{\""type\"":\""DECISION_DOCKET_NUMBER\"",\""text\"":\""500-05-054821-994\""},{\""type\"":\""JURISDICTION_NAME\"",\""text\"":\""Québec\""},{\""type\"":\""COLLECTION_NAME\"",\""text\"":\""Cour supérieure\""}]"",
    ""jurisdictionId"": ""qc"",
    ""citedCount"": 4
  }
]"
https://canlii.ca/t/1l5zg,"[
  {
    ""id"": ""2005csc-scc43"",
    ""docType"": ""DECISION"",
    ""path"": ""/en/ca/scc/doc/2005/2005scc43/2005scc43.html"",
    ""docTitle"": ""R. v. Marshall; R. v. Bernard"",
    ""autoCompletions"": ""[{\""type\"":\""DECISION_NEUTRAL_CITATION\"",\""text\"":\""2005 SCC 43\""},{\""type\"":\""DECISION_NEUTRAL_CITATION\"",\""text\"":\""2005 CSC 43\""},{\""type\"":\""DECISION_CANLII_REFERENCE\"",\""text\"":\""2005 SCC 43 (CanLII)\""},{\""type\"":\""DECISION_CANLII_REFERENCE\"",\""text\"":\""2005 CSC 43 (CanLII)\""},{\""type\"":\""MAIN_TITLE\"",\""text\"":\""R. v. Marshall; R. v. Bernard\""},{\""type\"":\""DECISION_OFFICIAL_REPORT_REFERENCE\"",\""text\"":\""[2005] 2 SCR 220\""},{\""type\"":\""DECISION_OFFICIAL_REPORT_REFERENCE\"",\""text\"":\""[2005] 2 RCS 220\""},{\""type\"":\""DECISION_OTHER_REFERENCES\"",\""text\"":\""287 NBR (2d) 206\""},{\""type\"":\""DECISION_OTHER_REFERENCES\"",\""text\"":\"" 255 DLR (4th) 1\""},{\""type\"":\""DECISION_OTHER_REFERENCES\"",\""text\"":\"" 336 NR 22\""},{\""type\"":\""DECISION_OTHER_REFERENCES\"",\""text\"":\"" 141 ACWS (3d) 156\""},{\""type\"":\""DECISION_OTHER_REFERENCES\"",\""text\"":\"" 235 NSR (2d) 151\""},{\""type\"":\""DECISION_OTHER_REFERENCES\"",\""text\"":\"" 747 APR 151\""},{\""type\"":\""DECISION_OTHER_REFERENCES\"",\""text\"":\"" 750 APR 206\""},{\""type\"":\""DECISION_OTHER_REFERENCES\"",\""text\"":\"" 198 CCC (3d) 29\""},{\""type\"":\""DECISION_OTHER_REFERENCES\"",\""text\"":\"" 15 CELR (3d) 163\""},{\""type\"":\""DECISION_OTHER_REFERENCES\"",\""text\"":\"" [2005] 3 CNLR 214\""},{\""type\"":\""DECISION_OTHER_REFERENCES\"",\""text\"":\"" JE 2005-1361\""},{\""type\"":\""DECISION_OTHER_REFERENCES\"",\""text\"":\"" [2005] SCJ No 44 (QL)\""},{\""type\"":\""DECISION_OTHER_REFERENCES\"",\""text\"":\"" [2005] ACS no 44\""},{\""type\"":\""DECISION_OTHER_REFERENCES\"",\""text\"":\""287 RNB (2d) 206\""},{\""type\"":\""DECISION_ALTERNATE_TITLE\"",\""text\"":\""R. v. Marshall (S.F.) et al.\""},{\""type\"":\""DECISION_ALTERNATE_TITLE\"",\""text\"":\""R. v. Bernard (J.)\""},{\""type\"":\""DECISION_ALTERNATE_TITLE\"",\""text\"":\""R. v. Marshall\""},{\""type\"":\""DECISION_ALTERNATE_TITLE\"",\""text\"":\""R. v. Bernard\""},{\""type\"":\""DECISION_ALTERNATE_TITLE\"",\""text\"":\""R. v. Bernard\""},{\""type\"":\""DECISION_ALTERNATE_TITLE\"",\""text\"":\""R. v. Marshall\""},{\""type\"":\""DECISION_ALTERNATE_TITLE\"",\""text\"":\""R. v. Bernard\""},{\""type\"":\""DECISION_ALTERNATE_TITLE\"",\""text\"":\"" R. v. Marshall\""},{\""type\"":\""DECISION_ALTERNATE_TITLE\"",\""text\"":\""R. c. Marshall; R. c. Bernard\""},{\""type\"":\""DECISION_DOCKET_NUMBER\"",\""text\"":\"" 30063\""},{\""type\"":\""DECISION_DOCKET_NUMBER\"",\""text\"":\""30005\""},{\""type\"":\""JURISDICTION_NAME\"",\""text\"":\""Canada (Federal)\""},{\""type\"":\""COLLECTION_NAME\"",\""text\"":\""Supreme Court of Canada\""}]"",
    ""jurisdictionId"": ""ca"",
    ""citedCount"": 300
  }
]"
https://canlii.ca/t/1l6s3,"[
  {
    ""id"": ""2000skca12"",
    ""docType"": ""DECISION"",
    ""path"": ""/en/sk/skca/doc/2000/2000skca12/2000skca12.html"",
    ""docTitle"": ""Shellbrook (Rural Municipality No. 493) v. Housen"",
    ""autoCompletions"": ""[{\""type\"":\""DECISION_NEUTRAL_CITATION\"",\""text\"":\""2000 SKCA 12\""},{\""type\"":\""DECISION_CANLII_REFERENCE\"",\""text\"":\""2000 SKCA 12 (CanLII)\""},{\""type\"":\""MAIN_TITLE\"",\""text\"":\""Shellbrook (Rural Municipality No. 493) v. Housen\""},{\""type\"":\""DECISION_OTHER_REFERENCES\"",\""text\"":\""[2000] 4 WWR 173\""},{\""type\"":\""DECISION_OTHER_REFERENCES\"",\""text\"":\"" 216 WAC 51\""},{\""type\"":\""DECISION_OTHER_REFERENCES\"",\""text\"":\"" 189 Sask R 51\""},{\""type\"":\""DECISION_OTHER_REFERENCES\"",\""text\"":\"" [2000] SJ No 58 (QL)\""},{\""type\"":\""DECISION_OTHER_REFERENCES\"",\""text\"":\"" 50 MVR (3d) 70\""},{\""type\"":\""DECISION_OTHER_REFERENCES\"",\""text\"":\"" 9 MPLR (3d) 126\""},{\""type\"":\""DECISION_ALTERNATE_TITLE\"",\""text\"":\""Housen v. Nikolaisen\""},{\""type\"":\""DECISION_ALTERNATE_TITLE\"",\""text\"":\""Housen v. Nikolaisen et al.\""},{\""type\"":\""DECISION_DOCKET_NUMBER\"",\""text\"":\""2924\""},{\""type\"":\""JURISDICTION_NAME\"",\""text\"":\""Saskatchewan\""},{\""type\"":\""COLLECTION_NAME\"",\""text\"":\""Court of Appeal for Saskatchewan\""}]"",
    ""jurisdictionId"": ""sk"",
    ""citedCount"": 21
  }
]"
https://canlii.ca/t/1l6wn,"[
  {
    ""id"": ""2005csc-scc46"",
    ""docType"": ""DECISION"",
    ""path"": ""/en/ca/scc/doc/2005/2005scc46/2005scc46.html"",
    ""docTitle"": ""GreCon Dimter inc. v. J. R. Normand inc."",
    ""autoCompletions"": ""[{\""type\"":\""DECISION_NEUTRAL_CITATION\"",\""text\"":\""2005 SCC 46\""},{\""type\"":\""DECISION_NEUTRAL_CITATION\"",\""text\"":\""2005 CSC 46\""},{\""type\"":\""DECISION_CANLII_REFERENCE\"",\""text\"":\""2005 SCC 46 (CanLII)\""},{\""type\"":\""DECISION_CANLII_REFERENCE\"",\""text\"":\""2005 CSC 46 (CanLII)\""},{\""type\"":\""MAIN_TITLE\"",\""text\"":\""GreCon Dimter inc. v. J. R. Normand inc.\""},{\""type\"":\""DECISION_OFFICIAL_REPORT_REFERENCE\"",\""text\"":\""[2005] 2 SCR 401\""},{\""type\"":\""DECISION_OFFICIAL_REPORT_REFERENCE\"",\""text\"":\""[2005] 2 RCS 401\""},{\""type\"":\""DECISION_OTHER_REFERENCES\"",\""text\"":\"" REJB 2005-93019\""},{\""type\"":\""DECISION_OTHER_REFERENCES\"",\""text\"":\""255 DLR (4th) 257\""},{\""type\"":\""DECISION_OTHER_REFERENCES\"",\""text\"":\"" 336 NR 347\""},{\""type\"":\""DECISION_OTHER_REFERENCES\"",\""text\"":\"" 141 ACWS (3d) 47\""},{\""type\"":\""DECISION_OTHER_REFERENCES\"",\""text\"":\"" AZ-50324582\""},{\""type\"":\""DECISION_OTHER_REFERENCES\"",\""text\"":\"" [2005] CarswellQue 5110\""},{\""type\"":\""DECISION_OTHER_REFERENCES\"",\""text\"":\"" [2005] CarswellSask 268\""},{\""type\"":\""DECISION_OTHER_REFERENCES\"",\""text\"":\"" EYB 2005-93019\""},{\""type\"":\""DECISION_OTHER_REFERENCES\"",\""text\"":\"" JE 2005-1369\""},{\""type\"":\""DECISION_OTHER_REFERENCES\"",\""text\"":\"" [2005] SCJ No 46 (QL)\""},{\""type\"":\""DECISION_ALTERNATE_TITLE\"",\""text\"":\""GreCon Dimter Inc. v. J.R. Normand Inc.\""},{\""type\"":\""DECISION_ALTERNATE_TITLE\"",\""text\"":\""GreCon Dimter inc. c. J.R. Normand inc.\""},{\""type\"":\""DECISION_DOCKET_NUMBER\"",\""text\"":\""30217\""},{\""type\"":\""JURISDICTION_NAME\"",\""text\"":\""Canada (Federal)\""},{\""type\"":\""COLLECTION_NAME\"",\""text\"":\""Supreme Court of Canada\""}]"",
    ""jurisdictionId"": ""ca"",
    ""citedCount"": 342
  }
]"
https://canlii.ca/t/1l868,"[
  {
    ""id"": ""2000skqb40"",
    ""docType"": ""DECISION"",
    ""path"": ""/en/sk/skqb/doc/2000/2000skqb40/2000skqb40.html"",
    ""docTitle"": ""Rosen v. Saskatoon District Health Board"",
    ""autoCompletions"": ""[{\""type\"":\""DECISION_NEUTRAL_CITATION\"",\""text\"":\""2000 SKQB 40\""},{\""type\"":\""DECISION_CANLII_REFERENCE\"",\""text\"":\""2000 SKQB 40 (CanLII)\""},{\""type\"":\""MAIN_TITLE\"",\""text\"":\""Rosen v. Saskatoon District Health Board\""},{\""type\"":\""DECISION_OTHER_REFERENCES\"",\""text\"":\""[2000] 4 WWR 606\""},{\""type\"":\""DECISION_OTHER_REFERENCES\"",\""text\"":\"" 190 Sask R 161\""},{\""type\"":\""DECISION_OTHER_REFERENCES\"",\""text\"":\"" 21 Admin LR (3d) 102\""},{\""type\"":\""DECISION_DOCKET_NUMBER\"",\""text\"":\""QBG 2799/99 JCS\""},{\""type\"":\""JURISDICTION_NAME\"",\""text\"":\""Saskatchewan\""},{\""type\"":\""COLLECTION_NAME\"",\""text\"":\""Court of King's Bench for Saskatchewan\""},{\""type\"":\""TRIBUNAL_NAME\"",\""text\"":\""Court of Queen’s Bench for Saskatchewan\""}]"",
    ""jurisdictionId"": ""sk"",
    ""citedCount"": 11
  }
]"
https://canlii.ca/t/1lfww,"[
  {
    ""id"": ""2001qccs18354"",
    ""docType"": ""DECISION"",
    ""path"": ""/fr/qc/qccs/doc/2001/2001canlii25493/2001canlii25493.html"",
    ""docTitle"": ""Société Nationale d'assurance inc./Les Clairvoyants, compagnie d'assurance générale c. Gaz Métropolitain inc."",
    ""autoCompletions"": ""[{\""type\"":\""DECISION_CANLII_REFERENCE\"",\""text\"":\""2001 CanLII 25493 (QC CS)\""},{\""type\"":\""MAIN_TITLE\"",\""text\"":\""Société Nationale d'assurance inc./Les Clairvoyants, compagnie d'assurance générale c. Gaz Métropolitain inc.\""},{\""type\"":\""DECISION_OTHER_REFERENCES\"",\""text\"":\"" REJB 2001-25400\""},{\""type\"":\""DECISION_OTHER_REFERENCES\"",\""text\"":\""[2001] RRA 757\""},{\""type\"":\""DECISION_OTHER_REFERENCES\"",\""text\"":\"" EYB 2001-25400\""},{\""type\"":\""DECISION_DOCKET_NUMBER\"",\""text\"":\"" 500-05-031776-972\""},{\""type\"":\""DECISION_DOCKET_NUMBER\"",\""text\"":\""500-05-008104-950\""},{\""type\"":\""JURISDICTION_NAME\"",\""text\"":\""Québec\""},{\""type\"":\""COLLECTION_NAME\"",\""text\"":\""Cour supérieure\""}]"",
    ""jurisdictionId"": ""qc"",
    ""citedCount"": 2
  }
]"
https://canlii.ca/t/1lgqq,"[
  {
    ""id"": ""2005nbqb270"",
    ""docType"": ""DECISION"",
    ""path"": ""/en/nb/nbqb/doc/2005/2005nbqb270/2005nbqb270.html"",
    ""docTitle"": ""New Brunswick v. Dunsmuir"",
    ""autoCompletions"": ""[{\""type\"":\""DECISION_NEUTRAL_CITATION\"",\""text\"":\""2005 NBQB 270\""},{\""type\"":\""DECISION_NEUTRAL_CITATION\"",\""text\"":\""2005 NBBR 270\""},{\""type\"":\""DECISION_CANLII_REFERENCE\"",\""text\"":\""2005 NBQB 270 (CanLII)\""},{\""type\"":\""DECISION_CANLII_REFERENCE\"",\""text\"":\""2005 NBBR 270 (CanLII)\""},{\""type\"":\""MAIN_TITLE\"",\""text\"":\""New Brunswick v. Dunsmuir\""},{\""type\"":\""DECISION_OTHER_REFERENCES\"",\""text\"":\""293 NBR (2d) 5\""},{\""type\"":\""DECISION_OTHER_REFERENCES\"",\""text\"":\"" 762 APR 5\""},{\""type\"":\""DECISION_OTHER_REFERENCES\"",\""text\"":\"" 43 CCEL (3d) 205\""},{\""type\"":\""DECISION_OTHER_REFERENCES\"",\""text\"":\"" [2005] CarswellNB 444\""},{\""type\"":\""DECISION_OTHER_REFERENCES\"",\""text\"":\"" [2005] NBJ No 327 (QL)\""},{\""type\"":\""DECISION_OTHER_REFERENCES\"",\""text\"":\""293 RNB (2d) 5\""},{\""type\"":\""DECISION_OTHER_REFERENCES\"",\""text\"":\"" 43 RCDT (3d) 205\""},{\""type\"":\""DECISION_OTHER_REFERENCES\"",\""text\"":\"" [2005] ANB No 327 (QL)\""},{\""type\"":\""DECISION_ALTERNATE_TITLE\"",\""text\"":\""New Brunswick (Board of Management) v. Dunsmuir)\""},{\""type\"":\""DECISION_ALTERNATE_TITLE\"",\""text\"":\""New Brunswick (Board of Management) v. Dunsmuir\""},{\""type\"":\""DECISION_ALTERNATE_TITLE\"",\""text\"":\""Nouveau-Brunswick (Conseil de gestion) c. Dunsmuir\""},{\""type\"":\""DECISION_DOCKET_NUMBER\"",\""text\"":\""F/M/17/05\""},{\""type\"":\""JURISDICTION_NAME\"",\""text\"":\""New Brunswick\""},{\""type\"":\""COLLECTION_NAME\"",\""text\"":\""Court of King's Bench of New Brunswick\""},{\""type\"":\""TRIBUNAL_NAME\"",\""text\"":\""Court of Queen’s Bench of New Brunswick\""}]"",
    ""jurisdictionId"": ""nb"",
    ""citedCount"": 4
  }
]"
https://canlii.ca/t/1lpbb,"[
  {
    ""id"": ""1981csc-scc10006"",
    ""docType"": ""DECISION"",
    ""path"": ""/en/ca/scc/doc/1981/1981canlii15/1981canlii15.html"",
    ""docTitle"": ""Consolboard Inc. v. MacMillan Bloedel (Sask.) Ltd."",
    ""autoCompletions"": ""[{\""type\"":\""DECISION_CANLII_REFERENCE\"",\""text\"":\""1981 CanLII 15 (SCC)\""},{\""type\"":\""DECISION_CANLII_REFERENCE\"",\""text\"":\""1981 CanLII 15 (CSC)\""},{\""type\"":\""MAIN_TITLE\"",\""text\"":\""Consolboard Inc. v. MacMillan Bloedel (Sask.) Ltd.\""},{\""type\"":\""DECISION_OFFICIAL_REPORT_REFERENCE\"",\""text\"":\""[1981] 1 SCR 504\""},{\""type\"":\""DECISION_OFFICIAL_REPORT_REFERENCE\"",\""text\"":\""[1981] 1 RCS 504\""},{\""type\"":\""DECISION_OTHER_REFERENCES\"",\""text\"":\""122 DLR (3d) 203\""},{\""type\"":\""DECISION_OTHER_REFERENCES\"",\""text\"":\"" 35 NR 390\""},{\""type\"":\""DECISION_OTHER_REFERENCES\"",\""text\"":\"" 56 CPR (2d) 145\""},{\""type\"":\""DECISION_ALTERNATE_TITLE\"",\""text\"":\""Consolboard Inc. v. MacMillan Bloedel (Saskatchewan) Ltd.\""},{\""type\"":\""DECISION_ALTERNATE_TITLE\"",\""text\"":\""Consolboard Inc. c. MacMillan Bloedel (Sask.) Ltd.\""},{\""type\"":\""JURISDICTION_NAME\"",\""text\"":\""Canada (Federal)\""},{\""type\"":\""COLLECTION_NAME\"",\""text\"":\""Supreme Court of Canada\""}]"",
    ""jurisdictionId"": ""ca"",
    ""citedCount"": 386
  }
]"
https://canlii.ca/t/1lpbq,"[
  {
    ""id"": ""1982csc-scc10004"",
    ""docType"": ""DECISION"",
    ""path"": ""/en/ca/scc/doc/1982/1982canlii15/1982canlii15.html"",
    ""docTitle"": ""Ontario Human Rights Commission v. Etobicoke"",
    ""autoCompletions"": ""[{\""type\"":\""DECISION_CANLII_REFERENCE\"",\""text\"":\""1982 CanLII 15 (SCC)\""},{\""type\"":\""DECISION_CANLII_REFERENCE\"",\""text\"":\""1982 CanLII 15 (CSC)\""},{\""type\"":\""MAIN_TITLE\"",\""text\"":\""Ontario Human Rights Commission v. Etobicoke\""},{\""type\"":\""DECISION_OFFICIAL_REPORT_REFERENCE\"",\""text\"":\""[1982] 1 SCR 202\""},{\""type\"":\""DECISION_OFFICIAL_REPORT_REFERENCE\"",\""text\"":\""[1982] 1 RCS 202\""},{\""type\"":\""DECISION_OTHER_REFERENCES\"",\""text\"":\""132 DLR (3d) 14\""},{\""type\"":\""DECISION_OTHER_REFERENCES\"",\""text\"":\"" 40 NR 159\""},{\""type\"":\""DECISION_OTHER_REFERENCES\"",\""text\"":\"" 13 ACWS (2d) 1\""},{\""type\"":\""DECISION_OTHER_REFERENCES\"",\""text\"":\"" 3 CHRR 781\""},{\""type\"":\""DECISION_OTHER_REFERENCES\"",\""text\"":\"" [1982] CarswellOnt 730\""},{\""type\"":\""DECISION_OTHER_REFERENCES\"",\""text\"":\"" JE 82-193\""},{\""type\"":\""DECISION_OTHER_REFERENCES\"",\""text\"":\"" [1982] SCJ No 2 (QL)\""},{\""type\"":\""DECISION_ALTERNATE_TITLE\"",\""text\"":\""Ontario (Human Rights Commission) v. Etobicoke (Borough)\""},{\""type\"":\""DECISION_ALTERNATE_TITLE\"",\""text\"":\""Commission ontarienne des droits de la personne c. Etobicoke\""},{\""type\"":\""DECISION_DOCKET_NUMBER\"",\""text\"":\""16269\""},{\""type\"":\""JURISDICTION_NAME\"",\""text\"":\""Canada (Federal)\""},{\""type\"":\""COLLECTION_NAME\"",\""text\"":\""Supreme Court of Canada\""}]"",
    ""jurisdictionId"": ""ca"",
    ""citedCount"": 975
  }
]"
https://canlii.ca/t/1lpc2,"[
  {
    ""id"": ""1982csc-scc10009"",
    ""docType"": ""DECISION"",
    ""path"": ""/en/ca/scc/doc/1982/1982canlii20/1982canlii20.html"",
    ""docTitle"": ""Vetrovec v. The Queen"",
    ""autoCompletions"": ""[{\""type\"":\""DECISION_CANLII_REFERENCE\"",\""text\"":\""1982 CanLII 20 (SCC)\""},{\""type\"":\""DECISION_CANLII_REFERENCE\"",\""text\"":\""1982 CanLII 20 (CSC)\""},{\""type\"":\""MAIN_TITLE\"",\""text\"":\""Vetrovec v. The Queen\""},{\""type\"":\""DECISION_OFFICIAL_REPORT_REFERENCE\"",\""text\"":\""[1982] 1 SCR 811\""},{\""type\"":\""DECISION_OFFICIAL_REPORT_REFERENCE\"",\""text\"":\""[1982] 1 RCS 811\""},{\""type\"":\""DECISION_OTHER_REFERENCES\"",\""text\"":\""136 DLR (3d) 89\""},{\""type\"":\""DECISION_OTHER_REFERENCES\"",\""text\"":\"" 41 NR 606\""},{\""type\"":\""DECISION_OTHER_REFERENCES\"",\""text\"":\"" [1983] 1 WWR 193\""},{\""type\"":\""DECISION_OTHER_REFERENCES\"",\""text\"":\"" AZ-82111054\""},{\""type\"":\""DECISION_OTHER_REFERENCES\"",\""text\"":\"" 27 CR (3d) 304\""},{\""type\"":\""DECISION_OTHER_REFERENCES\"",\""text\"":\"" 67 CCC (2d) 1\""},{\""type\"":\""DECISION_OTHER_REFERENCES\"",\""text\"":\"" 7 WCB 477\""},{\""type\"":\""DECISION_OTHER_REFERENCES\"",\""text\"":\"" [1982] CarswellBC 663\""},{\""type\"":\""DECISION_OTHER_REFERENCES\"",\""text\"":\"" JE 82-563\""},{\""type\"":\""DECISION_OTHER_REFERENCES\"",\""text\"":\"" [1982] SCJ No 40 (QL)\""},{\""type\"":\""DECISION_OTHER_REFERENCES\"",\""text\"":\"" [1982] ACS no 40\""},{\""type\"":\""DECISION_ALTERNATE_TITLE\"",\""text\"":\""R. v. Vetrovec\""},{\""type\"":\""DECISION_ALTERNATE_TITLE\"",\""text\"":\""Vetrovec c. La Reine\""},{\""type\"":\""DECISION_DOCKET_NUMBER\"",\""text\"":\"" 16348\""},{\""type\"":\""DECISION_DOCKET_NUMBER\"",\""text\"":\""16349\""},{\""type\"":\""JURISDICTION_NAME\"",\""text\"":\""Canada (Federal)\""},{\""type\"":\""COLLECTION_NAME\"",\""text\"":\""Supreme Court of Canada\""}]"",
    ""jurisdictionId"": ""ca"",
    ""citedCount"": 1400
  }
]"
https://canlii.ca/t/1lpcj,"[
  {
    ""id"": ""1982csc-scc10016"",
    ""docType"": ""DECISION"",
    ""path"": ""/en/ca/scc/doc/1982/1982canlii27/1982canlii27.html"",
    ""docTitle"": ""Insurance Corporation of British Columbia v. Heerspink"",
    ""autoCompletions"": ""[{\""type\"":\""DECISION_CANLII_REFERENCE\"",\""text\"":\""1982 CanLII 27 (SCC)\""},{\""type\"":\""DECISION_CANLII_REFERENCE\"",\""text\"":\""1982 CanLII 27 (CSC)\""},{\""type\"":\""MAIN_TITLE\"",\""text\"":\""Insurance Corporation of British Columbia v. Heerspink\""},{\""type\"":\""DECISION_OFFICIAL_REPORT_REFERENCE\"",\""text\"":\""[1982] 2 SCR 145\""},{\""type\"":\""DECISION_OFFICIAL_REPORT_REFERENCE\"",\""text\"":\""[1982] 2 RCS 145\""},{\""type\"":\""DECISION_OTHER_REFERENCES\"",\""text\"":\""137 DLR (3d) 219\""},{\""type\"":\""DECISION_OTHER_REFERENCES\"",\""text\"":\"" 43 NR 168\""},{\""type\"":\""DECISION_OTHER_REFERENCES\"",\""text\"":\"" [1983] 1 WWR 137\""},{\""type\"":\""DECISION_OTHER_REFERENCES\"",\""text\"":\"" 39 BCLR 145\""},{\""type\"":\""DECISION_OTHER_REFERENCES\"",\""text\"":\"" 3 CHRR 1163\""},{\""type\"":\""DECISION_OTHER_REFERENCES\"",\""text\"":\"" [1982] SCJ No 65 (QL)\""},{\""type\"":\""DECISION_OTHER_REFERENCES\"",\""text\"":\"" [1982] ACS no 65\""},{\""type\"":\""DECISION_OTHER_REFERENCES\"",\""text\"":\"" [1982] ILR 1555\""},{\""type\"":\""DECISION_ALTERNATE_TITLE\"",\""text\"":\""Insurance Corp. of B.C. v. Heerspink\""},{\""type\"":\""DECISION_ALTERNATE_TITLE\"",\""text\"":\""Insurance Corporation of British Columbia c. Heerspink\""},{\""type\"":\""DECISION_DOCKET_NUMBER\"",\""text\"":\""16525\""},{\""type\"":\""JURISDICTION_NAME\"",\""text\"":\""Canada (Federal)\""},{\""type\"":\""COLLECTION_NAME\"",\""text\"":\""Supreme Court of Canada\""}]"",
    ""jurisdictionId"": ""ca"",
    ""citedCount"": 524
  }
]"
https://canlii.ca/t/1lpfd,"[
  {
    ""id"": ""1984csc-scc10005"",
    ""docType"": ""DECISION"",
    ""path"": ""/en/ca/scc/doc/1984/1984canlii21/1984canlii21.html"",
    ""docTitle"": ""Kamloops v. Nielsen"",
    ""autoCompletions"": ""[{\""type\"":\""DECISION_CANLII_REFERENCE\"",\""text\"":\""1984 CanLII 21 (SCC)\""},{\""type\"":\""DECISION_CANLII_REFERENCE\"",\""text\"":\""1984 CanLII 21 (CSC)\""},{\""type\"":\""MAIN_TITLE\"",\""text\"":\""Kamloops v. Nielsen\""},{\""type\"":\""DECISION_OFFICIAL_REPORT_REFERENCE\"",\""text\"":\""[1984] 2 SCR 2\""},{\""type\"":\""DECISION_OFFICIAL_REPORT_REFERENCE\"",\""text\"":\""[1984] 2 RCS 2\""},{\""type\"":\""DECISION_OTHER_REFERENCES\"",\""text\"":\""10 DLR (4th) 641\""},{\""type\"":\""DECISION_OTHER_REFERENCES\"",\""text\"":\"" 54 NR 1\""},{\""type\"":\""DECISION_OTHER_REFERENCES\"",\""text\"":\"" 26 ACWS (2d) 453\""},{\""type\"":\""DECISION_OTHER_REFERENCES\"",\""text\"":\"" [1984] 5 WWR 1\""},{\""type\"":\""DECISION_OTHER_REFERENCES\"",\""text\"":\"" AZ-84111034\""},{\""type\"":\""DECISION_OTHER_REFERENCES\"",\""text\"":\"" 66 BCLR 273\""},{\""type\"":\""DECISION_OTHER_REFERENCES\"",\""text\"":\"" 11 Admin LR 1\""},{\""type\"":\""DECISION_OTHER_REFERENCES\"",\""text\"":\"" 29 CCLT 97\""},{\""type\"":\""DECISION_OTHER_REFERENCES\"",\""text\"":\"" [1984] CarswellBC 476\""},{\""type\"":\""DECISION_OTHER_REFERENCES\"",\""text\"":\"" [1984] CarswellOnt 476\""},{\""type\"":\""DECISION_OTHER_REFERENCES\"",\""text\"":\"" JE 84-603\""},{\""type\"":\""DECISION_OTHER_REFERENCES\"",\""text\"":\"" [1984] SCJ No 29 (QL)\""},{\""type\"":\""DECISION_OTHER_REFERENCES\"",\""text\"":\"" [1984] ACS no 29\""},{\""type\"":\""DECISION_OTHER_REFERENCES\"",\""text\"":\"" 26 MPLR 81\""},{\""type\"":\""DECISION_OTHER_REFERENCES\"",\""text\"":\"" 8 CLR 1\""},{\""type\"":\""DECISION_ALTERNATE_TITLE\"",\""text\"":\""Kamloops (City) v. Nielsen\""},{\""type\"":\""DECISION_ALTERNATE_TITLE\"",\""text\"":\""City of Kamloops v. Nielsen\""},{\""type\"":\""DECISION_ALTERNATE_TITLE\"",\""text\"":\""Kamloops c. Nielsen\""},{\""type\"":\""DECISION_DOCKET_NUMBER\"",\""text\"":\""16896\""},{\""type\"":\""JURISDICTION_NAME\"",\""text\"":\""Canada (Federal)\""},{\""type\"":\""COLLECTION_NAME\"",\""text\"":\""Supreme Court of Canada\""}]"",
    ""jurisdictionId"": ""ca"",
    ""citedCount"": 1478
  }
]"
https://canlii.ca/t/1lpk5,"[
  {
    ""id"": ""2005csc-scc51"",
    ""docType"": ""DECISION"",
    ""path"": ""/en/ca/scc/doc/2005/2005scc51/2005scc51.html"",
    ""docTitle"": ""Medovarski v. Canada (Minister of Citizenship and Immigration); Esteban v. Canada (Minister of Citizenship and Immigration)"",
    ""autoCompletions"": ""[{\""type\"":\""DECISION_NEUTRAL_CITATION\"",\""text\"":\""2005 SCC 51\""},{\""type\"":\""DECISION_NEUTRAL_CITATION\"",\""text\"":\""2005 CSC 51\""},{\""type\"":\""DECISION_CANLII_REFERENCE\"",\""text\"":\""2005 SCC 51 (CanLII)\""},{\""type\"":\""DECISION_CANLII_REFERENCE\"",\""text\"":\""2005 CSC 51 (CanLII)\""},{\""type\"":\""MAIN_TITLE\"",\""text\"":\""Medovarski v. Canada (Minister of Citizenship and Immigration); Esteban v. Canada (Minister of Citizenship and Immigration)\""},{\""type\"":\""DECISION_OFFICIAL_REPORT_REFERENCE\"",\""text\"":\""[2005] 2 SCR 539\""},{\""type\"":\""DECISION_OFFICIAL_REPORT_REFERENCE\"",\""text\"":\""[2005] 2 RCS 539\""},{\""type\"":\""DECISION_OTHER_REFERENCES\"",\""text\"":\"" REJB 2005-95306\""},{\""type\"":\""DECISION_OTHER_REFERENCES\"",\""text\"":\""258 DLR (4th) 193\""},{\""type\"":\""DECISION_OTHER_REFERENCES\"",\""text\"":\"" 339 NR 1\""},{\""type\"":\""DECISION_OTHER_REFERENCES\"",\""text\"":\"" 142 ACWS (3d) 480\""},{\""type\"":\""DECISION_OTHER_REFERENCES\"",\""text\"":\"" 50 Imm LR (3d) 1\""},{\""type\"":\""DECISION_OTHER_REFERENCES\"",\""text\"":\"" [2005] CarswellNat 2943\""},{\""type\"":\""DECISION_OTHER_REFERENCES\"",\""text\"":\"" EYB 2005-95306\""},{\""type\"":\""DECISION_OTHER_REFERENCES\"",\""text\"":\"" [2005] SCJ No 31 (QL)\""},{\""type\"":\""DECISION_OTHER_REFERENCES\"",\""text\"":\"" [2005] ACS no 31\""},{\""type\"":\""DECISION_ALTERNATE_TITLE\"",\""text\"":\""Medovarski c. Canada (Ministre de la Citoyenneté et de l'Immigration); Esteban c. Canada (Ministre de la Citoyenneté et de l'Immigration)\""},{\""type\"":\""DECISION_DOCKET_NUMBER\"",\""text\"":\""30332\""},{\""type\"":\""DECISION_DOCKET_NUMBER\"",\""text\"":\"" 30334\""},{\""type\"":\""JURISDICTION_NAME\"",\""text\"":\""Canada (Federal)\""},{\""type\"":\""COLLECTION_NAME\"",\""text\"":\""Supreme Court of Canada\""}]"",
    ""jurisdictionId"": ""ca"",
    ""citedCount"": 750
  }
]"
https://canlii.ca/t/1lrhw,"[
  {
    ""id"": ""1992nbca10002"",
    ""docType"": ""DECISION"",
    ""path"": ""/en/nb/nbca/doc/1992/1992canlii2435/1992canlii2435.html"",
    ""docTitle"": ""Gerrard v. Sackville (Town)"",
    ""autoCompletions"": ""[{\""type\"":\""DECISION_CANLII_REFERENCE\"",\""text\"":\""1992 CanLII 2435 (NB CA)\""},{\""type\"":\""MAIN_TITLE\"",\""text\"":\""Gerrard v. Sackville (Town)\""},{\""type\"":\""DECISION_OTHER_REFERENCES\"",\""text\"":\""124 NBR (2d) 70\""},{\""type\"":\""DECISION_OTHER_REFERENCES\"",\""text\"":\"" 89 DLR (4th) 145\""},{\""type\"":\""DECISION_OTHER_REFERENCES\"",\""text\"":\"" 312 APR 70\""},{\""type\"":\""DECISION_OTHER_REFERENCES\"",\""text\"":\"" 39 CCEL 113\""},{\""type\"":\""DECISION_OTHER_REFERENCES\"",\""text\"":\"" 4 Admin LR (2d) 238\""},{\""type\"":\""DECISION_OTHER_REFERENCES\"",\""text\"":\"" [1992] NBJ No 106 (QL)\""},{\""type\"":\""DECISION_OTHER_REFERENCES\"",\""text\"":\""124 RNB (2d) 70\""},{\""type\"":\""DECISION_OTHER_REFERENCES\"",\""text\"":\"" [1992] ANB No 106 (QL)\""},{\""type\"":\""DECISION_ALTERNATE_TITLE\"",\""text\"":\""Gerrald v. Sackville (Town)\""},{\""type\"":\""DECISION_ALTERNATE_TITLE\"",\""text\"":\""Gerrald c. Sackville (Town)\""},{\""type\"":\""DECISION_DOCKET_NUMBER\"",\""text\"":\""110/91/CA\""},{\""type\"":\""JURISDICTION_NAME\"",\""text\"":\""New Brunswick\""},{\""type\"":\""COLLECTION_NAME\"",\""text\"":\""Court of Appeal of New Brunswick\""}]"",
    ""jurisdictionId"": ""nb"",
    ""citedCount"": 13
  }
]"
https://canlii.ca/t/1ls81,"[
  {
    ""id"": ""2005csc-scc54"",
    ""docType"": ""DECISION"",
    ""path"": ""/en/ca/scc/doc/2005/2005scc54/2005scc54.html"",
    ""docTitle"": ""Canada Trustco Mortgage Co. v. Canada"",
    ""autoCompletions"": ""[{\""type\"":\""DECISION_NEUTRAL_CITATION\"",\""text\"":\""2005 SCC 54\""},{\""type\"":\""DECISION_NEUTRAL_CITATION\"",\""text\"":\""2005 CSC 54\""},{\""type\"":\""DECISION_CANLII_REFERENCE\"",\""text\"":\""2005 SCC 54 (CanLII)\""},{\""type\"":\""DECISION_CANLII_REFERENCE\"",\""text\"":\""2005 CSC 54 (CanLII)\""},{\""type\"":\""MAIN_TITLE\"",\""text\"":\""Canada Trustco Mortgage Co. v. Canada\""},{\""type\"":\""DECISION_OFFICIAL_REPORT_REFERENCE\"",\""text\"":\""[2005] 2 SCR 601\""},{\""type\"":\""DECISION_OFFICIAL_REPORT_REFERENCE\"",\""text\"":\""[2005] 2 RCS 601\""},{\""type\"":\""DECISION_OTHER_REFERENCES\"",\""text\"":\"" REJB 2005-96529\""},{\""type\"":\""DECISION_OTHER_REFERENCES\"",\""text\"":\""259 DLR (4th) 193\""},{\""type\"":\""DECISION_OTHER_REFERENCES\"",\""text\"":\"" 340 NR 1\""},{\""type\"":\""DECISION_OTHER_REFERENCES\"",\""text\"":\"" AZ-50337598\""},{\""type\"":\""DECISION_OTHER_REFERENCES\"",\""text\"":\"" [2005] 5 CTC 215\""},{\""type\"":\""DECISION_OTHER_REFERENCES\"",\""text\"":\"" [2005] CarswellNat 3213\""},{\""type\"":\""DECISION_OTHER_REFERENCES\"",\""text\"":\"" EYB 2005-96529\""},{\""type\"":\""DECISION_OTHER_REFERENCES\"",\""text\"":\"" [2005] SCJ No 56 (QL)\""},{\""type\"":\""DECISION_OTHER_REFERENCES\"",\""text\"":\"" [2005] ACS no 56\""},{\""type\"":\""DECISION_OTHER_REFERENCES\"",\""text\"":\"" [2005] DTC 5523\""},{\""type\"":\""DECISION_OTHER_REFERENCES\"",\""text\"":\"" 59 DTC 5523\""},{\""type\"":\""DECISION_OTHER_REFERENCES\"",\""text\"":\"" 59 DTC 5547\""},{\""type\"":\""DECISION_ALTERNATE_TITLE\"",\""text\"":\""Canada Trustco Mortgage Co. v. R.\""},{\""type\"":\""DECISION_ALTERNATE_TITLE\"",\""text\"":\""Hypothèques Trustco Canada c. Canada\""},{\""type\"":\""DECISION_DOCKET_NUMBER\"",\""text\"":\""30290\""},{\""type\"":\""JURISDICTION_NAME\"",\""text\"":\""Canada (Federal)\""},{\""type\"":\""COLLECTION_NAME\"",\""text\"":\""Supreme Court of Canada\""}]"",
    ""jurisdictionId"": ""ca"",
    ""citedCount"": 1369
  }
]"
https://canlii.ca/t/1m1zn,"[
  {
    ""id"": ""2005csc-scc69"",
    ""docType"": ""DECISION"",
    ""path"": ""/en/ca/scc/doc/2005/2005scc69/2005scc69.html"",
    ""docTitle"": ""Mikisew Cree First Nation v. Canada (Minister of Canadian Heritage)"",
    ""autoCompletions"": ""[{\""type\"":\""DECISION_NEUTRAL_CITATION\"",\""text\"":\""2005 SCC 69\""},{\""type\"":\""DECISION_NEUTRAL_CITATION\"",\""text\"":\""2005 CSC 69\""},{\""type\"":\""DECISION_CANLII_REFERENCE\"",\""text\"":\""2005 SCC 69 (CanLII)\""},{\""type\"":\""DECISION_CANLII_REFERENCE\"",\""text\"":\""2005 CSC 69 (CanLII)\""},{\""type\"":\""MAIN_TITLE\"",\""text\"":\""Mikisew Cree First Nation v. Canada (Minister of Canadian Heritage)\""},{\""type\"":\""DECISION_OFFICIAL_REPORT_REFERENCE\"",\""text\"":\""[2005] 3 SCR 388\""},{\""type\"":\""DECISION_OFFICIAL_REPORT_REFERENCE\"",\""text\"":\""[2005] 3 RCS 388\""},{\""type\"":\""DECISION_OTHER_REFERENCES\"",\""text\"":\"" REJB 2005-97906\""},{\""type\"":\""DECISION_OTHER_REFERENCES\"",\""text\"":\""259 DLR (4th) 610\""},{\""type\"":\""DECISION_OTHER_REFERENCES\"",\""text\"":\"" 342 NR 82\""},{\""type\"":\""DECISION_OTHER_REFERENCES\"",\""text\"":\"" 143 ACWS (3d) 957\""},{\""type\"":\""DECISION_OTHER_REFERENCES\"",\""text\"":\"" [2006] 1 CNLR 78\""},{\""type\"":\""DECISION_OTHER_REFERENCES\"",\""text\"":\"" 21 CPC (6th) 205\""},{\""type\"":\""DECISION_OTHER_REFERENCES\"",\""text\"":\"" 37 Admin LR (4th) 223\""},{\""type\"":\""DECISION_OTHER_REFERENCES\"",\""text\"":\"" [2005] CarswellNat 3756\""},{\""type\"":\""DECISION_OTHER_REFERENCES\"",\""text\"":\"" EYB 2005-97906\""},{\""type\"":\""DECISION_OTHER_REFERENCES\"",\""text\"":\"" JE 2005-2156\""},{\""type\"":\""DECISION_OTHER_REFERENCES\"",\""text\"":\"" [2005] SCJ No 71 (QL)\""},{\""type\"":\""DECISION_OTHER_REFERENCES\"",\""text\"":\"" [2005] ACS no 71\""},{\""type\"":\""DECISION_ALTERNATE_TITLE\"",\""text\"":\""Première nation crie Mikisew c. Canada (Ministre du Patrimoine canadien)\""},{\""type\"":\""DECISION_DOCKET_NUMBER\"",\""text\"":\""30246\""},{\""type\"":\""JURISDICTION_NAME\"",\""text\"":\""Canada (Federal)\""},{\""type\"":\""COLLECTION_NAME\"",\""text\"":\""Supreme Court of Canada\""}]"",
    ""jurisdictionId"": ""ca"",
    ""citedCount"": 566
  }
]"
https://canlii.ca/t/1m5zx,"[
  {
    ""id"": ""2005csc-scc76"",
    ""docType"": ""DECISION"",
    ""path"": ""/en/ca/scc/doc/2005/2005scc76/2005scc76.html"",
    ""docTitle"": ""R. v. Henry"",
    ""autoCompletions"": ""[{\""type\"":\""DECISION_NEUTRAL_CITATION\"",\""text\"":\""2005 SCC 76\""},{\""type\"":\""DECISION_NEUTRAL_CITATION\"",\""text\"":\""2005 CSC 76\""},{\""type\"":\""DECISION_CANLII_REFERENCE\"",\""text\"":\""2005 SCC 76 (CanLII)\""},{\""type\"":\""DECISION_CANLII_REFERENCE\"",\""text\"":\""2005 CSC 76 (CanLII)\""},{\""type\"":\""MAIN_TITLE\"",\""text\"":\""R. v. Henry\""},{\""type\"":\""DECISION_OFFICIAL_REPORT_REFERENCE\"",\""text\"":\""[2005] 3 SCR 609\""},{\""type\"":\""DECISION_OFFICIAL_REPORT_REFERENCE\"",\""text\"":\""[2005] 3 RCS 609\""},{\""type\"":\""DECISION_OTHER_REFERENCES\"",\""text\"":\"" REJB 2005-98899\""},{\""type\"":\""DECISION_OTHER_REFERENCES\"",\""text\"":\""260 DLR (4th) 411\""},{\""type\"":\""DECISION_OTHER_REFERENCES\"",\""text\"":\"" 342 NR 259\""},{\""type\"":\""DECISION_OTHER_REFERENCES\"",\""text\"":\"" [2006] 4 WWR 605\""},{\""type\"":\""DECISION_OTHER_REFERENCES\"",\""text\"":\"" 360 WAC 1\""},{\""type\"":\""DECISION_OTHER_REFERENCES\"",\""text\"":\"" [2006] BCWLD 87\""},{\""type\"":\""DECISION_OTHER_REFERENCES\"",\""text\"":\"" 376 AR 1\""},{\""type\"":\""DECISION_OTHER_REFERENCES\"",\""text\"":\"" 49 BCLR (4th) 1\""},{\""type\"":\""DECISION_OTHER_REFERENCES\"",\""text\"":\"" 202 CCC (3d) 449\""},{\""type\"":\""DECISION_OTHER_REFERENCES\"",\""text\"":\"" 33 CR (6th) 215\""},{\""type\"":\""DECISION_OTHER_REFERENCES\"",\""text\"":\"" 219 BCAC 1\""},{\""type\"":\""DECISION_OTHER_REFERENCES\"",\""text\"":\"" 136 CRR (2d) 121\""},{\""type\"":\""DECISION_OTHER_REFERENCES\"",\""text\"":\"" 67 WCB (2d) 809\""},{\""type\"":\""DECISION_OTHER_REFERENCES\"",\""text\"":\"" [2005] CarswellBC 2972\""},{\""type\"":\""DECISION_OTHER_REFERENCES\"",\""text\"":\"" EYB 2005-98899\""},{\""type\"":\""DECISION_OTHER_REFERENCES\"",\""text\"":\"" JE 2006-62\""},{\""type\"":\""DECISION_OTHER_REFERENCES\"",\""text\"":\"" [2005] SCJ No 76 (QL)\""},{\""type\"":\""DECISION_OTHER_REFERENCES\"",\""text\"":\"" [2005] ACS no 76\""},{\""type\"":\""DECISION_ALTERNATE_TITLE\"",\""text\"":\""R. v. Henry (D.B.) et al.\""},{\""type\"":\""DECISION_ALTERNATE_TITLE\"",\""text\"":\""R. c. Henry\""},{\""type\"":\""DECISION_DOCKET_NUMBER\"",\""text\"":\""29952\""},{\""type\"":\""DECISION_DOCKET_NUMBER\"",\""text\"":\"" 29953\""},{\""type\"":\""JURISDICTION_NAME\"",\""text\"":\""Canada (Federal)\""},{\""type\"":\""COLLECTION_NAME\"",\""text\"":\""Supreme Court of Canada\""}]"",
    ""jurisdictionId"": ""ca"",
    ""citedCount"": 569
  }
]"
https://canlii.ca/t/1m7f3,"[
  {
    ""id"": ""2005csc-scc82"",
    ""docType"": ""DECISION"",
    ""path"": ""/en/ca/scc/doc/2005/2005scc82/2005scc82.html"",
    ""docTitle"": ""May v. Ferndale Institution"",
    ""autoCompletions"": ""[{\""type\"":\""DECISION_NEUTRAL_CITATION\"",\""text\"":\""2005 SCC 82\""},{\""type\"":\""DECISION_NEUTRAL_CITATION\"",\""text\"":\""2005 CSC 82\""},{\""type\"":\""DECISION_CANLII_REFERENCE\"",\""text\"":\""2005 SCC 82 (CanLII)\""},{\""type\"":\""DECISION_CANLII_REFERENCE\"",\""text\"":\""2005 CSC 82 (CanLII)\""},{\""type\"":\""MAIN_TITLE\"",\""text\"":\""May v. Ferndale Institution\""},{\""type\"":\""DECISION_OFFICIAL_REPORT_REFERENCE\"",\""text\"":\""[2005] 3 SCR 809\""},{\""type\"":\""DECISION_OFFICIAL_REPORT_REFERENCE\"",\""text\"":\""[2005] 3 RCS 809\""},{\""type\"":\""DECISION_OTHER_REFERENCES\"",\""text\"":\""261 DLR (4th) 541\""},{\""type\"":\""DECISION_OTHER_REFERENCES\"",\""text\"":\"" 343 NR 69\""},{\""type\"":\""DECISION_OTHER_REFERENCES\"",\""text\"":\"" [2006] 5 WWR 65\""},{\""type\"":\""DECISION_OTHER_REFERENCES\"",\""text\"":\"" 49 BCLR (4th) 199\""},{\""type\"":\""DECISION_OTHER_REFERENCES\"",\""text\"":\"" 204 CCC (3d) 1\""},{\""type\"":\""DECISION_OTHER_REFERENCES\"",\""text\"":\"" 34 CR (6th) 228\""},{\""type\"":\""DECISION_OTHER_REFERENCES\"",\""text\"":\"" 220 BCAC 1\""},{\""type\"":\""DECISION_OTHER_REFERENCES\"",\""text\"":\"" 136 CRR (2d) 146\""},{\""type\"":\""DECISION_OTHER_REFERENCES\"",\""text\"":\"" 38 Admin LR (4th) 1\""},{\""type\"":\""DECISION_OTHER_REFERENCES\"",\""text\"":\"" 68 WCB (2d) 59\""},{\""type\"":\""DECISION_OTHER_REFERENCES\"",\""text\"":\"" JE 2006-103\""},{\""type\"":\""DECISION_OTHER_REFERENCES\"",\""text\"":\"" [2005] SCJ No 84 (QL)\""},{\""type\"":\""DECISION_ALTERNATE_TITLE\"",\""text\"":\""May c. Établissement Ferndale\""},{\""type\"":\""DECISION_DOCKET_NUMBER\"",\""text\"":\""30083\""},{\""type\"":\""JURISDICTION_NAME\"",\""text\"":\""Canada (Federal)\""},{\""type\"":\""COLLECTION_NAME\"",\""text\"":\""Supreme Court of Canada\""}]"",
    ""jurisdictionId"": ""ca"",
    ""citedCount"": 799
  }
]"
https://canlii.ca/t/1mbrx,"[
  {
    ""id"": ""2005nbca115"",
    ""docType"": ""DECISION"",
    ""path"": ""/en/nb/nbca/doc/2005/2005nbca115/2005nbca115.html"",
    ""docTitle"": ""LeBlanc v. Boisvert"",
    ""autoCompletions"": ""[{\""type\"":\""DECISION_NEUTRAL_CITATION\"",\""text\"":\""2005 NBCA 115\""},{\""type\"":\""DECISION_CANLII_REFERENCE\"",\""text\"":\""2005 NBCA 115 (CanLII)\""},{\""type\"":\""MAIN_TITLE\"",\""text\"":\""LeBlanc v. Boisvert\""},{\""type\"":\""DECISION_OTHER_REFERENCES\"",\""text\"":\""294 NBR (2d) 325\""},{\""type\"":\""DECISION_OTHER_REFERENCES\"",\""text\"":\"" 765 APR 325\""},{\""type\"":\""DECISION_OTHER_REFERENCES\"",\""text\"":\"" [2005] NBJ No 561 (QL)\""},{\""type\"":\""DECISION_OTHER_REFERENCES\"",\""text\"":\""294 RNB (2d) 325\""},{\""type\"":\""DECISION_OTHER_REFERENCES\"",\""text\"":\"" [2005] ANB No 561 (QL)\""},{\""type\"":\""DECISION_ALTERNATE_TITLE\"",\""text\"":\""Boisvert v. LeBlanc\""},{\""type\"":\""DECISION_ALTERNATE_TITLE\"",\""text\"":\""LeBlanc c. Boisvert\""},{\""type\"":\""DECISION_DOCKET_NUMBER\"",\""text\"":\""14/05/CA\""},{\""type\"":\""JURISDICTION_NAME\"",\""text\"":\""New Brunswick\""},{\""type\"":\""COLLECTION_NAME\"",\""text\"":\""Court of Appeal of New Brunswick\""}]"",
    ""jurisdictionId"": ""nb"",
    ""citedCount"": 69
  }
]"
https://canlii.ca/t/1mjlf,"[
  {
    ""id"": ""1981csc-scc10016"",
    ""docType"": ""DECISION"",
    ""path"": ""/en/ca/scc/doc/1981/1981canlii26/1981canlii26.html"",
    ""docTitle"": ""Jaegli Enterprises v. Taylor"",
    ""autoCompletions"": ""[{\""type\"":\""DECISION_CANLII_REFERENCE\"",\""text\"":\""1981 CanLII 26 (SCC)\""},{\""type\"":\""DECISION_CANLII_REFERENCE\"",\""text\"":\""1981 CanLII 26 (CSC)\""},{\""type\"":\""MAIN_TITLE\"",\""text\"":\""Jaegli Enterprises v. Taylor\""},{\""type\"":\""DECISION_OFFICIAL_REPORT_REFERENCE\"",\""text\"":\""[1981] 2 SCR 2\""},{\""type\"":\""DECISION_OFFICIAL_REPORT_REFERENCE\"",\""text\"":\""[1981] 2 RCS 2\""},{\""type\"":\""DECISION_OTHER_REFERENCES\"",\""text\"":\""124 DLR (3d) 415\""},{\""type\"":\""DECISION_OTHER_REFERENCES\"",\""text\"":\"" 40 NR 4\""},{\""type\"":\""DECISION_ALTERNATE_TITLE\"",\""text\"":\""Jaegli Enterprises Ltd. v. Ankenman\""},{\""type\"":\""DECISION_ALTERNATE_TITLE\"",\""text\"":\""Jaegli Enterprises c. Taylor\""},{\""type\"":\""JURISDICTION_NAME\"",\""text\"":\""Canada (Federal)\""},{\""type\"":\""COLLECTION_NAME\"",\""text\"":\""Supreme Court of Canada\""}]"",
    ""jurisdictionId"": ""ca"",
    ""citedCount"": 241
  }
]"
https://canlii.ca/t/1mjln,"[
  {
    ""id"": ""1981csc-scc10019"",
    ""docType"": ""DECISION"",
    ""path"": ""/en/ca/scc/doc/1981/1981canlii29/1981canlii29.html"",
    ""docTitle"": ""Seneca College v. Bhadauria"",
    ""autoCompletions"": ""[{\""type\"":\""DECISION_CANLII_REFERENCE\"",\""text\"":\""1981 CanLII 29 (SCC)\""},{\""type\"":\""DECISION_CANLII_REFERENCE\"",\""text\"":\""1981 CanLII 29 (CSC)\""},{\""type\"":\""MAIN_TITLE\"",\""text\"":\""Seneca College v. Bhadauria\""},{\""type\"":\""DECISION_OFFICIAL_REPORT_REFERENCE\"",\""text\"":\""[1981] 2 SCR 181\""},{\""type\"":\""DECISION_OFFICIAL_REPORT_REFERENCE\"",\""text\"":\""[1981] 2 RCS 181\""},{\""type\"":\""DECISION_OTHER_REFERENCES\"",\""text\"":\""124 DLR (3d) 193\""},{\""type\"":\""DECISION_OTHER_REFERENCES\"",\""text\"":\"" 37 NR 455\""},{\""type\"":\""DECISION_OTHER_REFERENCES\"",\""text\"":\"" 14 BLR 157\""},{\""type\"":\""DECISION_OTHER_REFERENCES\"",\""text\"":\"" 17 CCLT 106\""},{\""type\"":\""DECISION_OTHER_REFERENCES\"",\""text\"":\"" 22 CPC 130\""},{\""type\"":\""DECISION_OTHER_REFERENCES\"",\""text\"":\"" 2 CHRR 468\""},{\""type\"":\""DECISION_OTHER_REFERENCES\"",\""text\"":\"" [1981] SCJ No 76 (QL)\""},{\""type\"":\""DECISION_OTHER_REFERENCES\"",\""text\"":\"" [1981] ACS no 76\""},{\""type\"":\""DECISION_ALTERNATE_TITLE\"",\""text\"":\""Seneca College of Applied Arts and Technology v. Bhadauria\""},{\""type\"":\""DECISION_ALTERNATE_TITLE\"",\""text\"":\""Seneca College c. Bhadauria\""},{\""type\"":\""JURISDICTION_NAME\"",\""text\"":\""Canada (Federal)\""},{\""type\"":\""COLLECTION_NAME\"",\""text\"":\""Supreme Court of Canada\""}]"",
    ""jurisdictionId"": ""ca"",
    ""citedCount"": 570
  }
]"
https://canlii.ca/t/1mjlq,"[
  {
    ""id"": ""1981csc-scc10020"",
    ""docType"": ""DECISION"",
    ""path"": ""/en/ca/scc/doc/1981/1981canlii30/1981canlii30.html"",
    ""docTitle"": ""Crevier v. A.G. (Québec) et al."",
    ""autoCompletions"": ""[{\""type\"":\""DECISION_CANLII_REFERENCE\"",\""text\"":\""1981 CanLII 30 (SCC)\""},{\""type\"":\""DECISION_CANLII_REFERENCE\"",\""text\"":\""1981 CanLII 30 (CSC)\""},{\""type\"":\""MAIN_TITLE\"",\""text\"":\""Crevier v. A.G. (Québec) et al.\""},{\""type\"":\""DECISION_OFFICIAL_REPORT_REFERENCE\"",\""text\"":\""[1981] 2 SCR 220\""},{\""type\"":\""DECISION_OFFICIAL_REPORT_REFERENCE\"",\""text\"":\""[1981] 2 RCS 220\""},{\""type\"":\""DECISION_OTHER_REFERENCES\"",\""text\"":\""127 DLR (3d) 1\""},{\""type\"":\""DECISION_OTHER_REFERENCES\"",\""text\"":\"" 38 NR 541\""},{\""type\"":\""DECISION_OTHER_REFERENCES\"",\""text\"":\"" 11 ACWS (2d) 165\""},{\""type\"":\""DECISION_OTHER_REFERENCES\"",\""text\"":\"" [1981] CarswellQue 109\""},{\""type\"":\""DECISION_OTHER_REFERENCES\"",\""text\"":\"" [1981] SCJ No 80 (QL)\""},{\""type\"":\""DECISION_OTHER_REFERENCES\"",\""text\"":\"" [1981] ACS no 80\""},{\""type\"":\""DECISION_ALTERNATE_TITLE\"",\""text\"":\""Crevier v. Quebec (Attorney General)\""},{\""type\"":\""DECISION_ALTERNATE_TITLE\"",\""text\"":\""Crevier c. P.G. (Québec) et autres\""},{\""type\"":\""JURISDICTION_NAME\"",\""text\"":\""Canada (Federal)\""},{\""type\"":\""COLLECTION_NAME\"",\""text\"":\""Supreme Court of Canada\""}]"",
    ""jurisdictionId"": ""ca"",
    ""citedCount"": 658
  }
]"
https://canlii.ca/t/1mjtb,"[
  {
    ""id"": ""1979csc-scc10001"",
    ""docType"": ""DECISION"",
    ""path"": ""/en/ca/scc/doc/1979/1979canlii3/1979canlii3.html"",
    ""docTitle"": ""Northern Telecom v. Communications Workers"",
    ""autoCompletions"": ""[{\""type\"":\""DECISION_CANLII_REFERENCE\"",\""text\"":\""1979 CanLII 3 (SCC)\""},{\""type\"":\""DECISION_CANLII_REFERENCE\"",\""text\"":\""1979 CanLII 3 (CSC)\""},{\""type\"":\""MAIN_TITLE\"",\""text\"":\""Northern Telecom v. Communications Workers\""},{\""type\"":\""DECISION_OFFICIAL_REPORT_REFERENCE\"",\""text\"":\""[1980] 1 SCR 115\""},{\""type\"":\""DECISION_OFFICIAL_REPORT_REFERENCE\"",\""text\"":\""[1980] 1 RCS 115\""},{\""type\"":\""DECISION_OTHER_REFERENCES\"",\""text\"":\""[1979] 1 SCR 115\""},{\""type\"":\""DECISION_OTHER_REFERENCES\"",\""text\"":\"" 28 NR 107\""},{\""type\"":\""DECISION_OTHER_REFERENCES\"",\""text\"":\"" 98 DLR (3d) 1\""},{\""type\"":\""DECISION_OTHER_REFERENCES\"",\""text\"":\"" AZ-80113023\""},{\""type\"":\""DECISION_OTHER_REFERENCES\"",\""text\"":\"" 5 CR (3d) 115\""},{\""type\"":\""DECISION_OTHER_REFERENCES\"",\""text\"":\"" [1979] CarswellNat 639\""},{\""type\"":\""DECISION_OTHER_REFERENCES\"",\""text\"":\"" [1979] SCJ No 98 (QL)\""},{\""type\"":\""DECISION_OTHER_REFERENCES\"",\""text\"":\""[1979] 1 RCS 115\""},{\""type\"":\""DECISION_ALTERNATE_TITLE\"",\""text\"":\""Northern Telecom Ltd. v. Communications Workers of Canada\""},{\""type\"":\""DECISION_ALTERNATE_TITLE\"",\""text\"":\""Northern Telecom c. Travailleurs en communication\""},{\""type\"":\""JURISDICTION_NAME\"",\""text\"":\""Canada (Federal)\""},{\""type\"":\""COLLECTION_NAME\"",\""text\"":\""Supreme Court of Canada\""}]"",
    ""jurisdictionId"": ""ca"",
    ""citedCount"": 506
  }
]"
https://canlii.ca/t/1mjtd,"[
  {
    ""id"": ""1979csc-scc10002"",
    ""docType"": ""DECISION"",
    ""path"": ""/en/ca/scc/doc/1979/1979canlii4/1979canlii4.html"",
    ""docTitle"": ""Volvo Canada Ltd. v. U.A.W., Local 720"",
    ""autoCompletions"": ""[{\""type\"":\""DECISION_CANLII_REFERENCE\"",\""text\"":\""1979 CanLII 4 (SCC)\""},{\""type\"":\""DECISION_CANLII_REFERENCE\"",\""text\"":\""1979 CanLII 4 (CSC)\""},{\""type\"":\""MAIN_TITLE\"",\""text\"":\""Volvo Canada Ltd. v. U.A.W., Local 720\""},{\""type\"":\""DECISION_OFFICIAL_REPORT_REFERENCE\"",\""text\"":\""[1980] 1 SCR 178\""},{\""type\"":\""DECISION_OFFICIAL_REPORT_REFERENCE\"",\""text\"":\""[1980] 1 RCS 178\""},{\""type\"":\""DECISION_OTHER_REFERENCES\"",\""text\"":\""27 NR 502\""},{\""type\"":\""DECISION_OTHER_REFERENCES\"",\""text\"":\"" 99 DLR (3d) 193\""},{\""type\"":\""DECISION_OTHER_REFERENCES\"",\""text\"":\"" 33 NSR (2d) 22\""},{\""type\"":\""DECISION_OTHER_REFERENCES\"",\""text\"":\"" 57 APR 22\""},{\""type\"":\""DECISION_ALTERNATE_TITLE\"",\""text\"":\""Volvo Canada Ltd. v. United Automobile, Aerospace & Agricultural Implement Workers of America (International Union, Local 720)\""},{\""type\"":\""DECISION_ALTERNATE_TITLE\"",\""text\"":\""Volvo Canada Ltd. c. T.U.A., local 720\""},{\""type\"":\""JURISDICTION_NAME\"",\""text\"":\""Canada (Federal)\""},{\""type\"":\""COLLECTION_NAME\"",\""text\"":\""Supreme Court of Canada\""}]"",
    ""jurisdictionId"": ""ca"",
    ""citedCount"": 266
  }
]"
https://canlii.ca/t/1mjtm,"[
  {
    ""id"": ""1979csc-scc10162"",
    ""docType"": ""DECISION"",
    ""path"": ""/en/ca/scc/doc/1979/1979canlii184/1979canlii184.html"",
    ""docTitle"": ""Martineau v. Matsqui Institution"",
    ""autoCompletions"": ""[{\""type\"":\""DECISION_CANLII_REFERENCE\"",\""text\"":\""1979 CanLII 184 (SCC)\""},{\""type\"":\""DECISION_CANLII_REFERENCE\"",\""text\"":\""1979 CanLII 184 (CSC)\""},{\""type\"":\""MAIN_TITLE\"",\""text\"":\""Martineau v. Matsqui Institution\""},{\""type\"":\""DECISION_OFFICIAL_REPORT_REFERENCE\"",\""text\"":\""[1980] 1 SCR 602\""},{\""type\"":\""DECISION_OFFICIAL_REPORT_REFERENCE\"",\""text\"":\""[1980] 1 RCS 602\""},{\""type\"":\""DECISION_OTHER_REFERENCES\"",\""text\"":\""106 DLR (3d) 385\""},{\""type\"":\""DECISION_OTHER_REFERENCES\"",\""text\"":\"" 30 NR 119\""},{\""type\"":\""DECISION_OTHER_REFERENCES\"",\""text\"":\"" AZ-80113045\""},{\""type\"":\""DECISION_OTHER_REFERENCES\"",\""text\"":\"" 13 CR (3d) 1\""},{\""type\"":\""DECISION_OTHER_REFERENCES\"",\""text\"":\"" 15 CR (3d) 315\""},{\""type\"":\""DECISION_OTHER_REFERENCES\"",\""text\"":\"" 50 CCC (2d) 353\""},{\""type\"":\""DECISION_OTHER_REFERENCES\"",\""text\"":\"" 4 WCB 178\""},{\""type\"":\""DECISION_OTHER_REFERENCES\"",\""text\"":\"" [1979] CarswellNat 2\""},{\""type\"":\""DECISION_OTHER_REFERENCES\"",\""text\"":\"" [1979] SCJ No 121 (QL)\""},{\""type\"":\""DECISION_OTHER_REFERENCES\"",\""text\"":\"" [1979] ACS no 121\""},{\""type\"":\""DECISION_ALTERNATE_TITLE\"",\""text\"":\""Martineau v. Matsqui Disciplinary Bd.\""},{\""type\"":\""DECISION_ALTERNATE_TITLE\"",\""text\"":\""Martineau v. Matsqui Institution Disciplinary Board\""},{\""type\"":\""DECISION_ALTERNATE_TITLE\"",\""text\"":\""Martineau c. Comité de discipline de l’Institution de Matsqui\""},{\""type\"":\""JURISDICTION_NAME\"",\""text\"":\""Canada (Federal)\""},{\""type\"":\""COLLECTION_NAME\"",\""text\"":\""Supreme Court of Canada\""}]"",
    ""jurisdictionId"": ""ca"",
    ""citedCount"": 965
  }
]"
https://canlii.ca/t/1mjtq,"[
  {
    ""id"": ""1979csc-scc10007"",
    ""docType"": ""DECISION"",
    ""path"": ""/en/ca/scc/doc/1979/1979canlii9/1979canlii9.html"",
    ""docTitle"": ""Solosky v. The Queen"",
    ""autoCompletions"": ""[{\""type\"":\""DECISION_CANLII_REFERENCE\"",\""text\"":\""1979 CanLII 9 (SCC)\""},{\""type\"":\""DECISION_CANLII_REFERENCE\"",\""text\"":\""1979 CanLII 9 (CSC)\""},{\""type\"":\""MAIN_TITLE\"",\""text\"":\""Solosky v. The Queen\""},{\""type\"":\""DECISION_OFFICIAL_REPORT_REFERENCE\"",\""text\"":\""[1980] 1 SCR 821\""},{\""type\"":\""DECISION_OFFICIAL_REPORT_REFERENCE\"",\""text\"":\""[1980] 1 RCS 821\""},{\""type\"":\""DECISION_OTHER_REFERENCES\"",\""text\"":\""105 DLR (3d) 745\""},{\""type\"":\""DECISION_OTHER_REFERENCES\"",\""text\"":\"" 30 NR 380\""},{\""type\"":\""DECISION_OTHER_REFERENCES\"",\""text\"":\"" 16 CR (3d) 294\""},{\""type\"":\""DECISION_OTHER_REFERENCES\"",\""text\"":\"" 50 CCC (2d) 495\""},{\""type\"":\""DECISION_OTHER_REFERENCES\"",\""text\"":\"" 4 WCB 177\""},{\""type\"":\""DECISION_OTHER_REFERENCES\"",\""text\"":\"" [1979] CarswellNat 4\""},{\""type\"":\""DECISION_OTHER_REFERENCES\"",\""text\"":\"" [1979] SCJ No 130 (QL)\""},{\""type\"":\""DECISION_OTHER_REFERENCES\"",\""text\"":\"" [1979] ACS no 130\""},{\""type\"":\""DECISION_ALTERNATE_TITLE\"",\""text\"":\""Solosky v. Canada\""},{\""type\"":\""DECISION_ALTERNATE_TITLE\"",\""text\"":\""Solosky c. La Reine\""},{\""type\"":\""JURISDICTION_NAME\"",\""text\"":\""Canada (Federal)\""},{\""type\"":\""COLLECTION_NAME\"",\""text\"":\""Supreme Court of Canada\""}]"",
    ""jurisdictionId"": ""ca"",
    ""citedCount"": 1840
  }
]"
https://canlii.ca/t/1mjtx,"[
  {
    ""id"": ""1980csc-scc10002"",
    ""docType"": ""DECISION"",
    ""path"": ""/en/ca/scc/doc/1980/1980canlii10/1980canlii10.html"",
    ""docTitle"": ""Kane v. Bd. of Governors of U.B.C."",
    ""autoCompletions"": ""[{\""type\"":\""DECISION_CANLII_REFERENCE\"",\""text\"":\""1980 CanLII 10 (SCC)\""},{\""type\"":\""DECISION_CANLII_REFERENCE\"",\""text\"":\""1980 CanLII 10 (CSC)\""},{\""type\"":\""MAIN_TITLE\"",\""text\"":\""Kane v. Bd. of Governors of U.B.C.\""},{\""type\"":\""DECISION_OFFICIAL_REPORT_REFERENCE\"",\""text\"":\""[1980] 1 SCR 1105\""},{\""type\"":\""DECISION_OFFICIAL_REPORT_REFERENCE\"",\""text\"":\""[1980] 1 RCS 1105\""},{\""type\"":\""DECISION_OTHER_REFERENCES\"",\""text\"":\""110 DLR (3d) 311\""},{\""type\"":\""DECISION_OTHER_REFERENCES\"",\""text\"":\"" 31 NR 214\""},{\""type\"":\""DECISION_OTHER_REFERENCES\"",\""text\"":\"" 2 ACWS (2d) 117\""},{\""type\"":\""DECISION_OTHER_REFERENCES\"",\""text\"":\"" [1980] 3 WWR 125\""},{\""type\"":\""DECISION_OTHER_REFERENCES\"",\""text\"":\"" 18 BCLR 124\""},{\""type\"":\""DECISION_OTHER_REFERENCES\"",\""text\"":\"" [1980] CarswellBC 1\""},{\""type\"":\""DECISION_OTHER_REFERENCES\"",\""text\"":\"" JE 80-181\""},{\""type\"":\""DECISION_OTHER_REFERENCES\"",\""text\"":\"" [1980] SCJ No 32 (QL)\""},{\""type\"":\""DECISION_OTHER_REFERENCES\"",\""text\"":\"" [1980] ACS no 32\""},{\""type\"":\""DECISION_ALTERNATE_TITLE\"",\""text\"":\""Kane v. University of British Columbia\""},{\""type\"":\""DECISION_ALTERNATE_TITLE\"",\""text\"":\""Kane c. Cons. d'administration de l'U.C.B.\""},{\""type\"":\""JURISDICTION_NAME\"",\""text\"":\""Canada (Federal)\""},{\""type\"":\""COLLECTION_NAME\"",\""text\"":\""Supreme Court of Canada\""}]"",
    ""jurisdictionId"": ""ca"",
    ""citedCount"": 1199
  }
]"
https://canlii.ca/t/1mjv0,"[
  {
    ""id"": ""1980csc-scc10003"",
    ""docType"": ""DECISION"",
    ""path"": ""/en/ca/scc/doc/1980/1980canlii11/1980canlii11.html"",
    ""docTitle"": ""Schreiber Brothers Ltd. v. Currie Products Ltd. et al."",
    ""autoCompletions"": ""[{\""type\"":\""DECISION_CANLII_REFERENCE\"",\""text\"":\""1980 CanLII 11 (SCC)\""},{\""type\"":\""DECISION_CANLII_REFERENCE\"",\""text\"":\""1980 CanLII 11 (CSC)\""},{\""type\"":\""MAIN_TITLE\"",\""text\"":\""Schreiber Brothers Ltd. v. Currie Products Ltd. et al.\""},{\""type\"":\""DECISION_OFFICIAL_REPORT_REFERENCE\"",\""text\"":\""[1980] 2 SCR 78\""},{\""type\"":\""DECISION_OFFICIAL_REPORT_REFERENCE\"",\""text\"":\""[1980] 2 RCS 78\""},{\""type\"":\""DECISION_OTHER_REFERENCES\"",\""text\"":\""108 DLR (3d) 1\""},{\""type\"":\""DECISION_OTHER_REFERENCES\"",\""text\"":\"" 31 NR 335\""},{\""type\"":\""DECISION_OTHER_REFERENCES\"",\""text\"":\"" AZ-80111017\""},{\""type\"":\""DECISION_OTHER_REFERENCES\"",\""text\"":\"" JE 80-304\""},{\""type\"":\""DECISION_OTHER_REFERENCES\"",\""text\"":\"" [1980] SCJ No 43 (QL)\""},{\""type\"":\""DECISION_OTHER_REFERENCES\"",\""text\"":\"" [1980] ACS no 43\""},{\""type\"":\""DECISION_ALTERNATE_TITLE\"",\""text\"":\""Schreiber Brothers Ltd. v. Currie Products Ltd.\""},{\""type\"":\""DECISION_ALTERNATE_TITLE\"",\""text\"":\""Schreiber Brothers Ltd. c. Currie Products Ltd. et al.\""},{\""type\"":\""JURISDICTION_NAME\"",\""text\"":\""Canada (Federal)\""},{\""type\"":\""COLLECTION_NAME\"",\""text\"":\""Supreme Court of Canada\""}]"",
    ""jurisdictionId"": ""ca"",
    ""citedCount"": 295
  }
]"
https://canlii.ca/t/1mjvm,"[
  {
    ""id"": ""1980csc-scc10013"",
    ""docType"": ""DECISION"",
    ""path"": ""/en/ca/scc/doc/1980/1980canlii21/1980canlii21.html"",
    ""docTitle"": ""Att. Gen. of Can. v. Inuit Tapirisat et al."",
    ""autoCompletions"": ""[{\""type\"":\""DECISION_CANLII_REFERENCE\"",\""text\"":\""1980 CanLII 21 (SCC)\""},{\""type\"":\""DECISION_CANLII_REFERENCE\"",\""text\"":\""1980 CanLII 21 (CSC)\""},{\""type\"":\""MAIN_TITLE\"",\""text\"":\""Att. Gen. of Can. v. Inuit Tapirisat et al.\""},{\""type\"":\""DECISION_OFFICIAL_REPORT_REFERENCE\"",\""text\"":\""[1980] 2 SCR 735\""},{\""type\"":\""DECISION_OFFICIAL_REPORT_REFERENCE\"",\""text\"":\""[1980] 2 RCS 735\""},{\""type\"":\""DECISION_OTHER_REFERENCES\"",\""text\"":\""[1980] 2 FC 735\""},{\""type\"":\""DECISION_OTHER_REFERENCES\"",\""text\"":\"" 115 DLR (3d) 1\""},{\""type\"":\""DECISION_OTHER_REFERENCES\"",\""text\"":\"" 33 NR 304\""},{\""type\"":\""DECISION_OTHER_REFERENCES\"",\""text\"":\"" 5 ACWS (2d) 255\""},{\""type\"":\""DECISION_OTHER_REFERENCES\"",\""text\"":\"" [1980] CarswellNat 633\""},{\""type\"":\""DECISION_OTHER_REFERENCES\"",\""text\"":\"" [1980] SCJ No 99 (QL)\""},{\""type\"":\""DECISION_OTHER_REFERENCES\"",\""text\"":\"" [1980] ACS no 99\""},{\""type\"":\""DECISION_OTHER_REFERENCES\"",\""text\"":\""[1980] 2 CF 735\""},{\""type\"":\""DECISION_ALTERNATE_TITLE\"",\""text\"":\""Canada (Attorney-General) v. Inuit Tapirisat of Canada\""},{\""type\"":\""DECISION_ALTERNATE_TITLE\"",\""text\"":\""Proc. Gén. du Can. c. Inuit Tapirisat et autre\""},{\""type\"":\""JURISDICTION_NAME\"",\""text\"":\""Canada (Federal)\""},{\""type\"":\""COLLECTION_NAME\"",\""text\"":\""Supreme Court of Canada\""}]"",
    ""jurisdictionId"": ""ca"",
    ""citedCount"": 1164
  }
]"
https://canlii.ca/t/1mk9p,"[
  {
    ""id"": ""1977csc-scc10005"",
    ""docType"": ""DECISION"",
    ""path"": ""/en/ca/scc/doc/1977/1977canlii6/1977canlii6.html"",
    ""docTitle"": ""Joseph Brant Memorial Hospital v. Koziol"",
    ""autoCompletions"": ""[{\""type\"":\""DECISION_CANLII_REFERENCE\"",\""text\"":\""1977 CanLII 6 (SCC)\""},{\""type\"":\""DECISION_CANLII_REFERENCE\"",\""text\"":\""1977 CanLII 6 (CSC)\""},{\""type\"":\""MAIN_TITLE\"",\""text\"":\""Joseph Brant Memorial Hospital v. Koziol\""},{\""type\"":\""DECISION_OFFICIAL_REPORT_REFERENCE\"",\""text\"":\""[1978] 1 SCR 491\""},{\""type\"":\""DECISION_OFFICIAL_REPORT_REFERENCE\"",\""text\"":\""[1978] 1 RCS 491\""},{\""type\"":\""DECISION_OTHER_REFERENCES\"",\""text\"":\""15 NR 302\""},{\""type\"":\""DECISION_OTHER_REFERENCES\"",\""text\"":\"" 77 DLR (3d) 161\""},{\""type\"":\""DECISION_OTHER_REFERENCES\"",\""text\"":\"" 2 CCLT 170\""},{\""type\"":\""DECISION_ALTERNATE_TITLE\"",\""text\"":\""Joseph Brant Memorial Hospital c. Koziol\""},{\""type\"":\""JURISDICTION_NAME\"",\""text\"":\""Canada (Federal)\""},{\""type\"":\""COLLECTION_NAME\"",\""text\"":\""Supreme Court of Canada\""}]"",
    ""jurisdictionId"": ""ca"",
    ""citedCount"": 158
  }
]"
https://canlii.ca/t/1mkvl,"[
  {
    ""id"": ""1978csc-scc10023"",
    ""docType"": ""DECISION"",
    ""path"": ""/en/ca/scc/doc/1978/1978canlii24/1978canlii24.html"",
    ""docTitle"": ""Nicholson v. Haldimand-Norfolk Regional Police Commissioners"",
    ""autoCompletions"": ""[{\""type\"":\""DECISION_CANLII_REFERENCE\"",\""text\"":\""1978 CanLII 24 (SCC)\""},{\""type\"":\""DECISION_CANLII_REFERENCE\"",\""text\"":\""1978 CanLII 24 (CSC)\""},{\""type\"":\""MAIN_TITLE\"",\""text\"":\""Nicholson v. Haldimand-Norfolk Regional Police Commissioners\""},{\""type\"":\""DECISION_OFFICIAL_REPORT_REFERENCE\"",\""text\"":\""[1979] 1 SCR 311\""},{\""type\"":\""DECISION_OFFICIAL_REPORT_REFERENCE\"",\""text\"":\""[1979] 1 RCS 311\""},{\""type\"":\""DECISION_OTHER_REFERENCES\"",\""text\"":\"" REJB 1978-146935\""},{\""type\"":\""DECISION_OTHER_REFERENCES\"",\""text\"":\""23 NR 410\""},{\""type\"":\""DECISION_OTHER_REFERENCES\"",\""text\"":\"" 88 DLR (3d) 671\""},{\""type\"":\""DECISION_OTHER_REFERENCES\"",\""text\"":\"" 3 ACWS 185\""},{\""type\"":\""DECISION_OTHER_REFERENCES\"",\""text\"":\"" AZ-79111025\""},{\""type\"":\""DECISION_OTHER_REFERENCES\"",\""text\"":\"" [1978] CarswellOnt 609\""},{\""type\"":\""DECISION_OTHER_REFERENCES\"",\""text\"":\"" EYB 1978-146935\""},{\""type\"":\""DECISION_OTHER_REFERENCES\"",\""text\"":\"" [1978] SCJ No 88 (QL)\""},{\""type\"":\""DECISION_OTHER_REFERENCES\"",\""text\"":\"" [1978] ACS no 88\""},{\""type\"":\""DECISION_ALTERNATE_TITLE\"",\""text\"":\""Nicholson c. Haldimand-Norfolk Regional Police Commissioners\""},{\""type\"":\""JURISDICTION_NAME\"",\""text\"":\""Canada (Federal)\""},{\""type\"":\""COLLECTION_NAME\"",\""text\"":\""Supreme Court of Canada\""}]"",
    ""jurisdictionId"": ""ca"",
    ""citedCount"": 1242
  }
]"
https://canlii.ca/t/1mm2x,"[
  {
    ""id"": ""1979csc-scc10021"",
    ""docType"": ""DECISION"",
    ""path"": ""/en/ca/scc/doc/1979/1979canlii23/1979canlii23.html"",
    ""docTitle"": ""C.U.P.E. v. N.B. Liquor Corporation"",
    ""autoCompletions"": ""[{\""type\"":\""DECISION_CANLII_REFERENCE\"",\""text\"":\""1979 CanLII 23 (SCC)\""},{\""type\"":\""DECISION_CANLII_REFERENCE\"",\""text\"":\""1979 CanLII 23 (CSC)\""},{\""type\"":\""MAIN_TITLE\"",\""text\"":\""C.U.P.E. v. N.B. Liquor Corporation\""},{\""type\"":\""DECISION_OFFICIAL_REPORT_REFERENCE\"",\""text\"":\""[1979] 2 SCR 227\""},{\""type\"":\""DECISION_OFFICIAL_REPORT_REFERENCE\"",\""text\"":\""[1979] 2 RCS 227\""},{\""type\"":\""DECISION_OTHER_REFERENCES\"",\""text\"":\""25 NBR (2d) 237\""},{\""type\"":\""DECISION_OTHER_REFERENCES\"",\""text\"":\"" 26 NR 341\""},{\""type\"":\""DECISION_OTHER_REFERENCES\"",\""text\"":\"" 97 DLR (3d) 417\""},{\""type\"":\""DECISION_OTHER_REFERENCES\"",\""text\"":\"" 51 APR 237\""},{\""type\"":\""DECISION_OTHER_REFERENCES\"",\""text\"":\"" [1979] SCJ No 45 (QL)\""},{\""type\"":\""DECISION_OTHER_REFERENCES\"",\""text\"":\"" [1979] ACS no 45\""},{\""type\"":\""DECISION_OTHER_REFERENCES\"",\""text\"":\""25 RNB (2d) 237\""},{\""type\"":\""DECISION_ALTERNATE_TITLE\"",\""text\"":\""Canadian Union of Public Employees, Local 963 v. New Brunswick Liquor Corp.\""},{\""type\"":\""DECISION_ALTERNATE_TITLE\"",\""text\"":\""S.C.F.P. c. Société des Alcools du N.-B.\""},{\""type\"":\""JURISDICTION_NAME\"",\""text\"":\""Canada (Federal)\""},{\""type\"":\""COLLECTION_NAME\"",\""text\"":\""Supreme Court of Canada\""}]"",
    ""jurisdictionId"": ""ca"",
    ""citedCount"": 1890
  }
]"
https://canlii.ca/t/1mvm8,"[
  {
    ""id"": ""2006nbca27"",
    ""docType"": ""DECISION"",
    ""path"": ""/en/nb/nbca/doc/2006/2006nbca27/2006nbca27.html"",
    ""docTitle"": ""Dunsmuir v. Her Majesty the Queen in Right of the Province of New Brunswick, as represented by the Board of Management"",
    ""autoCompletions"": ""[{\""type\"":\""DECISION_NEUTRAL_CITATION\"",\""text\"":\""2006 NBCA 27\""},{\""type\"":\""DECISION_CANLII_REFERENCE\"",\""text\"":\""2006 NBCA 27 (CanLII)\""},{\""type\"":\""MAIN_TITLE\"",\""text\"":\""Dunsmuir v. Her Majesty the Queen in Right of the Province of New Brunswick, as represented by the Board of Management\""},{\""type\"":\""DECISION_OTHER_REFERENCES\"",\""text\"":\""297 NBR (2d) 151\""},{\""type\"":\""DECISION_OTHER_REFERENCES\"",\""text\"":\"" 265 DLR (4th) 609\""},{\""type\"":\""DECISION_OTHER_REFERENCES\"",\""text\"":\"" 771 APR 151\""},{\""type\"":\""DECISION_OTHER_REFERENCES\"",\""text\"":\"" 44 Admin LR (4th) 92\""},{\""type\"":\""DECISION_OTHER_REFERENCES\"",\""text\"":\"" 48 CCEL (3d) 196\""},{\""type\"":\""DECISION_OTHER_REFERENCES\"",\""text\"":\"" [2006] NBJ No 118 (QL)\""},{\""type\"":\""DECISION_OTHER_REFERENCES\"",\""text\"":\""297 RNB (2d) 151\""},{\""type\"":\""DECISION_OTHER_REFERENCES\"",\""text\"":\"" 48 RCDT (3d) 196\""},{\""type\"":\""DECISION_OTHER_REFERENCES\"",\""text\"":\"" [2006] ANB No 118 (QL)\""},{\""type\"":\""DECISION_ALTERNATE_TITLE\"",\""text\"":\""New Brunswick (Board of Management) v. Dunsmuir\""},{\""type\"":\""DECISION_ALTERNATE_TITLE\"",\""text\"":\""Dunsmuir c. Sa Majesté la Reine du chef de la Province du Nouveau-Brunswick, représentée par le Conseil de gestion\""},{\""type\"":\""DECISION_DOCKET_NUMBER\"",\""text\"":\""125/05/CA\""},{\""type\"":\""JURISDICTION_NAME\"",\""text\"":\""New Brunswick\""},{\""type\"":\""COLLECTION_NAME\"",\""text\"":\""Court of Appeal of New Brunswick\""}]"",
    ""jurisdictionId"": ""nb"",
    ""citedCount"": 10
  }
]"
https://canlii.ca/t/1mvw6,"[
  {
    ""id"": ""1999qcca10908"",
    ""docType"": ""DECISION"",
    ""path"": ""/fr/qc/qcca/doc/1999/1999canlii13363/1999canlii13363.html"",
    ""docTitle"": ""Hotte c. Servier Canada inc."",
    ""autoCompletions"": ""[{\""type\"":\""DECISION_CANLII_REFERENCE\"",\""text\"":\""1999 CanLII 13363 (QC CA)\""},{\""type\"":\""MAIN_TITLE\"",\""text\"":\""Hotte c. Servier Canada inc.\""},{\""type\"":\""DECISION_OTHER_REFERENCES\"",\""text\"":\"" REJB 1999-14507\""},{\""type\"":\""DECISION_OTHER_REFERENCES\"",\""text\"":\""AZ-500067546\""},{\""type\"":\""DECISION_OTHER_REFERENCES\"",\""text\"":\"" [1999] RJQ 2598\""},{\""type\"":\""DECISION_OTHER_REFERENCES\"",\""text\"":\"" EYB 1999-14507\""},{\""type\"":\""DECISION_DOCKET_NUMBER\"",\""text\"":\""500-09-006707-988\""},{\""type\"":\""JURISDICTION_NAME\"",\""text\"":\""Québec\""},{\""type\"":\""COLLECTION_NAME\"",\""text\"":\""Cour d'appel du Québec\""}]"",
    ""jurisdictionId"": ""qc"",
    ""citedCount"": 133
  }
]"
https://canlii.ca/t/1mx4h,"[
  {
    ""id"": ""1975csc-scc10001"",
    ""docType"": ""DECISION"",
    ""path"": ""/en/ca/scc/doc/1975/1975canlii2/1975canlii2.html"",
    ""docTitle"": ""Métivier v. Cadorette"",
    ""autoCompletions"": ""[{\""type\"":\""DECISION_CANLII_REFERENCE\"",\""text\"":\""1975 CanLII 2 (SCC)\""},{\""type\"":\""DECISION_CANLII_REFERENCE\"",\""text\"":\""1975 CanLII 2 (CSC)\""},{\""type\"":\""MAIN_TITLE\"",\""text\"":\""Métivier v. Cadorette\""},{\""type\"":\""DECISION_OFFICIAL_REPORT_REFERENCE\"",\""text\"":\""[1977] 1 SCR 371\""},{\""type\"":\""DECISION_OFFICIAL_REPORT_REFERENCE\"",\""text\"":\""[1977] 1 RCS 371\""},{\""type\"":\""DECISION_OTHER_REFERENCES\"",\""text\"":\""8 NR 129\""},{\""type\"":\""DECISION_ALTERNATE_TITLE\"",\""text\"":\""Métivier c. Cadorette\""},{\""type\"":\""JURISDICTION_NAME\"",\""text\"":\""Canada (Federal)\""},{\""type\"":\""COLLECTION_NAME\"",\""text\"":\""Supreme Court of Canada\""}]"",
    ""jurisdictionId"": ""ca"",
    ""citedCount"": 181
  }
]"
https://canlii.ca/t/1nfmh,"[
  {
    ""id"": ""1971csc-scc1000001"",
    ""docType"": ""DECISION"",
    ""path"": ""/en/ca/scc/doc/1971/1971canlii1/1971canlii1.html"",
    ""docTitle"": ""Bell v. Ontario Human Rights Com'n."",
    ""autoCompletions"": ""[{\""type\"":\""DECISION_CANLII_REFERENCE\"",\""text\"":\""1971 CanLII 195 (SCC)\""},{\""type\"":\""DECISION_CANLII_REFERENCE\"",\""text\"":\""1971 CanLII 195 (CSC)\""},{\""type\"":\""MAIN_TITLE\"",\""text\"":\""Bell v. Ontario Human Rights Com'n.\""},{\""type\"":\""DECISION_OFFICIAL_REPORT_REFERENCE\"",\""text\"":\""[1971] SCR 756\""},{\""type\"":\""DECISION_OFFICIAL_REPORT_REFERENCE\"",\""text\"":\""[1971] RCS 756\""},{\""type\"":\""DECISION_OTHER_REFERENCES\"",\""text\"":\""18 DLR (3d) 1\""},{\""type\"":\""DECISION_OTHER_REFERENCES\"",\""text\"":\"" [1971] SCJ No 66 (QL)\""},{\""type\"":\""DECISION_ALTERNATE_TITLE\"",\""text\"":\""Bell c. Ontario Human Rights Commission\""},{\""type\"":\""JURISDICTION_NAME\"",\""text\"":\""Canada (Federal)\""},{\""type\"":\""COLLECTION_NAME\"",\""text\"":\""Supreme Court of Canada\""}]"",
    ""jurisdictionId"": ""ca"",
    ""citedCount"": 297
  }
]"
https://canlii.ca/t/1nmgf,"[
  {
    ""id"": ""1995qcca10771"",
    ""docType"": ""DECISION"",
    ""path"": ""/fr/qc/qcca/doc/1995/1995canlii5310/1995canlii5310.html"",
    ""docTitle"": ""Lebeuf c. Groupe SNC-Lavalin inc."",
    ""autoCompletions"": ""[{\""type\"":\""DECISION_CANLII_REFERENCE\"",\""text\"":\""1995 CanLII 5310 (QC CA)\""},{\""type\"":\""MAIN_TITLE\"",\""text\"":\""Lebeuf c. Groupe SNC-Lavalin inc.\""},{\""type\"":\""DECISION_OTHER_REFERENCES\"",\""text\"":\"" REJB 1995-28991\""},{\""type\"":\""DECISION_OTHER_REFERENCES\"",\""text\"":\""AZ-95011357\""},{\""type\"":\""DECISION_OTHER_REFERENCES\"",\""text\"":\"" EYB 1995-28991\""},{\""type\"":\""DECISION_OTHER_REFERENCES\"",\""text\"":\"" JE 95-607\""},{\""type\"":\""DECISION_OTHER_REFERENCES\"",\""text\"":\"" [1995] RDJ 366\""},{\""type\"":\""DECISION_ALTERNATE_TITLE\"",\""text\"":\""Lebeuf с. Groupe SNC-Lavalin Inc.\""},{\""type\"":\""DECISION_DOCKET_NUMBER\"",\""text\"":\""200-09-000644-945\""},{\""type\"":\""JURISDICTION_NAME\"",\""text\"":\""Québec\""},{\""type\"":\""COLLECTION_NAME\"",\""text\"":\""Cour d'appel du Québec\""}]"",
    ""jurisdictionId"": ""qc"",
    ""citedCount"": 131
  }
]"
https://canlii.ca/t/1nmz7,"[
  {
    ""id"": ""1937csc-scc10000"",
    ""docType"": ""DECISION"",
    ""path"": ""/en/ca/scc/doc/1937/1937canlii1/1937canlii1.html"",
    ""docTitle"": ""McCannell v. Mclean"",
    ""autoCompletions"": ""[{\""type\"":\""DECISION_CANLII_REFERENCE\"",\""text\"":\""1937 CanLII 1 (SCC)\""},{\""type\"":\""MAIN_TITLE\"",\""text\"":\""McCannell v. Mclean\""},{\""type\"":\""DECISION_OFFICIAL_REPORT_REFERENCE\"",\""text\"":\""[1937] SCR 341\""},{\""type\"":\""DECISION_OTHER_REFERENCES\"",\""text\"":\""[1937] 2 DLR 639\""},{\""type\"":\""DECISION_OTHER_REFERENCES\"",\""text\"":\"" [1937] SCJ No 23 (QL)\""},{\""type\"":\""JURISDICTION_NAME\"",\""text\"":\""Canada (Federal)\""},{\""type\"":\""COLLECTION_NAME\"",\""text\"":\""Supreme Court of Canada\""}]"",
    ""jurisdictionId"": ""ca"",
    ""citedCount"": 265
  }
]"
https://canlii.ca/t/1nplw,"[
  {
    ""id"": ""1994nlca10003"",
    ""docType"": ""DECISION"",
    ""path"": ""/en/nl/nlca/doc/1994/1994canlii4528/1994canlii4528.html"",
    ""docTitle"": ""R. v. Simpson"",
    ""autoCompletions"": ""[{\""type\"":\""DECISION_CANLII_REFERENCE\"",\""text\"":\""1994 CanLII 4528 (NL CA)\""},{\""type\"":\""MAIN_TITLE\"",\""text\"":\""R. v. Simpson\""},{\""type\"":\""DECISION_OTHER_REFERENCES\"",\""text\"":\""117 Nfld & PEIR 110\""},{\""type\"":\""DECISION_OTHER_REFERENCES\"",\""text\"":\"" 365 APR 110\""},{\""type\"":\""DECISION_OTHER_REFERENCES\"",\""text\"":\"" 29 CR (4th) 274\""},{\""type\"":\""DECISION_OTHER_REFERENCES\"",\""text\"":\"" 88 CCC (3d) 377\""},{\""type\"":\""DECISION_OTHER_REFERENCES\"",\""text\"":\"" 23 WCB (2d) 257\""},{\""type\"":\""DECISION_OTHER_REFERENCES\"",\""text\"":\"" [1994] NJ No 69 (QL)\""},{\""type\"":\""DECISION_ALTERNATE_TITLE\"",\""text\"":\""R. v. Simpson (D.)\""},{\""type\"":\""DECISION_ALTERNATE_TITLE\"",\""text\"":\""R. v. Simpson (D.) (1994)\""},{\""type\"":\""DECISION_DOCKET_NUMBER\"",\""text\"":\""1993no.210\""},{\""type\"":\""JURISDICTION_NAME\"",\""text\"":\""Newfoundland and Labrador\""},{\""type\"":\""COLLECTION_NAME\"",\""text\"":\""Court of Appeal of Newfoundland and Labrador\""}]"",
    ""jurisdictionId"": ""nl"",
    ""citedCount"": 97
  }
]"
https://canlii.ca/t/1npn2,"[
  {
    ""id"": ""1987onca10001"",
    ""docType"": ""DECISION"",
    ""path"": ""/en/on/onca/doc/1987/1987canlii122/1987canlii122.html"",
    ""docTitle"": ""Church of Scientology and The Queen (No. 6), Re"",
    ""autoCompletions"": ""[{\""type\"":\""DECISION_CANLII_REFERENCE\"",\""text\"":\""1987 CanLII 122 (ON CA)\""},{\""type\"":\""MAIN_TITLE\"",\""text\"":\""Church of Scientology and The Queen (No. 6), Re\""},{\""type\"":\""DECISION_OTHER_REFERENCES\"",\""text\"":\""2 ACWS (3d) 292\""},{\""type\"":\""DECISION_OTHER_REFERENCES\"",\""text\"":\"" 18 OAC 321\""},{\""type\"":\""DECISION_OTHER_REFERENCES\"",\""text\"":\"" 31 CCC (3d) 449\""},{\""type\"":\""DECISION_OTHER_REFERENCES\"",\""text\"":\"" 1 WCB (2d) 327\""},{\""type\"":\""DECISION_OTHER_REFERENCES\"",\""text\"":\"" 30 CRR 238\""},{\""type\"":\""DECISION_OTHER_REFERENCES\"",\""text\"":\"" [1987] CarswellOnt 1401\""},{\""type\"":\""DECISION_OTHER_REFERENCES\"",\""text\"":\"" [1987] OJ No 64 (QL)\""},{\""type\"":\""DECISION_ALTERNATE_TITLE\"",\""text\"":\""R. v. Church of Scientology of Toronto\""},{\""type\"":\""DECISION_ALTERNATE_TITLE\"",\""text\"":\""R. v. Zaharia\""},{\""type\"":\""DECISION_ALTERNATE_TITLE\"",\""text\"":\""R. v. Church of Scientology and Zaharia\""},{\""type\"":\""JURISDICTION_NAME\"",\""text\"":\""Ontario\""},{\""type\"":\""COLLECTION_NAME\"",\""text\"":\""Court of Appeal for Ontario\""}]"",
    ""jurisdictionId"": ""on"",
    ""citedCount"": 133
  }
]"
https://canlii.ca/t/1npn6,"[
  {
    ""id"": ""1988onca10000"",
    ""docType"": ""DECISION"",
    ""path"": ""/en/on/onca/doc/1988/1988canlii147/1988canlii147.html"",
    ""docTitle"": ""R. v. Rowbotham"",
    ""autoCompletions"": ""[{\""type\"":\""DECISION_CANLII_REFERENCE\"",\""text\"":\""1988 CanLII 147 (ON CA)\""},{\""type\"":\""MAIN_TITLE\"",\""text\"":\""R. v. Rowbotham\""},{\""type\"":\""DECISION_OTHER_REFERENCES\"",\""text\"":\""25 OAC 321\""},{\""type\"":\""DECISION_OTHER_REFERENCES\"",\""text\"":\"" 41 CCC (3d) 1\""},{\""type\"":\""DECISION_OTHER_REFERENCES\"",\""text\"":\"" 63 CR (3d) 113\""},{\""type\"":\""DECISION_OTHER_REFERENCES\"",\""text\"":\"" 35 CRR 207\""},{\""type\"":\""DECISION_OTHER_REFERENCES\"",\""text\"":\"" 4 WCB (2d) 30\""},{\""type\"":\""DECISION_OTHER_REFERENCES\"",\""text\"":\"" [1988] CarswellOnt 58\""},{\""type\"":\""DECISION_OTHER_REFERENCES\"",\""text\"":\"" [1988] OJ No 271 (QL)\""},{\""type\"":\""DECISION_DOCKET_NUMBER\"",\""text\"":\"" 756/85\""},{\""type\"":\""DECISION_DOCKET_NUMBER\"",\""text\"":\"" 804/85\""},{\""type\"":\""DECISION_DOCKET_NUMBER\"",\""text\"":\"" 729/85\""},{\""type\"":\""DECISION_DOCKET_NUMBER\"",\""text\"":\"" 751/85\""},{\""type\"":\""DECISION_DOCKET_NUMBER\"",\""text\"":\"" 810/85\""},{\""type\"":\""DECISION_DOCKET_NUMBER\"",\""text\"":\""1037/85\""},{\""type\"":\""DECISION_DOCKET_NUMBER\"",\""text\"":\"" 737/85\""},{\""type\"":\""DECISION_DOCKET_NUMBER\"",\""text\"":\"" 741/85\""},{\""type\"":\""DECISION_DOCKET_NUMBER\"",\""text\"":\"" 733/85\""},{\""type\"":\""DECISION_DOCKET_NUMBER\"",\""text\"":\"" 730/85\""},{\""type\"":\""JURISDICTION_NAME\"",\""text\"":\""Ontario\""},{\""type\"":\""COLLECTION_NAME\"",\""text\"":\""Court of Appeal for Ontario\""}]"",
    ""jurisdictionId"": ""on"",
    ""citedCount"": 897
  }
]"
https://canlii.ca/t/1npp0,"[
  {
    ""id"": ""1993onca10058"",
    ""docType"": ""DECISION"",
    ""path"": ""/en/on/onca/doc/1993/1993canlii3381/1993canlii3381.html"",
    ""docTitle"": ""Pacificador v. Philippines (Republic of)"",
    ""autoCompletions"": ""[{\""type\"":\""DECISION_CANLII_REFERENCE\"",\""text\"":\""1993 CanLII 3381 (ON CA)\""},{\""type\"":\""MAIN_TITLE\"",\""text\"":\""Pacificador v. Philippines (Republic of)\""},{\""type\"":\""DECISION_OTHER_REFERENCES\"",\""text\"":\""14 OR (3d) 321\""},{\""type\"":\""DECISION_OTHER_REFERENCES\"",\""text\"":\"" 23 CR (4th) 171\""},{\""type\"":\""DECISION_OTHER_REFERENCES\"",\""text\"":\"" 83 CCC (3d) 210\""},{\""type\"":\""DECISION_OTHER_REFERENCES\"",\""text\"":\"" 16 CRR (2d) 299\""},{\""type\"":\""DECISION_OTHER_REFERENCES\"",\""text\"":\"" 19 Imm LR (2d) 241\""},{\""type\"":\""DECISION_OTHER_REFERENCES\"",\""text\"":\"" 20 WCB (2d) 389\""},{\""type\"":\""DECISION_OTHER_REFERENCES\"",\""text\"":\"" [1993] OJ No 1753 (QL)\""},{\""type\"":\""DECISION_ALTERNATE_TITLE\"",\""text\"":\""Philippines (Republic) v. Pacificador\""},{\""type\"":\""DECISION_DOCKET_NUMBER\"",\""text\"":\""C14461\""},{\""type\"":\""JURISDICTION_NAME\"",\""text\"":\""Ontario\""},{\""type\"":\""COLLECTION_NAME\"",\""text\"":\""Court of Appeal for Ontario\""}]"",
    ""jurisdictionId"": ""on"",
    ""citedCount"": 82
  }
]"
https://canlii.ca/t/1ns66,"[
  {
    ""id"": ""1996skqb10208"",
    ""docType"": ""DECISION"",
    ""path"": ""/en/sk/skqb/doc/1996/1996canlii6761/1996canlii6761.html"",
    ""docTitle"": ""Diebel Estate v. Pinto Creek (Rural Municipality No. 75)"",
    ""autoCompletions"": ""[{\""type\"":\""DECISION_CANLII_REFERENCE\"",\""text\"":\""1996 CanLII 6761 (SK QB)\""},{\""type\"":\""MAIN_TITLE\"",\""text\"":\""Diebel Estate v. Pinto Creek (Rural Municipality No. 75)\""},{\""type\"":\""DECISION_OTHER_REFERENCES\"",\""text\"":\""149 Sask R 68\""},{\""type\"":\""DECISION_ALTERNATE_TITLE\"",\""text\"":\""Diebel Estate v. Pinto Creek (1996)\""},{\""type\"":\""DECISION_ALTERNATE_TITLE\"",\""text\"":\""Diebel Estate v. Pinto Creek No. 75 (Rural Municipality) et al.\""},{\""type\"":\""DECISION_DOCKET_NUMBER\"",\""text\"":\""QB 24/94 JCSC\""},{\""type\"":\""JURISDICTION_NAME\"",\""text\"":\""Saskatchewan\""},{\""type\"":\""COLLECTION_NAME\"",\""text\"":\""Court of King's Bench for Saskatchewan\""},{\""type\"":\""TRIBUNAL_NAME\"",\""text\"":\""Court of Queen’s Bench for Saskatchewan\""}]"",
    ""jurisdictionId"": ""sk"",
    ""citedCount"": 5
  }
]"
https://canlii.ca/t/1nszq,"[
  {
    ""id"": ""1997skqb10291"",
    ""docType"": ""DECISION"",
    ""path"": ""/en/sk/skqb/doc/1997/1997canlii11101/1997canlii11101.html"",
    ""docTitle"": ""Housen v. Nikolaisen"",
    ""autoCompletions"": ""[{\""type\"":\""DECISION_CANLII_REFERENCE\"",\""text\"":\""1997 CanLII 11101 (SK QB)\""},{\""type\"":\""MAIN_TITLE\"",\""text\"":\""Housen v. Nikolaisen\""},{\""type\"":\""DECISION_OTHER_REFERENCES\"",\""text\"":\""76 ACWS (3d) 827\""},{\""type\"":\""DECISION_OTHER_REFERENCES\"",\""text\"":\"" [1998] 5 WWR 523\""},{\""type\"":\""DECISION_OTHER_REFERENCES\"",\""text\"":\"" 161 Sask R 241\""},{\""type\"":\""DECISION_OTHER_REFERENCES\"",\""text\"":\"" [1997] SJ No 759 (QL)\""},{\""type\"":\""DECISION_OTHER_REFERENCES\"",\""text\"":\"" 44 MPLR (2d) 203\""},{\""type\"":\""DECISION_ALTERNATE_TITLE\"",\""text\"":\""Housen v. Nikolaisen et al.\""},{\""type\"":\""DECISION_ALTERNATE_TITLE\"",\""text\"":\""Housen v. Nikolaisen (1997)\""},{\""type\"":\""DECISION_DOCKET_NUMBER\"",\""text\"":\""QB 131/93 JCPA\""},{\""type\"":\""JURISDICTION_NAME\"",\""text\"":\""Saskatchewan\""},{\""type\"":\""COLLECTION_NAME\"",\""text\"":\""Court of King's Bench for Saskatchewan\""},{\""type\"":\""TRIBUNAL_NAME\"",\""text\"":\""Court of Queen’s Bench for Saskatchewan\""}]"",
    ""jurisdictionId"": ""sk"",
    ""citedCount"": 13
  }
]"
https://canlii.ca/t/1pf2l,"[
  {
    ""id"": ""1992qcca12623"",
    ""docType"": ""DECISION"",
    ""path"": ""/fr/qc/qcca/doc/1992/1992canlii3662/1992canlii3662.html"",
    ""docTitle"": ""Thompson c. Masson"",
    ""autoCompletions"": ""[{\""type\"":\""DECISION_CANLII_REFERENCE\"",\""text\"":\""1992 CanLII 3662 (QC CA)\""},{\""type\"":\""MAIN_TITLE\"",\""text\"":\""Thompson c. Masson\""},{\""type\"":\""DECISION_OTHER_REFERENCES\"",\""text\"":\""[1993] RJQ 69\""},{\""type\"":\""DECISION_OTHER_REFERENCES\"",\""text\"":\"" JE 92-1770\""},{\""type\"":\""DECISION_DOCKET_NUMBER\"",\""text\"":\""500-09-000331-926\""},{\""type\"":\""JURISDICTION_NAME\"",\""text\"":\""Québec\""},{\""type\"":\""COLLECTION_NAME\"",\""text\"":\""Cour d'appel du Québec\""}]"",
    ""jurisdictionId"": ""qc"",
    ""citedCount"": 182
  }
]"
https://canlii.ca/t/1pj93,"[
  {
    ""id"": ""1990qcca12989"",
    ""docType"": ""DECISION"",
    ""path"": ""/fr/qc/qcca/doc/1990/1990canlii3338/1990canlii3338.html"",
    ""docTitle"": ""Comité d'environnement de la Baie inc. c. Société d'électrolyse et de chimie Alcan ltée"",
    ""autoCompletions"": ""[{\""type\"":\""DECISION_CANLII_REFERENCE\"",\""text\"":\""1990 CanLII 3338 (QC CA)\""},{\""type\"":\""MAIN_TITLE\"",\""text\"":\""Comité d'environnement de la Baie inc. c. Société d'électrolyse et de chimie Alcan ltée\""},{\""type\"":\""DECISION_OTHER_REFERENCES\"",\""text\"":\""AZ-90011303\""},{\""type\"":\""DECISION_OTHER_REFERENCES\"",\""text\"":\"" [1990] RJQ 655\""},{\""type\"":\""DECISION_OTHER_REFERENCES\"",\""text\"":\"" JE 90-422\""},{\""type\"":\""DECISION_ALTERNATE_TITLE\"",\""text\"":\""Comité D'Environnement de la Baie Inc. c. Société D'Électrolyse et de Chimie Alcan Ltée\""},{\""type\"":\""DECISION_DOCKET_NUMBER\"",\""text\"":\""200-09-000166-881\""},{\""type\"":\""JURISDICTION_NAME\"",\""text\"":\""Québec\""},{\""type\"":\""COLLECTION_NAME\"",\""text\"":\""Cour d'appel du Québec\""}]"",
    ""jurisdictionId"": ""qc"",
    ""citedCount"": 247
  }
]"
https://canlii.ca/t/1q1h8,"[
  {
    ""id"": ""2006onscdc14420"",
    ""docType"": ""DECISION"",
    ""path"": ""/en/on/onscdc/doc/2006/2006canlii38877/2006canlii38877.html"",
    ""docTitle"": ""Toronto Economic Development Corporation v. Ontario (Information and Privacy Commissioner)"",
    ""autoCompletions"": ""[{\""type\"":\""DECISION_CANLII_REFERENCE\"",\""text\"":\""2006 CanLII 38877 (ON SCDC)\""},{\""type\"":\""MAIN_TITLE\"",\""text\"":\""Toronto Economic Development Corporation v. Ontario (Information and Privacy Commissioner)\""},{\""type\"":\""DECISION_OTHER_REFERENCES\"",\""text\"":\""278 DLR (4th) 356\""},{\""type\"":\""DECISION_OTHER_REFERENCES\"",\""text\"":\"" 153 ACWS (3d) 251\""},{\""type\"":\""DECISION_OTHER_REFERENCES\"",\""text\"":\"" 226 OAC 132\""},{\""type\"":\""DECISION_OTHER_REFERENCES\"",\""text\"":\"" [2006] OJ No 4615 (QL)\""},{\""type\"":\""DECISION_OTHER_REFERENCES\"",\""text\"":\"" 28 MPLR (4th) 233\""},{\""type\"":\""DECISION_ALTERNATE_TITLE\"",\""text\"":\""Toronto Economic Development Corp. v. Information and Privacy Commissioner (Ont.) et al.\""},{\""type\"":\""DECISION_ALTERNATE_TITLE\"",\""text\"":\""City of Toronto Economic Development Corp. v. Ontario (Information and Privacy Commissioner)\""},{\""type\"":\""DECISION_DOCKET_NUMBER\"",\""text\"":\""412/05\""},{\""type\"":\""JURISDICTION_NAME\"",\""text\"":\""Ontario\""},{\""type\"":\""COLLECTION_NAME\"",\""text\"":\""Divisional Court\""}]"",
    ""jurisdictionId"": ""on"",
    ""citedCount"": 6
  }
]"
https://canlii.ca/t/1qx83,"[
  {
    ""id"": ""2007csc-scc15"",
    ""docType"": ""DECISION"",
    ""path"": ""/en/ca/scc/doc/2007/2007scc15/2007scc15.html"",
    ""docTitle"": ""Council of Canadians with Disabilities v. VIA Rail Canada Inc."",
    ""autoCompletions"": ""[{\""type\"":\""DECISION_NEUTRAL_CITATION\"",\""text\"":\""2007 SCC 15\""},{\""type\"":\""DECISION_NEUTRAL_CITATION\"",\""text\"":\""2007 CSC 15\""},{\""type\"":\""DECISION_CANLII_REFERENCE\"",\""text\"":\""2007 SCC 15 (CanLII)\""},{\""type\"":\""DECISION_CANLII_REFERENCE\"",\""text\"":\""2007 CSC 15 (CanLII)\""},{\""type\"":\""MAIN_TITLE\"",\""text\"":\""Council of Canadians with Disabilities v. VIA Rail Canada Inc.\""},{\""type\"":\""DECISION_OFFICIAL_REPORT_REFERENCE\"",\""text\"":\""[2007] 1 SCR 650\""},{\""type\"":\""DECISION_OFFICIAL_REPORT_REFERENCE\"",\""text\"":\""[2007] 1 RCS 650\""},{\""type\"":\""DECISION_OTHER_REFERENCES\"",\""text\"":\"" REJB 2006-116801\""},{\""type\"":\""DECISION_OTHER_REFERENCES\"",\""text\"":\""279 DLR (4th) 1\""},{\""type\"":\""DECISION_OTHER_REFERENCES\"",\""text\"":\"" 360 NR 1\""},{\""type\"":\""DECISION_OTHER_REFERENCES\"",\""text\"":\"" 155 ACWS (3d) 7\""},{\""type\"":\""DECISION_OTHER_REFERENCES\"",\""text\"":\"" 59 Admin LR (4th) 1\""},{\""type\"":\""DECISION_OTHER_REFERENCES\"",\""text\"":\"" 59 CHRR 276\""},{\""type\"":\""DECISION_OTHER_REFERENCES\"",\""text\"":\"" [2007] CarswellNat 608\""},{\""type\"":\""DECISION_OTHER_REFERENCES\"",\""text\"":\"" EYB 2006-116801\""},{\""type\"":\""DECISION_OTHER_REFERENCES\"",\""text\"":\"" JE 2007-670\""},{\""type\"":\""DECISION_OTHER_REFERENCES\"",\""text\"":\"" [2007] SCJ No 15 (QL)\""},{\""type\"":\""DECISION_OTHER_REFERENCES\"",\""text\"":\"" [2007] ACS no 15\""},{\""type\"":\""DECISION_ALTERNATE_TITLE\"",\""text\"":\""Council of Canadians with Disabilities v. Via Rail Canada Inc.\""},{\""type\"":\""DECISION_ALTERNATE_TITLE\"",\""text\"":\""VIA Rail Canada Inc. v. Canadian Transportation Agency\""},{\""type\"":\""DECISION_ALTERNATE_TITLE\"",\""text\"":\""VIA Rail Canada Inc. v. Canada (Transportation Agency)\""},{\""type\"":\""DECISION_ALTERNATE_TITLE\"",\""text\"":\""Conseil des Canadiens avec déficiences c. VIA Rail Canada Inc.\""},{\""type\"":\""DECISION_DOCKET_NUMBER\"",\""text\"":\""30909\""},{\""type\"":\""JURISDICTION_NAME\"",\""text\"":\""Canada (Federal)\""},{\""type\"":\""COLLECTION_NAME\"",\""text\"":\""Supreme Court of Canada\""}]"",
    ""jurisdictionId"": ""ca"",
    ""citedCount"": 617
  }
]"
https://canlii.ca/t/1rnkr,"[
  {
    ""id"": ""2007fct559"",
    ""docType"": ""DECISION"",
    ""path"": ""/en/ca/fct/doc/2007/2007fc559/2007fc559.html"",
    ""docTitle"": ""Al-Ghamdi v. Canada (Foreign Affairs and International Trade)"",
    ""autoCompletions"": ""[{\""type\"":\""DECISION_NEUTRAL_CITATION\"",\""text\"":\""2007 FC 559\""},{\""type\"":\""DECISION_NEUTRAL_CITATION\"",\""text\"":\""2007 CF 559\""},{\""type\"":\""DECISION_CANLII_REFERENCE\"",\""text\"":\""2007 FC 559 (CanLII)\""},{\""type\"":\""DECISION_CANLII_REFERENCE\"",\""text\"":\""2007 CF 559 (CanLII)\""},{\""type\"":\""MAIN_TITLE\"",\""text\"":\""Al-Ghamdi v. Canada (Foreign Affairs and International Trade)\""},{\""type\"":\""DECISION_OTHER_REFERENCES\"",\""text\"":\""314 FTR 1\""},{\""type\"":\""DECISION_OTHER_REFERENCES\"",\""text\"":\"" 64 Imm LR (3d) 67\""},{\""type\"":\""DECISION_ALTERNATE_TITLE\"",\""text\"":\""Al-Ghamdi v. Canada (Minister of Foreign Affiars and International Trade)\""},{\""type\"":\""DECISION_ALTERNATE_TITLE\"",\""text\"":\""Al-Ghamdi c. Canada (Affaires étrangères et Commerce international Canada)\""},{\""type\"":\""DECISION_DOCKET_NUMBER\"",\""text\"":\""T-1593-06\""},{\""type\"":\""JURISDICTION_NAME\"",\""text\"":\""Canada (Federal)\""},{\""type\"":\""COLLECTION_NAME\"",\""text\"":\""Federal Court\""}]"",
    ""jurisdictionId"": ""ca"",
    ""citedCount"": 8
  }
]"
https://canlii.ca/t/1rq5n,"[
  {
    ""id"": ""2007csc-scc26"",
    ""docType"": ""DECISION"",
    ""path"": ""/en/ca/scc/doc/2007/2007scc26/2007scc26.html"",
    ""docTitle"": ""R. v. Hape"",
    ""autoCompletions"": ""[{\""type\"":\""DECISION_NEUTRAL_CITATION\"",\""text\"":\""2007 SCC 26\""},{\""type\"":\""DECISION_NEUTRAL_CITATION\"",\""text\"":\""2007 CSC 26\""},{\""type\"":\""DECISION_CANLII_REFERENCE\"",\""text\"":\""2007 SCC 26 (CanLII)\""},{\""type\"":\""DECISION_CANLII_REFERENCE\"",\""text\"":\""2007 CSC 26 (CanLII)\""},{\""type\"":\""MAIN_TITLE\"",\""text\"":\""R. v. Hape\""},{\""type\"":\""DECISION_OFFICIAL_REPORT_REFERENCE\"",\""text\"":\""[2007] 2 SCR 292\""},{\""type\"":\""DECISION_OTHER_REFERENCES\"",\""text\"":\"" REJB 2007-120452\""},{\""type\"":\""DECISION_OTHER_REFERENCES\"",\""text\"":\""280 DLR (4th) 385\""},{\""type\"":\""DECISION_OTHER_REFERENCES\"",\""text\"":\"" 363 NR 1\""},{\""type\"":\""DECISION_OTHER_REFERENCES\"",\""text\"":\"" 227 OAC 191\""},{\""type\"":\""DECISION_OTHER_REFERENCES\"",\""text\"":\"" 220 CCC (3d) 161\""},{\""type\"":\""DECISION_OTHER_REFERENCES\"",\""text\"":\"" 47 CR (6th) 96\""},{\""type\"":\""DECISION_OTHER_REFERENCES\"",\""text\"":\"" 160 CRR (2d) 1\""},{\""type\"":\""DECISION_OTHER_REFERENCES\"",\""text\"":\"" 73 WCB (2d) 528\""},{\""type\"":\""DECISION_OTHER_REFERENCES\"",\""text\"":\"" EYB 2007-120452\""},{\""type\"":\""DECISION_OTHER_REFERENCES\"",\""text\"":\"" JE 2007-1140\""},{\""type\"":\""DECISION_OTHER_REFERENCES\"",\""text\"":\"" [2007] SCJ No 26 (QL)\""},{\""type\"":\""DECISION_OTHER_REFERENCES\"",\""text\"":\""[2007] 2 RCS 292\""},{\""type\"":\""DECISION_OTHER_REFERENCES\"",\""text\"":\"" 280 DLR (4th) 385\""},{\""type\"":\""DECISION_ALTERNATE_TITLE\"",\""text\"":\""R. v. Hape (L.R.)\""},{\""type\"":\""DECISION_ALTERNATE_TITLE\"",\""text\"":\""R. c. Hape\""},{\""type\"":\""DECISION_DOCKET_NUMBER\"",\""text\"":\""31125\""},{\""type\"":\""JURISDICTION_NAME\"",\""text\"":\""Canada (Federal)\""},{\""type\"":\""COLLECTION_NAME\"",\""text\"":\""Supreme Court of Canada\""}]"",
    ""jurisdictionId"": ""ca"",
    ""citedCount"": 542
  }
]"
https://canlii.ca/t/1rsf0,"[
  {
    ""id"": ""2007nbca42"",
    ""docType"": ""DECISION"",
    ""path"": ""/en/nb/nbca/doc/2007/2007nbca42/2007nbca42.html"",
    ""docTitle"": ""Sewell v. ING Insurance Company of Canada"",
    ""autoCompletions"": ""[{\""type\"":\""DECISION_NEUTRAL_CITATION\"",\""text\"":\""2007 NBCA 42\""},{\""type\"":\""DECISION_CANLII_REFERENCE\"",\""text\"":\""2007 NBCA 42 (CanLII)\""},{\""type\"":\""MAIN_TITLE\"",\""text\"":\""Sewell v. ING Insurance Company of Canada\""},{\""type\"":\""DECISION_OTHER_REFERENCES\"",\""text\"":\""314 NBR (2d) 330\""},{\""type\"":\""DECISION_OTHER_REFERENCES\"",\""text\"":\"" 812 APR 330\""},{\""type\"":\""DECISION_OTHER_REFERENCES\"",\""text\"":\"" [2007] CarswellNB 280\""},{\""type\"":\""DECISION_OTHER_REFERENCES\"",\""text\"":\"" [2007] NBJ No 219 (QL)\""},{\""type\"":\""DECISION_OTHER_REFERENCES\"",\""text\"":\""314 RNB (2d) 330\""},{\""type\"":\""DECISION_OTHER_REFERENCES\"",\""text\"":\"" [2007] ANB No 219 (QL)\""},{\""type\"":\""DECISION_ALTERNATE_TITLE\"",\""text\"":\""Sewell v. Sewell\""},{\""type\"":\""DECISION_ALTERNATE_TITLE\"",\""text\"":\""Sewell c. Compagnie d'assurance ING du Canada\""},{\""type\"":\""DECISION_DOCKET_NUMBER\"",\""text\"":\""120/06/CA\""},{\""type\"":\""JURISDICTION_NAME\"",\""text\"":\""New Brunswick\""},{\""type\"":\""COLLECTION_NAME\"",\""text\"":\""Court of Appeal of New Brunswick\""}]"",
    ""jurisdictionId"": ""nb"",
    ""citedCount"": 68
  }
]"
https://canlii.ca/t/1slpl,"[
  {
    ""id"": ""2007fct294"",
    ""docType"": ""DECISION"",
    ""path"": ""/en/ca/fct/doc/2007/2007fc294/2007fc294.html"",
    ""docTitle"": ""Hitti v. Canada (Citizenship and Immigration)"",
    ""autoCompletions"": ""[{\""type\"":\""DECISION_NEUTRAL_CITATION\"",\""text\"":\""2007 FC 294\""},{\""type\"":\""DECISION_NEUTRAL_CITATION\"",\""text\"":\""2007 CF 294\""},{\""type\"":\""DECISION_CANLII_REFERENCE\"",\""text\"":\""2007 FC 294 (CanLII)\""},{\""type\"":\""DECISION_CANLII_REFERENCE\"",\""text\"":\""2007 CF 294 (CanLII)\""},{\""type\"":\""MAIN_TITLE\"",\""text\"":\""Hitti v. Canada (Citizenship and Immigration)\""},{\""type\"":\""DECISION_OTHER_REFERENCES\"",\""text\"":\""310 FTR 168\""},{\""type\"":\""DECISION_ALTERNATE_TITLE\"",\""text\"":\""Hitti v. Canada (Minister of Citizenship and Immigration)\""},{\""type\"":\""DECISION_ALTERNATE_TITLE\"",\""text\"":\""Hitti c. Canada (Citoyenneté et Immigration)\""},{\""type\"":\""DECISION_DOCKET_NUMBER\"",\""text\"":\""T-1328-06\""},{\""type\"":\""JURISDICTION_NAME\"",\""text\"":\""Canada (Federal)\""},{\""type\"":\""COLLECTION_NAME\"",\""text\"":\""Federal Court\""}]"",
    ""jurisdictionId"": ""ca"",
    ""citedCount"": 3
  }
]"
https://canlii.ca/t/1th9z,"[
  {
    ""id"": ""1991nbca10094"",
    ""docType"": ""DECISION"",
    ""path"": ""/en/nb/nbca/doc/1991/1991canlii4226/1991canlii4226.html"",
    ""docTitle"": ""Hughes v. Moncton (City)"",
    ""autoCompletions"": ""[{\""type\"":\""DECISION_CANLII_REFERENCE\"",\""text\"":\""1991 CanLII 4226 (NB CA)\""},{\""type\"":\""MAIN_TITLE\"",\""text\"":\""Hughes v. Moncton (City)\""},{\""type\"":\""DECISION_OTHER_REFERENCES\"",\""text\"":\""118 NBR (2d) 306\""},{\""type\"":\""DECISION_OTHER_REFERENCES\"",\""text\"":\"" 296 APR 306\""},{\""type\"":\""DECISION_OTHER_REFERENCES\"",\""text\"":\"" 39 CCEL 309\""},{\""type\"":\""DECISION_OTHER_REFERENCES\"",\""text\"":\"" [1991] NBJ No 818 (QL)\""},{\""type\"":\""DECISION_OTHER_REFERENCES\"",\""text\"":\""118 RNB (2d) 306\""},{\""type\"":\""DECISION_OTHER_REFERENCES\"",\""text\"":\"" [1991] ANB No 818 (QL)\""},{\""type\"":\""DECISION_ALTERNATE_TITLE\"",\""text\"":\""Hughes c. Moncton\""},{\""type\"":\""DECISION_DOCKET_NUMBER\"",\""text\"":\""266/90/CA\""},{\""type\"":\""JURISDICTION_NAME\"",\""text\"":\""New Brunswick\""},{\""type\"":\""COLLECTION_NAME\"",\""text\"":\""Court of Appeal of New Brunswick\""}]"",
    ""jurisdictionId"": ""nb"",
    ""citedCount"": 13
  }
]"
https://canlii.ca/t/1ttsd,"[
  {
    ""id"": ""1944csc-scc10005"",
    ""docType"": ""DECISION"",
    ""path"": ""/en/ca/scc/doc/1944/1944canlii6/1944canlii6.html"",
    ""docTitle"": ""Aluminum Company of Canada Ltd. v. City of Toronto"",
    ""autoCompletions"": ""[{\""type\"":\""DECISION_CANLII_REFERENCE\"",\""text\"":\""1944 CanLII 6 (SCC)\""},{\""type\"":\""MAIN_TITLE\"",\""text\"":\""Aluminum Company of Canada Ltd. v. City of Toronto\""},{\""type\"":\""DECISION_OFFICIAL_REPORT_REFERENCE\"",\""text\"":\""[1944] SCR 267\""},{\""type\"":\""DECISION_OTHER_REFERENCES\"",\""text\"":\""[1944] 3 DLR 609\""},{\""type\"":\""DECISION_OTHER_REFERENCES\"",\""text\"":\"" [1944] CTC 155\""},{\""type\"":\""DECISION_OTHER_REFERENCES\"",\""text\"":\"" [1944] CarswellOnt 71\""},{\""type\"":\""JURISDICTION_NAME\"",\""text\"":\""Canada (Federal)\""},{\""type\"":\""COLLECTION_NAME\"",\""text\"":\""Supreme Court of Canada\""}]"",
    ""jurisdictionId"": ""ca"",
    ""citedCount"": 96
  }
]"
https://canlii.ca/t/1tvt7,"[
  {
    ""id"": ""1966csc-scc10010"",
    ""docType"": ""DECISION"",
    ""path"": ""/en/ca/scc/doc/1966/1966canlii11/1966canlii11.html"",
    ""docTitle"": ""The Queen v. Jennings et al."",
    ""autoCompletions"": ""[{\""type\"":\""DECISION_CANLII_REFERENCE\"",\""text\"":\""1966 CanLII 11 (SCC)\""},{\""type\"":\""MAIN_TITLE\"",\""text\"":\""The Queen v. Jennings et al.\""},{\""type\"":\""DECISION_OFFICIAL_REPORT_REFERENCE\"",\""text\"":\""[1966] SCR 532\""},{\""type\"":\""DECISION_OTHER_REFERENCES\"",\""text\"":\""57 DLR (2d) 644\""},{\""type\"":\""DECISION_OTHER_REFERENCES\"",\""text\"":\"" [1966] SCJ No 31 (QL)\""},{\""type\"":\""DECISION_OTHER_REFERENCES\"",\""text\"":\"" [1966] ACS no 31\""},{\""type\"":\""DECISION_ALTERNATE_TITLE\"",\""text\"":\""R. v. Jennings et al.\""},{\""type\"":\""JURISDICTION_NAME\"",\""text\"":\""Canada (Federal)\""},{\""type\"":\""COLLECTION_NAME\"",\""text\"":\""Supreme Court of Canada\""}]"",
    ""jurisdictionId"": ""ca"",
    ""citedCount"": 254
  }
]"
https://canlii.ca/t/1tvtw,"[
  {
    ""id"": ""1967csc-scc10014"",
    ""docType"": ""DECISION"",
    ""path"": ""/en/ca/scc/doc/1967/1967canlii15/1967canlii15.html"",
    ""docTitle"": ""Binus v. The Queen"",
    ""autoCompletions"": ""[{\""type\"":\""DECISION_CANLII_REFERENCE\"",\""text\"":\""1967 CanLII 15 (SCC)\""},{\""type\"":\""MAIN_TITLE\"",\""text\"":\""Binus v. The Queen\""},{\""type\"":\""DECISION_OFFICIAL_REPORT_REFERENCE\"",\""text\"":\""[1967] SCR 594\""},{\""type\"":\""DECISION_OTHER_REFERENCES\"",\""text\"":\""[1968] 1 CCC 227\""},{\""type\"":\""DECISION_OTHER_REFERENCES\"",\""text\"":\"" 2 CR (n.s.) 118\""},{\""type\"":\""DECISION_OTHER_REFERENCES\"",\""text\"":\"" 2 CPP (2d) 118\""},{\""type\"":\""DECISION_ALTERNATE_TITLE\"",\""text\"":\""Binus v. R.\""},{\""type\"":\""JURISDICTION_NAME\"",\""text\"":\""Canada (Federal)\""},{\""type\"":\""COLLECTION_NAME\"",\""text\"":\""Supreme Court of Canada\""}]"",
    ""jurisdictionId"": ""ca"",
    ""citedCount"": 83
  }
]"
https://canlii.ca/t/1tvw0,"[
  {
    ""id"": ""1970csc-scc10021"",
    ""docType"": ""DECISION"",
    ""path"": ""/en/ca/scc/doc/1970/1970canlii7/1970canlii7.html"",
    ""docTitle"": ""Metropolitan Life Insurance Co. v. International Union of Operating Engineers"",
    ""autoCompletions"": ""[{\""type\"":\""DECISION_CANLII_REFERENCE\"",\""text\"":\""1970 CanLII 7 (SCC)\""},{\""type\"":\""DECISION_CANLII_REFERENCE\"",\""text\"":\""1970 CanLII 7 (CSC)\""},{\""type\"":\""MAIN_TITLE\"",\""text\"":\""Metropolitan Life Insurance Co. v. International Union of Operating Engineers\""},{\""type\"":\""DECISION_OFFICIAL_REPORT_REFERENCE\"",\""text\"":\""[1970] SCR 425\""},{\""type\"":\""DECISION_OFFICIAL_REPORT_REFERENCE\"",\""text\"":\""[1970] RCS 425\""},{\""type\"":\""DECISION_OTHER_REFERENCES\"",\""text\"":\""11 DLR (3d) 336\""},{\""type\"":\""DECISION_OTHER_REFERENCES\"",\""text\"":\"" 5 CR (n.s.) 425\""},{\""type\"":\""DECISION_ALTERNATE_TITLE\"",\""text\"":\""Metropolitan Life Insurance Co. c. International Union of Operating Engineers\""},{\""type\"":\""JURISDICTION_NAME\"",\""text\"":\""Canada (Federal)\""},{\""type\"":\""COLLECTION_NAME\"",\""text\"":\""Supreme Court of Canada\""}]"",
    ""jurisdictionId"": ""ca"",
    ""citedCount"": 253
  }
]"
https://canlii.ca/t/1twxt,"[
  {
    ""id"": ""1974csc-scc10011"",
    ""docType"": ""DECISION"",
    ""path"": ""/en/ca/scc/doc/1974/1974canlii12/1974canlii12.html"",
    ""docTitle"": ""McLeod v. Egan"",
    ""autoCompletions"": ""[{\""type\"":\""DECISION_CANLII_REFERENCE\"",\""text\"":\""1974 CanLII 12 (SCC)\""},{\""type\"":\""DECISION_CANLII_REFERENCE\"",\""text\"":\""1974 CanLII 12 (CSC)\""},{\""type\"":\""MAIN_TITLE\"",\""text\"":\""McLeod v. Egan\""},{\""type\"":\""DECISION_OFFICIAL_REPORT_REFERENCE\"",\""text\"":\""[1975] 1 SCR 517\""},{\""type\"":\""DECISION_OFFICIAL_REPORT_REFERENCE\"",\""text\"":\""[1975] 1 RCS 517\""},{\""type\"":\""DECISION_OTHER_REFERENCES\"",\""text\"":\""2 NR 443\""},{\""type\"":\""DECISION_OTHER_REFERENCES\"",\""text\"":\"" 46 DLR (3d) 150\""},{\""type\"":\""DECISION_OTHER_REFERENCES\"",\""text\"":\"" 5 LAC (2d) 336\""},{\""type\"":\""DECISION_OTHER_REFERENCES\"",\""text\"":\"" [1974] CarswellOnt 235\""},{\""type\"":\""DECISION_ALTERNATE_TITLE\"",\""text\"":\""McLeod c. Egan\""},{\""type\"":\""JURISDICTION_NAME\"",\""text\"":\""Canada (Federal)\""},{\""type\"":\""COLLECTION_NAME\"",\""text\"":\""Supreme Court of Canada\""}]"",
    ""jurisdictionId"": ""ca"",
    ""citedCount"": 715
  }
]"
https://canlii.ca/t/1vkdx,"[
  {
    ""id"": ""2008fca40"",
    ""docType"": ""DECISION"",
    ""path"": ""/en/ca/fca/doc/2008/2008fca40/2008fca40.html"",
    ""docTitle"": ""Canada v. Canadian Council for Refugees"",
    ""autoCompletions"": ""[{\""type\"":\""DECISION_NEUTRAL_CITATION\"",\""text\"":\""2008 FCA 40\""},{\""type\"":\""DECISION_NEUTRAL_CITATION\"",\""text\"":\""2008 CAF 40\""},{\""type\"":\""DECISION_CANLII_REFERENCE\"",\""text\"":\""2008 FCA 40 (CanLII)\""},{\""type\"":\""DECISION_CANLII_REFERENCE\"",\""text\"":\""2008 CAF 40 (CanLII)\""},{\""type\"":\""MAIN_TITLE\"",\""text\"":\""Canada v. Canadian Council for Refugees\""},{\""type\"":\""DECISION_OTHER_REFERENCES\"",\""text\"":\""373 NR 387\""},{\""type\"":\""DECISION_OTHER_REFERENCES\"",\""text\"":\"" [2008] CarswellNat 150\""},{\""type\"":\""DECISION_ALTERNATE_TITLE\"",\""text\"":\""Canada c. Conseil canadien pour les réfugiés\""},{\""type\"":\""DECISION_DOCKET_NUMBER\"",\""text\"":\""A-37-08\""},{\""type\"":\""JURISDICTION_NAME\"",\""text\"":\""Canada (Federal)\""},{\""type\"":\""COLLECTION_NAME\"",\""text\"":\""Federal Court of Appeal\""}]"",
    ""jurisdictionId"": ""ca"",
    ""citedCount"": 12
  }
]"
https://canlii.ca/t/1vxsm,"[
  {
    ""id"": ""2008csc-scc9"",
    ""docType"": ""DECISION"",
    ""path"": ""/en/ca/scc/doc/2008/2008scc9/2008scc9.html"",
    ""docTitle"": ""Dunsmuir v. New Brunswick"",
    ""autoCompletions"": ""[{\""type\"":\""DECISION_NEUTRAL_CITATION\"",\""text\"":\""2008 SCC 9\""},{\""type\"":\""DECISION_NEUTRAL_CITATION\"",\""text\"":\""2008 CSC 9\""},{\""type\"":\""DECISION_CANLII_REFERENCE\"",\""text\"":\""2008 SCC 9 (CanLII)\""},{\""type\"":\""DECISION_CANLII_REFERENCE\"",\""text\"":\""2008 CSC 9 (CanLII)\""},{\""type\"":\""MAIN_TITLE\"",\""text\"":\""Dunsmuir v. New Brunswick\""},{\""type\"":\""DECISION_OFFICIAL_REPORT_REFERENCE\"",\""text\"":\""[2008] 1 SCR 190\""},{\""type\"":\""DECISION_OFFICIAL_REPORT_REFERENCE\"",\""text\"":\""[2008] 1 RCS 190\""},{\""type\"":\""DECISION_OTHER_REFERENCES\"",\""text\"":\"" REJB 2008-130674\""},{\""type\"":\""DECISION_OTHER_REFERENCES\"",\""text\"":\""329 NBR (2d) 1\""},{\""type\"":\""DECISION_OTHER_REFERENCES\"",\""text\"":\"" 291 DLR (4th) 577\""},{\""type\"":\""DECISION_OTHER_REFERENCES\"",\""text\"":\"" 372 NR 1\""},{\""type\"":\""DECISION_OTHER_REFERENCES\"",\""text\"":\"" 164 ACWS (3d) 727\""},{\""type\"":\""DECISION_OTHER_REFERENCES\"",\""text\"":\"" 844 APR 1\""},{\""type\"":\""DECISION_OTHER_REFERENCES\"",\""text\"":\"" AZ-50478101\""},{\""type\"":\""DECISION_OTHER_REFERENCES\"",\""text\"":\"" 170 LAC (4th) 1\""},{\""type\"":\""DECISION_OTHER_REFERENCES\"",\""text\"":\"" 64 CCEL (3d) 1\""},{\""type\"":\""DECISION_OTHER_REFERENCES\"",\""text\"":\"" 69 Admin LR (4th) 1\""},{\""type\"":\""DECISION_OTHER_REFERENCES\"",\""text\"":\"" 69 Imm LR (3d) 1\""},{\""type\"":\""DECISION_OTHER_REFERENCES\"",\""text\"":\"" 95 LCR 65\""},{\""type\"":\""DECISION_OTHER_REFERENCES\"",\""text\"":\"" DTE 2008T-223\""},{\""type\"":\""DECISION_OTHER_REFERENCES\"",\""text\"":\"" [2008] CarswellNB 124\""},{\""type\"":\""DECISION_OTHER_REFERENCES\"",\""text\"":\"" EYB 2008-130674\""},{\""type\"":\""DECISION_OTHER_REFERENCES\"",\""text\"":\"" JE 2008-547\""},{\""type\"":\""DECISION_OTHER_REFERENCES\"",\""text\"":\"" [2008] SCJ No 9 (QL)\""},{\""type\"":\""DECISION_OTHER_REFERENCES\"",\""text\"":\"" [2008] ACS no 9\""},{\""type\"":\""DECISION_OTHER_REFERENCES\"",\""text\"":\""329 RNB (2d) 1\""},{\""type\"":\""DECISION_OTHER_REFERENCES\"",\""text\"":\"" 64 RCDT (3d) 1\""},{\""type\"":\""DECISION_ALTERNATE_TITLE\"",\""text\"":\""New Brunswick (Board of Management) v. Dunsmuir\""},{\""type\"":\""DECISION_ALTERNATE_TITLE\"",\""text\"":\""Dunsmuir c. Nouveau-Brunswick\""},{\""type\"":\""DECISION_DOCKET_NUMBER\"",\""text\"":\""31459\""},{\""type\"":\""JURISDICTION_NAME\"",\""text\"":\""Canada (Federal)\""},{\""type\"":\""COLLECTION_NAME\"",\""text\"":\""Supreme Court of Canada\""}]"",
    ""jurisdictionId"": ""ca"",
    ""citedCount"": 19895
  }
]"
https://canlii.ca/t/1vxsn,"[
  {
    ""id"": ""2008csc-scc9"",
    ""docType"": ""DECISION"",
    ""path"": ""/fr/ca/csc/doc/2008/2008csc9/2008csc9.html"",
    ""docTitle"": ""Dunsmuir c. Nouveau-Brunswick"",
    ""autoCompletions"": ""[{\""type\"":\""DECISION_NEUTRAL_CITATION\"",\""text\"":\""2008 CSC 9\""},{\""type\"":\""DECISION_NEUTRAL_CITATION\"",\""text\"":\""2008 SCC 9\""},{\""type\"":\""DECISION_CANLII_REFERENCE\"",\""text\"":\""2008 CSC 9 (CanLII)\""},{\""type\"":\""DECISION_CANLII_REFERENCE\"",\""text\"":\""2008 SCC 9 (CanLII)\""},{\""type\"":\""MAIN_TITLE\"",\""text\"":\""Dunsmuir c. Nouveau-Brunswick\""},{\""type\"":\""DECISION_OFFICIAL_REPORT_REFERENCE\"",\""text\"":\""[2008] 1 RCS 190\""},{\""type\"":\""DECISION_OFFICIAL_REPORT_REFERENCE\"",\""text\"":\""[2008] 1 SCR 190\""},{\""type\"":\""DECISION_OTHER_REFERENCES\"",\""text\"":\"" REJB 2008-130674\""},{\""type\"":\""DECISION_OTHER_REFERENCES\"",\""text\"":\""329 RNB (2d) 1\""},{\""type\"":\""DECISION_OTHER_REFERENCES\"",\""text\"":\"" 291 DLR (4th) 577\""},{\""type\"":\""DECISION_OTHER_REFERENCES\"",\""text\"":\"" 372 NR 1\""},{\""type\"":\""DECISION_OTHER_REFERENCES\"",\""text\"":\"" 164 ACWS (3d) 727\""},{\""type\"":\""DECISION_OTHER_REFERENCES\"",\""text\"":\"" 844 APR 1\""},{\""type\"":\""DECISION_OTHER_REFERENCES\"",\""text\"":\"" AZ-50478101\""},{\""type\"":\""DECISION_OTHER_REFERENCES\"",\""text\"":\"" 170 LAC (4th) 1\""},{\""type\"":\""DECISION_OTHER_REFERENCES\"",\""text\"":\"" 64 RCDT (3d) 1\""},{\""type\"":\""DECISION_OTHER_REFERENCES\"",\""text\"":\"" 69 Admin LR (4th) 1\""},{\""type\"":\""DECISION_OTHER_REFERENCES\"",\""text\"":\"" 69 Imm LR (3d) 1\""},{\""type\"":\""DECISION_OTHER_REFERENCES\"",\""text\"":\"" 95 LCR 65\""},{\""type\"":\""DECISION_OTHER_REFERENCES\"",\""text\"":\"" DTE 2008T-223\""},{\""type\"":\""DECISION_OTHER_REFERENCES\"",\""text\"":\"" [2008] CarswellNB 124\""},{\""type\"":\""DECISION_OTHER_REFERENCES\"",\""text\"":\"" EYB 2008-130674\""},{\""type\"":\""DECISION_OTHER_REFERENCES\"",\""text\"":\"" JE 2008-547\""},{\""type\"":\""DECISION_OTHER_REFERENCES\"",\""text\"":\"" [2008] SCJ No 9 (QL)\""},{\""type\"":\""DECISION_OTHER_REFERENCES\"",\""text\"":\"" [2008] ACS no 9\""},{\""type\"":\""DECISION_OTHER_REFERENCES\"",\""text\"":\""329 NBR (2d) 1\""},{\""type\"":\""DECISION_OTHER_REFERENCES\"",\""text\"":\"" 64 CCEL (3d) 1\""},{\""type\"":\""DECISION_ALTERNATE_TITLE\"",\""text\"":\""Dunsmuir v. New Brunswick\""},{\""type\"":\""DECISION_DOCKET_NUMBER\"",\""text\"":\""31459\""},{\""type\"":\""JURISDICTION_NAME\"",\""text\"":\""Canada (fédéral)\""},{\""type\"":\""COLLECTION_NAME\"",\""text\"":\""Cour suprême du Canada\""}]"",
    ""jurisdictionId"": ""ca"",
    ""citedCount"": 19853
  }
]"
https://canlii.ca/t/1wnbc,"[
  {
    ""id"": ""2008csc-scc18"",
    ""docType"": ""DECISION"",
    ""path"": ""/en/ca/scc/doc/2008/2008scc18/2008scc18.html"",
    ""docTitle"": ""R. v. Kang-Brown"",
    ""autoCompletions"": ""[{\""type\"":\""DECISION_NEUTRAL_CITATION\"",\""text\"":\""2008 SCC 18\""},{\""type\"":\""DECISION_NEUTRAL_CITATION\"",\""text\"":\""2008 CSC 18\""},{\""type\"":\""DECISION_CANLII_REFERENCE\"",\""text\"":\""2008 SCC 18 (CanLII)\""},{\""type\"":\""DECISION_CANLII_REFERENCE\"",\""text\"":\""2008 CSC 18 (CanLII)\""},{\""type\"":\""MAIN_TITLE\"",\""text\"":\""R. v. Kang-Brown\""},{\""type\"":\""DECISION_OFFICIAL_REPORT_REFERENCE\"",\""text\"":\""[2008] 1 SCR 456\""},{\""type\"":\""DECISION_OFFICIAL_REPORT_REFERENCE\"",\""text\"":\""[2008] 1 RCS 456\""},{\""type\"":\""DECISION_OTHER_REFERENCES\"",\""text\"":\"" REJB 2008-132461\""},{\""type\"":\""DECISION_OTHER_REFERENCES\"",\""text\"":\""293 DLR (4th) 99\""},{\""type\"":\""DECISION_OTHER_REFERENCES\"",\""text\"":\"" 373 NR 67\""},{\""type\"":\""DECISION_OTHER_REFERENCES\"",\""text\"":\"" [2008] 6 WWR 17\""},{\""type\"":\""DECISION_OTHER_REFERENCES\"",\""text\"":\"" AZ-50487304\""},{\""type\"":\""DECISION_OTHER_REFERENCES\"",\""text\"":\"" 432 AR 1\""},{\""type\"":\""DECISION_OTHER_REFERENCES\"",\""text\"":\"" 87 Alta LR (4th) 1\""},{\""type\"":\""DECISION_OTHER_REFERENCES\"",\""text\"":\"" 230 CCC (3d) 289\""},{\""type\"":\""DECISION_OTHER_REFERENCES\"",\""text\"":\"" 55 CR (6th) 240\""},{\""type\"":\""DECISION_OTHER_REFERENCES\"",\""text\"":\"" 169 CRR (2d) 61\""},{\""type\"":\""DECISION_OTHER_REFERENCES\"",\""text\"":\"" 77 WCB (2d) 288\""},{\""type\"":\""DECISION_OTHER_REFERENCES\"",\""text\"":\"" EYB 2008-132461\""},{\""type\"":\""DECISION_OTHER_REFERENCES\"",\""text\"":\"" JE 2008-905\""},{\""type\"":\""DECISION_OTHER_REFERENCES\"",\""text\"":\"" [2008] SCJ No 18 (QL)\""},{\""type\"":\""DECISION_OTHER_REFERENCES\"",\""text\"":\"" [2008] ACS no 18\""},{\""type\"":\""DECISION_ALTERNATE_TITLE\"",\""text\"":\""R. Brown\""},{\""type\"":\""DECISION_ALTERNATE_TITLE\"",\""text\"":\""R. v. Kang-Brown (G.)\""},{\""type\"":\""DECISION_ALTERNATE_TITLE\"",\""text\"":\""R. v. Brown\""},{\""type\"":\""DECISION_ALTERNATE_TITLE\"",\""text\"":\""R. c. Kang-Brown\""},{\""type\"":\""DECISION_DOCKET_NUMBER\"",\""text\"":\""31598\""},{\""type\"":\""JURISDICTION_NAME\"",\""text\"":\""Canada (Federal)\""},{\""type\"":\""COLLECTION_NAME\"",\""text\"":\""Supreme Court of Canada\""}]"",
    ""jurisdictionId"": ""ca"",
    ""citedCount"": 801
  }
]"
https://canlii.ca/t/1wvjc,"[
  {
    ""id"": ""2008onca366"",
    ""docType"": ""DECISION"",
    ""path"": ""/en/on/onca/doc/2008/2008onca366/2008onca366.html"",
    ""docTitle"": ""City of Toronto Economic Development Corporation v. Information and Privacy Commissioner/Ontario"",
    ""autoCompletions"": ""[{\""type\"":\""DECISION_NEUTRAL_CITATION\"",\""text\"":\""2008 ONCA 366\""},{\""type\"":\""DECISION_CANLII_REFERENCE\"",\""text\"":\""2008 ONCA 366 (CanLII)\""},{\""type\"":\""MAIN_TITLE\"",\""text\"":\""City of Toronto Economic Development Corporation v. Information and Privacy Commissioner/Ontario\""},{\""type\"":\""DECISION_OTHER_REFERENCES\"",\""text\"":\""292 DLR (4th) 706\""},{\""type\"":\""DECISION_OTHER_REFERENCES\"",\""text\"":\"" 166 ACWS (3d) 208\""},{\""type\"":\""DECISION_OTHER_REFERENCES\"",\""text\"":\"" 238 OAC 88\""},{\""type\"":\""DECISION_OTHER_REFERENCES\"",\""text\"":\"" [2008] OJ No 1799 (QL)\""},{\""type\"":\""DECISION_OTHER_REFERENCES\"",\""text\"":\"" 45 MPLR (4th) 1\""},{\""type\"":\""DECISION_ALTERNATE_TITLE\"",\""text\"":\""Toronto Economic Development Corp. v. Information and Privacy Commissioner (Ont.) et al.\""},{\""type\"":\""DECISION_ALTERNATE_TITLE\"",\""text\"":\""City of Toronto Economic Development Corp. v. Ontario (Information and Privacy Commissioner)\""},{\""type\"":\""DECISION_DOCKET_NUMBER\"",\""text\"":\""C46850\""},{\""type\"":\""DECISION_DOCKET_NUMBER\"",\""text\"":\"" C46883\""},{\""type\"":\""JURISDICTION_NAME\"",\""text\"":\""Ontario\""},{\""type\"":\""COLLECTION_NAME\"",\""text\"":\""Court of Appeal for Ontario\""}]"",
    ""jurisdictionId"": ""on"",
    ""citedCount"": 35
  }
]"
https://canlii.ca/t/1wzlx,"[
  {
    ""id"": ""2008fct614"",
    ""docType"": ""DECISION"",
    ""path"": ""/en/ca/fct/doc/2008/2008fc614/2008fc614.html"",
    ""docTitle"": ""Lee v. Canada (Minister of Citizenship and Immigration) (F.C.)"",
    ""autoCompletions"": ""[{\""type\"":\""DECISION_NEUTRAL_CITATION\"",\""text\"":\""2008 FC 614\""},{\""type\"":\""DECISION_NEUTRAL_CITATION\"",\""text\"":\""2008 CF 614\""},{\""type\"":\""DECISION_CANLII_REFERENCE\"",\""text\"":\""2008 FC 614 (CanLII)\""},{\""type\"":\""DECISION_CANLII_REFERENCE\"",\""text\"":\""2008 CF 614 (CanLII)\""},{\""type\"":\""MAIN_TITLE\"",\""text\"":\""Lee v. Canada (Minister of Citizenship and Immigration) (F.C.)\""},{\""type\"":\""DECISION_OFFICIAL_REPORT_REFERENCE\"",\""text\"":\""[2009] 1 FCR 204\""},{\""type\"":\""DECISION_OFFICIAL_REPORT_REFERENCE\"",\""text\"":\""[2009] 1 RCF 204\""},{\""type\"":\""DECISION_OTHER_REFERENCES\"",\""text\"":\""329 FTR 135\""},{\""type\"":\""DECISION_OTHER_REFERENCES\"",\""text\"":\"" 167 ACWS (3d) 859\""},{\""type\"":\""DECISION_OTHER_REFERENCES\"",\""text\"":\"" 176 CRR (2d) 338\""},{\""type\"":\""DECISION_ALTERNATE_TITLE\"",\""text\"":\""Lee v. Canada (Minister of Citizenship and Immigration)\""},{\""type\"":\""DECISION_ALTERNATE_TITLE\"",\""text\"":\""Lee c. Canada (Ministre de la Citoyenneté et de l'Immigration) (C.F.)\""},{\""type\"":\""DECISION_DOCKET_NUMBER\"",\""text\"":\""T-1837-06\""},{\""type\"":\""JURISDICTION_NAME\"",\""text\"":\""Canada (Federal)\""},{\""type\"":\""COLLECTION_NAME\"",\""text\"":\""Federal Court\""}]"",
    ""jurisdictionId"": ""ca"",
    ""citedCount"": 8
  }
]"
https://canlii.ca/t/1x205,"[
  {
    ""id"": ""2008csc-scc32"",
    ""docType"": ""DECISION"",
    ""path"": ""/en/ca/scc/doc/2008/2008scc32/2008scc32.html"",
    ""docTitle"": ""Association des courtiers et agents immobiliers du Québec v. Proprio Direct inc."",
    ""autoCompletions"": ""[{\""type\"":\""DECISION_NEUTRAL_CITATION\"",\""text\"":\""2008 SCC 32\""},{\""type\"":\""DECISION_NEUTRAL_CITATION\"",\""text\"":\""2008 CSC 32\""},{\""type\"":\""DECISION_CANLII_REFERENCE\"",\""text\"":\""2008 SCC 32 (CanLII)\""},{\""type\"":\""DECISION_CANLII_REFERENCE\"",\""text\"":\""2008 CSC 32 (CanLII)\""},{\""type\"":\""MAIN_TITLE\"",\""text\"":\""Association des courtiers et agents immobiliers du Québec v. Proprio Direct inc.\""},{\""type\"":\""DECISION_OFFICIAL_REPORT_REFERENCE\"",\""text\"":\""[2008] 2 SCR 195\""},{\""type\"":\""DECISION_OFFICIAL_REPORT_REFERENCE\"",\""text\"":\""[2008] 2 RCS 195\""},{\""type\"":\""DECISION_OTHER_REFERENCES\"",\""text\"":\"" REJB 2008-133941\""},{\""type\"":\""DECISION_OTHER_REFERENCES\"",\""text\"":\""293 DLR (4th) 578\""},{\""type\"":\""DECISION_OTHER_REFERENCES\"",\""text\"":\"" 375 NR 1\""},{\""type\"":\""DECISION_OTHER_REFERENCES\"",\""text\"":\"" 166 ACWS (3d) 211\""},{\""type\"":\""DECISION_OTHER_REFERENCES\"",\""text\"":\"" AZ-50494346\""},{\""type\"":\""DECISION_OTHER_REFERENCES\"",\""text\"":\"" 70 Admin LR (4th) 157\""},{\""type\"":\""DECISION_OTHER_REFERENCES\"",\""text\"":\"" EYB 2008-133941\""},{\""type\"":\""DECISION_OTHER_REFERENCES\"",\""text\"":\"" JE 2008-1167\""},{\""type\"":\""DECISION_OTHER_REFERENCES\"",\""text\"":\"" [2008] SCJ No 32 (QL)\""},{\""type\"":\""DECISION_OTHER_REFERENCES\"",\""text\"":\"" [2008] ACS no 32\""},{\""type\"":\""DECISION_OTHER_REFERENCES\"",\""text\"":\"" 68 RPR (4th) 1\""},{\""type\"":\""DECISION_ALTERNATE_TITLE\"",\""text\"":\""Proprio Direct inc. v. Pigeon\""},{\""type\"":\""DECISION_ALTERNATE_TITLE\"",\""text\"":\""Assoc. des Courtiers et Agents Immobiliers du Québec v. Proprio Direct Inc.\""},{\""type\"":\""DECISION_ALTERNATE_TITLE\"",\""text\"":\""Association des courtiers et agents immobiliers du Québec c. Proprio Direct inc.\""},{\""type\"":\""DECISION_DOCKET_NUMBER\"",\""text\"":\""31664\""},{\""type\"":\""JURISDICTION_NAME\"",\""text\"":\""Canada (Federal)\""},{\""type\"":\""COLLECTION_NAME\"",\""text\"":\""Supreme Court of Canada\""}]"",
    ""jurisdictionId"": ""ca"",
    ""citedCount"": 396
  }
]"
https://canlii.ca/t/1x3kx,"[
  {
    ""id"": ""2008onca436"",
    ""docType"": ""DECISION"",
    ""path"": ""/en/on/onca/doc/2008/2008onca436/2008onca436.html"",
    ""docTitle"": ""Mills v. Ontario (Workplace Safety and Insurance Appeals Tribunal)"",
    ""autoCompletions"": ""[{\""type\"":\""DECISION_NEUTRAL_CITATION\"",\""text\"":\""2008 ONCA 436\""},{\""type\"":\""DECISION_CANLII_REFERENCE\"",\""text\"":\""2008 ONCA 436 (CanLII)\""},{\""type\"":\""MAIN_TITLE\"",\""text\"":\""Mills v. Ontario (Workplace Safety and Insurance Appeals Tribunal)\""},{\""type\"":\""DECISION_OTHER_REFERENCES\"",\""text\"":\""168 ACWS (3d) 679\""},{\""type\"":\""DECISION_OTHER_REFERENCES\"",\""text\"":\"" 237 OAC 71\""},{\""type\"":\""DECISION_OTHER_REFERENCES\"",\""text\"":\"" [2008] OJ No 2150 (QL)\""},{\""type\"":\""DECISION_ALTERNATE_TITLE\"",\""text\"":\""Mills v. Workplace Safety and Insurance Appeals Tribunal (Ont.)\""},{\""type\"":\""DECISION_DOCKET_NUMBER\"",\""text\"":\""C47246\""},{\""type\"":\""JURISDICTION_NAME\"",\""text\"":\""Ontario\""},{\""type\"":\""COLLECTION_NAME\"",\""text\"":\""Court of Appeal for Ontario\""}]"",
    ""jurisdictionId"": ""on"",
    ""citedCount"": 73
  }
]"
https://canlii.ca/t/1xtwb,"[
  {
    ""id"": ""1972csc-scc10130"",
    ""docType"": ""DECISION"",
    ""path"": ""/en/ca/scc/doc/1972/1972canlii139/1972canlii139.html"",
    ""docTitle"": ""Woodward Estate v. Minister of Finance"",
    ""autoCompletions"": ""[{\""type\"":\""DECISION_CANLII_REFERENCE\"",\""text\"":\""1972 CanLII 139 (SCC)\""},{\""type\"":\""DECISION_CANLII_REFERENCE\"",\""text\"":\""1972 CanLII 139 (CSC)\""},{\""type\"":\""MAIN_TITLE\"",\""text\"":\""Woodward Estate v. Minister of Finance\""},{\""type\"":\""DECISION_OFFICIAL_REPORT_REFERENCE\"",\""text\"":\""[1973] SCR 120\""},{\""type\"":\""DECISION_OFFICIAL_REPORT_REFERENCE\"",\""text\"":\""[1973] RCS 120\""},{\""type\"":\""DECISION_OTHER_REFERENCES\"",\""text\"":\""27 DLR (3d) 608\""},{\""type\"":\""DECISION_OTHER_REFERENCES\"",\""text\"":\"" [1972] 5 WWR 581\""},{\""type\"":\""DECISION_OTHER_REFERENCES\"",\""text\"":\"" [1972] CTC 385\""},{\""type\"":\""DECISION_OTHER_REFERENCES\"",\""text\"":\"" [1972] SCJ No 81 (QL)\""},{\""type\"":\""DECISION_ALTERNATE_TITLE\"",\""text\"":\""Woodward (Estate) v. British Columbia (Minister of Finance)\""},{\""type\"":\""DECISION_ALTERNATE_TITLE\"",\""text\"":\""Succession Woodward c. Ministre des Finances\""},{\""type\"":\""JURISDICTION_NAME\"",\""text\"":\""Canada (Federal)\""},{\""type\"":\""COLLECTION_NAME\"",\""text\"":\""Supreme Court of Canada\""}]"",
    ""jurisdictionId"": ""ca"",
    ""citedCount"": 90
  }
]"
https://canlii.ca/t/1xv6g,"[
  {
    ""id"": ""1973csc-scc10164"",
    ""docType"": ""DECISION"",
    ""path"": ""/en/ca/scc/doc/1973/1973canlii191/1973canlii191.html"",
    ""docTitle"": ""Service Employees’ International Union, Local No. 333 v. Nipawin District Staff Nurses Association et al."",
    ""autoCompletions"": ""[{\""type\"":\""DECISION_CANLII_REFERENCE\"",\""text\"":\""1973 CanLII 191 (SCC)\""},{\""type\"":\""DECISION_CANLII_REFERENCE\"",\""text\"":\""1973 CanLII 191 (CSC)\""},{\""type\"":\""MAIN_TITLE\"",\""text\"":\""Service Employees’ International Union, Local No. 333 v. Nipawin District Staff Nurses Association et al.\""},{\""type\"":\""DECISION_OFFICIAL_REPORT_REFERENCE\"",\""text\"":\""[1975] 1 SCR 382\""},{\""type\"":\""DECISION_OFFICIAL_REPORT_REFERENCE\"",\""text\"":\""[1975] 1 RCS 382\""},{\""type\"":\""DECISION_OTHER_REFERENCES\"",\""text\"":\""41 DLR (3d) 6\""},{\""type\"":\""DECISION_OTHER_REFERENCES\"",\""text\"":\"" [1974] 1 WWR 653\""},{\""type\"":\""DECISION_OTHER_REFERENCES\"",\""text\"":\"" AZ-75111035\""},{\""type\"":\""DECISION_OTHER_REFERENCES\"",\""text\"":\"" [1973] SCJ No 148 (QL)\""},{\""type\"":\""DECISION_ALTERNATE_TITLE\"",\""text\"":\""Service Employees' International Union, Local No. 33 v. Nipawin District Staff Nurses Association\""},{\""type\"":\""DECISION_ALTERNATE_TITLE\"",\""text\"":\""Union internationale des employés des services, Local no. 333 c. Nipawin District Staff Nurses Association et al.\""},{\""type\"":\""JURISDICTION_NAME\"",\""text\"":\""Canada (Federal)\""},{\""type\"":\""COLLECTION_NAME\"",\""text\"":\""Supreme Court of Canada\""}]"",
    ""jurisdictionId"": ""ca"",
    ""citedCount"": 1188
  }
]"
https://canlii.ca/t/1z1cx,"[
  {
    ""id"": ""1982csc-scc10176"",
    ""docType"": ""DECISION"",
    ""path"": ""/en/ca/scc/doc/1982/1982canlii202/1982canlii202.html"",
    ""docTitle"": ""Minister of Indian Affairs and Northern Development v. Ranville et al."",
    ""autoCompletions"": ""[{\""type\"":\""DECISION_CANLII_REFERENCE\"",\""text\"":\""1982 CanLII 202 (SCC)\""},{\""type\"":\""DECISION_CANLII_REFERENCE\"",\""text\"":\""1982 CanLII 202 (CSC)\""},{\""type\"":\""MAIN_TITLE\"",\""text\"":\""Minister of Indian Affairs and Northern Development v. Ranville et al.\""},{\""type\"":\""DECISION_OFFICIAL_REPORT_REFERENCE\"",\""text\"":\""[1982] 2 SCR 518\""},{\""type\"":\""DECISION_OFFICIAL_REPORT_REFERENCE\"",\""text\"":\""[1982] 2 RCS 518\""},{\""type\"":\""DECISION_OTHER_REFERENCES\"",\""text\"":\""139 DLR (3d) 1\""},{\""type\"":\""DECISION_OTHER_REFERENCES\"",\""text\"":\"" 44 NR 616\""},{\""type\"":\""DECISION_OTHER_REFERENCES\"",\""text\"":\"" [1983] 1 CNLR 12\""},{\""type\"":\""DECISION_OTHER_REFERENCES\"",\""text\"":\"" [1982] CarswellNat 486\""},{\""type\"":\""DECISION_OTHER_REFERENCES\"",\""text\"":\"" JE 82-1035\""},{\""type\"":\""DECISION_OTHER_REFERENCES\"",\""text\"":\"" [1982] SCJ No 77 (QL)\""},{\""type\"":\""DECISION_OTHER_REFERENCES\"",\""text\"":\"" [1983] RDJ 16\""},{\""type\"":\""DECISION_ALTERNATE_TITLE\"",\""text\"":\""Canada (Indian Affairs and Northern Development) v. Ranville\""},{\""type\"":\""DECISION_ALTERNATE_TITLE\"",\""text\"":\""Ministre des Affaires indiennes et du Nord canadien c. Ranville et autre\""},{\""type\"":\""DECISION_DOCKET_NUMBER\"",\""text\"":\""16218\""},{\""type\"":\""JURISDICTION_NAME\"",\""text\"":\""Canada (Federal)\""},{\""type\"":\""COLLECTION_NAME\"",\""text\"":\""Supreme Court of Canada\""}]"",
    ""jurisdictionId"": ""ca"",
    ""citedCount"": 91
  }
]"
https://canlii.ca/t/1z452,"[
  {
    ""id"": ""1974csc-scc10180"",
    ""docType"": ""DECISION"",
    ""path"": ""/en/ca/scc/doc/1974/1974canlii198/1974canlii198.html"",
    ""docTitle"": ""Parkland (County of) v. Stetar et al."",
    ""autoCompletions"": ""[{\""type\"":\""DECISION_CANLII_REFERENCE\"",\""text\"":\""1974 CanLII 198 (SCC)\""},{\""type\"":\""DECISION_CANLII_REFERENCE\"",\""text\"":\""1974 CanLII 198 (CSC)\""},{\""type\"":\""MAIN_TITLE\"",\""text\"":\""Parkland (County of) v. Stetar et al.\""},{\""type\"":\""DECISION_OFFICIAL_REPORT_REFERENCE\"",\""text\"":\""[1975] 2 SCR 884\""},{\""type\"":\""DECISION_OFFICIAL_REPORT_REFERENCE\"",\""text\"":\""[1975] 2 RCS 884\""},{\""type\"":\""DECISION_OTHER_REFERENCES\"",\""text\"":\""3 NR 311\""},{\""type\"":\""DECISION_OTHER_REFERENCES\"",\""text\"":\"" 50 DLR (3d) 376\""},{\""type\"":\""DECISION_OTHER_REFERENCES\"",\""text\"":\"" [1975] 1 WWR 441\""},{\""type\"":\""DECISION_ALTERNATE_TITLE\"",\""text\"":\""Parkland (County) No. 31 v. Stetar\""},{\""type\"":\""DECISION_ALTERNATE_TITLE\"",\""text\"":\""Parkland(Comté de) c. Stetar et al.\""},{\""type\"":\""JURISDICTION_NAME\"",\""text\"":\""Canada (Federal)\""},{\""type\"":\""COLLECTION_NAME\"",\""text\"":\""Supreme Court of Canada\""}]"",
    ""jurisdictionId"": ""ca"",
    ""citedCount"": 90
  }
]"
https://canlii.ca/t/1z6fk,"[
  {
    ""id"": ""1975csc-scc10177"",
    ""docType"": ""DECISION"",
    ""path"": ""/en/ca/scc/doc/1975/1975canlii194/1975canlii194.html"",
    ""docTitle"": ""Pfizer Co. Ltd. v. Deputy Minister of National Revenue"",
    ""autoCompletions"": ""[{\""type\"":\""DECISION_CANLII_REFERENCE\"",\""text\"":\""1975 CanLII 194 (SCC)\""},{\""type\"":\""DECISION_CANLII_REFERENCE\"",\""text\"":\""1975 CanLII 194 (CSC)\""},{\""type\"":\""MAIN_TITLE\"",\""text\"":\""Pfizer Co. Ltd. v. Deputy Minister of National Revenue\""},{\""type\"":\""DECISION_OFFICIAL_REPORT_REFERENCE\"",\""text\"":\""[1977] 1 SCR 456\""},{\""type\"":\""DECISION_OFFICIAL_REPORT_REFERENCE\"",\""text\"":\""[1977] 1 RCS 456\""},{\""type\"":\""DECISION_OTHER_REFERENCES\"",\""text\"":\""68 DLR (3d) 9\""},{\""type\"":\""DECISION_OTHER_REFERENCES\"",\""text\"":\"" 6 NR 440\""},{\""type\"":\""DECISION_OTHER_REFERENCES\"",\""text\"":\"" AZ-77111039\""},{\""type\"":\""DECISION_OTHER_REFERENCES\"",\""text\"":\"" 24 CPR (2d) 195\""},{\""type\"":\""DECISION_OTHER_REFERENCES\"",\""text\"":\"" [1975] SCJ No 126 (QL)\""},{\""type\"":\""DECISION_OTHER_REFERENCES\"",\""text\"":\"" [1975] ACS no 126\""},{\""type\"":\""DECISION_ALTERNATE_TITLE\"",\""text\"":\""Pfizer Co. Ltd. c. Sous-ministre du Revenu National\""},{\""type\"":\""JURISDICTION_NAME\"",\""text\"":\""Canada (Federal)\""},{\""type\"":\""COLLECTION_NAME\"",\""text\"":\""Supreme Court of Canada\""}]"",
    ""jurisdictionId"": ""ca"",
    ""citedCount"": 164
  }
]"
https://canlii.ca/t/1z75c,"[
  {
    ""id"": ""1978csc-scc10191"",
    ""docType"": ""DECISION"",
    ""path"": ""/en/ca/scc/doc/1978/1978canlii195/1978canlii195.html"",
    ""docTitle"": ""Attorney General (Que.) et al. v. Farrah"",
    ""autoCompletions"": ""[{\""type\"":\""DECISION_CANLII_REFERENCE\"",\""text\"":\""1978 CanLII 195 (SCC)\""},{\""type\"":\""DECISION_CANLII_REFERENCE\"",\""text\"":\""1978 CanLII 195 (CSC)\""},{\""type\"":\""MAIN_TITLE\"",\""text\"":\""Attorney General (Que.) et al. v. Farrah\""},{\""type\"":\""DECISION_OFFICIAL_REPORT_REFERENCE\"",\""text\"":\""[1978] 2 SCR 638\""},{\""type\"":\""DECISION_OFFICIAL_REPORT_REFERENCE\"",\""text\"":\""[1978] 2 RCS 638\""},{\""type\"":\""DECISION_OTHER_REFERENCES\"",\""text\"":\""21 NR 595\""},{\""type\"":\""DECISION_OTHER_REFERENCES\"",\""text\"":\"" 86 DLR (3d) 161\""},{\""type\"":\""DECISION_OTHER_REFERENCES\"",\""text\"":\"" [1978] SCJ No 24 (QL)\""},{\""type\"":\""DECISION_OTHER_REFERENCES\"",\""text\"":\"" [1978] ACS no 24\""},{\""type\"":\""DECISION_ALTERNATE_TITLE\"",\""text\"":\""Procureur général (Québec) et autre c. Farrah\""},{\""type\"":\""JURISDICTION_NAME\"",\""text\"":\""Canada (Federal)\""},{\""type\"":\""COLLECTION_NAME\"",\""text\"":\""Supreme Court of Canada\""}]"",
    ""jurisdictionId"": ""ca"",
    ""citedCount"": 212
  }
]"
https://canlii.ca/t/1z9xr,"[
  {
    ""id"": ""1975csc-scc10129"",
    ""docType"": ""DECISION"",
    ""path"": ""/en/ca/scc/doc/1975/1975canlii146/1975canlii146.html"",
    ""docTitle"": ""Stein et al. v. ‘Kathy K’ et al. (The Ship)"",
    ""autoCompletions"": ""[{\""type\"":\""DECISION_CANLII_REFERENCE\"",\""text\"":\""1975 CanLII 146 (SCC)\""},{\""type\"":\""DECISION_CANLII_REFERENCE\"",\""text\"":\""1975 CanLII 146 (CSC)\""},{\""type\"":\""MAIN_TITLE\"",\""text\"":\""Stein et al. v. ‘Kathy K’ et al. (The Ship)\""},{\""type\"":\""DECISION_OFFICIAL_REPORT_REFERENCE\"",\""text\"":\""[1976] 2 SCR 802\""},{\""type\"":\""DECISION_OFFICIAL_REPORT_REFERENCE\"",\""text\"":\""[1976] 2 RCS 802\""},{\""type\"":\""DECISION_OTHER_REFERENCES\"",\""text\"":\""62 DLR (3d) 1\""},{\""type\"":\""DECISION_OTHER_REFERENCES\"",\""text\"":\"" 6 NR 359\""},{\""type\"":\""DECISION_OTHER_REFERENCES\"",\""text\"":\"" [1976] 1 Lloyd's Rep 153\""},{\""type\"":\""DECISION_OTHER_REFERENCES\"",\""text\"":\"" [1975] SCJ No 104 (QL)\""},{\""type\"":\""DECISION_OTHER_REFERENCES\"",\""text\"":\"" [1975] ACS no 104\""},{\""type\"":\""DECISION_ALTERNATE_TITLE\"",\""text\"":\""Stein et al. v. 'Kathy K' et al. (The Ship)\""},{\""type\"":\""DECISION_ALTERNATE_TITLE\"",\""text\"":\""Stein et al. c. ‘Kathy K’ et al. (The Ship)\""},{\""type\"":\""JURISDICTION_NAME\"",\""text\"":\""Canada (Federal)\""},{\""type\"":\""COLLECTION_NAME\"",\""text\"":\""Supreme Court of Canada\""}]"",
    ""jurisdictionId"": ""ca"",
    ""citedCount"": 1212
  }
]"
https://canlii.ca/t/20mt9,"[
  {
    ""id"": ""2007qcca1136"",
    ""docType"": ""DECISION"",
    ""path"": ""/en/qc/qcca/doc/2007/2007qcca1136/2007qcca1136.html"",
    ""docTitle"": ""Québec (Procureur général) c. H.N."",
    ""autoCompletions"": ""[{\""type\"":\""DECISION_NEUTRAL_CITATION\"",\""text\"":\""2007 QCCA 1136\""},{\""type\"":\""DECISION_CANLII_REFERENCE\"",\""text\"":\""2007 QCCA 1136 (CanLII)\""},{\""type\"":\""MAIN_TITLE\"",\""text\"":\""Québec (Procureur général) c. H.N.\""},{\""type\"":\""DECISION_OTHER_REFERENCES\"",\""text\"":\""JE 2007-1690\""},{\""type\"":\""DECISION_ALTERNATE_TITLE\"",\""text\"":\""Québec (Procureur général) c. H.N.\""},{\""type\"":\""DECISION_DOCKET_NUMBER\"",\""text\"":\""500-09-014815-047\""},{\""type\"":\""JURISDICTION_NAME\"",\""text\"":\""Quebec\""},{\""type\"":\""COLLECTION_NAME\"",\""text\"":\""Court of Appeal of Quebec\""}]"",
    ""jurisdictionId"": ""qc"",
    ""citedCount"": 5
  }
]"
https://canlii.ca/t/2126f,"[
  {
    ""id"": ""1987bcca1000149"",
    ""docType"": ""DECISION"",
    ""path"": ""/en/bc/bcca/doc/1987/1987canlii2733/1987canlii2733.html"",
    ""docTitle"": ""Underwood v. Ocean City Realty Ltd."",
    ""autoCompletions"": ""[{\""type\"":\""DECISION_CANLII_REFERENCE\"",\""text\"":\""1987 CanLII 2733 (BC CA)\""},{\""type\"":\""MAIN_TITLE\"",\""text\"":\""Underwood v. Ocean City Realty Ltd.\""},{\""type\"":\""DECISION_OTHER_REFERENCES\"",\""text\"":\""12 BCLR (2d) 199\""},{\""type\"":\""DECISION_OTHER_REFERENCES\"",\""text\"":\"" [1987] BCJ No 470 (QL)\""},{\""type\"":\""DECISION_DOCKET_NUMBER\"",\""text\"":\""CA004699\""},{\""type\"":\""JURISDICTION_NAME\"",\""text\"":\""British Columbia\""},{\""type\"":\""COLLECTION_NAME\"",\""text\"":\""Court of Appeal for British Columbia\""}]"",
    ""jurisdictionId"": ""bc"",
    ""citedCount"": 110
  }
]"
https://canlii.ca/t/22m7x,"[
  {
    ""id"": ""2009onipc1000021"",
    ""docType"": ""DECISION"",
    ""path"": ""/en/on/onipc/doc/2009/2009canlii7937/2009canlii7937.html"",
    ""docTitle"": ""Durham (Regional Municipality) (Re)"",
    ""autoCompletions"": ""[{\""type\"":\""DECISION_CANLII_REFERENCE\"",\""text\"":\""2009 CanLII 7937 (ON IPC)\""},{\""type\"":\""MAIN_TITLE\"",\""text\"":\""Durham (Regional Municipality) (Re)\""},{\""type\"":\""DECISION_DOCKET_NUMBER\"",\""text\"":\""MO-2393\""},{\""type\"":\""DECISION_DOCKET_NUMBER\"",\""text\"":\"" MA07-238\""},{\""type\"":\""JURISDICTION_NAME\"",\""text\"":\""Ontario\""},{\""type\"":\""COLLECTION_NAME\"",\""text\"":\""Information and Privacy Commissioner Ontario\""}]"",
    ""jurisdictionId"": ""on"",
    ""citedCount"": 0
  }
]"
https://canlii.ca/t/22mvz,"[
  {
    ""id"": ""2009csc-scc12"",
    ""docType"": ""DECISION"",
    ""path"": ""/en/ca/scc/doc/2009/2009scc12/2009scc12.html"",
    ""docTitle"": ""Canada (Citizenship and Immigration) v. Khosa"",
    ""autoCompletions"": ""[{\""type\"":\""DECISION_NEUTRAL_CITATION\"",\""text\"":\""2009 SCC 12\""},{\""type\"":\""DECISION_NEUTRAL_CITATION\"",\""text\"":\""2009 CSC 12\""},{\""type\"":\""DECISION_CANLII_REFERENCE\"",\""text\"":\""2009 SCC 12 (CanLII)\""},{\""type\"":\""DECISION_CANLII_REFERENCE\"",\""text\"":\""2009 CSC 12 (CanLII)\""},{\""type\"":\""MAIN_TITLE\"",\""text\"":\""Canada (Citizenship and Immigration) v. Khosa\""},{\""type\"":\""DECISION_OFFICIAL_REPORT_REFERENCE\"",\""text\"":\""[2009] 1 SCR 339\""},{\""type\"":\""DECISION_OFFICIAL_REPORT_REFERENCE\"",\""text\"":\""[2009] 1 RCS 339\""},{\""type\"":\""DECISION_OTHER_REFERENCES\"",\""text\"":\"" REJB 2009-155418\""},{\""type\"":\""DECISION_OTHER_REFERENCES\"",\""text\"":\""304 DLR (4th) 1\""},{\""type\"":\""DECISION_OTHER_REFERENCES\"",\""text\"":\"" 385 NR 206\""},{\""type\"":\""DECISION_OTHER_REFERENCES\"",\""text\"":\"" 175 ACWS (3d) 7\""},{\""type\"":\""DECISION_OTHER_REFERENCES\"",\""text\"":\"" AZ-50542515\""},{\""type\"":\""DECISION_OTHER_REFERENCES\"",\""text\"":\"" 77 Imm LR (3d) 1\""},{\""type\"":\""DECISION_OTHER_REFERENCES\"",\""text\"":\"" 82 Admin LR (4th) 1\""},{\""type\"":\""DECISION_OTHER_REFERENCES\"",\""text\"":\"" [2009] CarswellNat 434\""},{\""type\"":\""DECISION_OTHER_REFERENCES\"",\""text\"":\"" EYB 2009-155418\""},{\""type\"":\""DECISION_OTHER_REFERENCES\"",\""text\"":\"" JE 2009-481\""},{\""type\"":\""DECISION_OTHER_REFERENCES\"",\""text\"":\"" [2009] FCJ No 12 (QL)\""},{\""type\"":\""DECISION_OTHER_REFERENCES\"",\""text\"":\"" [2009] SCJ No 12 (QL)\""},{\""type\"":\""DECISION_OTHER_REFERENCES\"",\""text\"":\"" [2009] ACS no 12\""},{\""type\"":\""DECISION_OTHER_REFERENCES\"",\""text\"":\"" [2009] ACF No 12 (QL)\""},{\""type\"":\""DECISION_ALTERNATE_TITLE\"",\""text\"":\""Khosa v. Canada (Citizenship and Immigration)\""},{\""type\"":\""DECISION_ALTERNATE_TITLE\"",\""text\"":\""Khosa v. Canada (Minister of Citizenship & Immigration)\""},{\""type\"":\""DECISION_ALTERNATE_TITLE\"",\""text\"":\""Canada (Citoyenneté et Immigration) c. Khosa\""},{\""type\"":\""DECISION_DOCKET_NUMBER\"",\""text\"":\""31952\""},{\""type\"":\""JURISDICTION_NAME\"",\""text\"":\""Canada (Federal)\""},{\""type\"":\""COLLECTION_NAME\"",\""text\"":\""Supreme Court of Canada\""}]"",
    ""jurisdictionId"": ""ca"",
    ""citedCount"": 5984
  }
]"
https://canlii.ca/t/22wmw,"[
  {
    ""id"": ""1959csc-scc1000009"",
    ""docType"": ""DECISION"",
    ""path"": ""/en/ca/scc/doc/1959/1959canlii50/1959canlii50.html"",
    ""docTitle"": ""Roncarelli v. Duplessis"",
    ""autoCompletions"": ""[{\""type\"":\""DECISION_CANLII_REFERENCE\"",\""text\"":\""1959 CanLII 50 (SCC)\""},{\""type\"":\""MAIN_TITLE\"",\""text\"":\""Roncarelli v. Duplessis\""},{\""type\"":\""DECISION_OFFICIAL_REPORT_REFERENCE\"",\""text\"":\""[1959] SCR 121\""},{\""type\"":\""DECISION_OTHER_REFERENCES\"",\""text\"":\""16 DLR (2d) 689\""},{\""type\"":\""DECISION_OTHER_REFERENCES\"",\""text\"":\"" [1959] SCJ No 1 (QL)\""},{\""type\"":\""DECISION_OTHER_REFERENCES\"",\""text\"":\"" [1959] ACS no 1\""},{\""type\"":\""JURISDICTION_NAME\"",\""text\"":\""Canada (Federal)\""},{\""type\"":\""COLLECTION_NAME\"",\""text\"":\""Supreme Court of Canada\""}]"",
    ""jurisdictionId"": ""ca"",
    ""citedCount"": 1435
  }
]"
https://canlii.ca/t/22wpp,"[
  {
    ""id"": ""1951csc-scc1000014"",
    ""docType"": ""DECISION"",
    ""path"": ""/en/ca/scc/doc/1951/1951canlii36/1951canlii36.html"",
    ""docTitle"": ""Woods v. The King"",
    ""autoCompletions"": ""[{\""type\"":\""DECISION_CANLII_REFERENCE\"",\""text\"":\""1951 CanLII 36 (SCC)\""},{\""type\"":\""MAIN_TITLE\"",\""text\"":\""Woods v. The King\""},{\""type\"":\""DECISION_OFFICIAL_REPORT_REFERENCE\"",\""text\"":\""[1951] SCR 504\""},{\""type\"":\""DECISION_OTHER_REFERENCES\"",\""text\"":\""[1951] 2 DLR 465\""},{\""type\"":\""DECISION_OTHER_REFERENCES\"",\""text\"":\"" 67 CRTC 87\""},{\""type\"":\""DECISION_OTHER_REFERENCES\"",\""text\"":\"" [1951] CarswellNat 272\""},{\""type\"":\""JURISDICTION_NAME\"",\""text\"":\""Canada (Federal)\""},{\""type\"":\""COLLECTION_NAME\"",\""text\"":\""Supreme Court of Canada\""}]"",
    ""jurisdictionId"": ""ca"",
    ""citedCount"": 202
  }
]"
https://canlii.ca/t/22xwz,"[
  {
    ""id"": ""1964csc-scc1000055"",
    ""docType"": ""DECISION"",
    ""path"": ""/en/ca/scc/doc/1964/1964canlii96/1964canlii96.html"",
    ""docTitle"": ""Palsky et al. v. Humphrey et al./ Sillito et al. v. Humphrey et al."",
    ""autoCompletions"": ""[{\""type\"":\""DECISION_CANLII_REFERENCE\"",\""text\"":\""1964 CanLII 96 (SCC)\""},{\""type\"":\""MAIN_TITLE\"",\""text\"":\""Palsky et al. v. Humphrey et al./ Sillito et al. v. Humphrey et al.\""},{\""type\"":\""DECISION_OFFICIAL_REPORT_REFERENCE\"",\""text\"":\""[1964] SCR 580\""},{\""type\"":\""DECISION_OTHER_REFERENCES\"",\""text\"":\""45 DLR (2d) 655\""},{\""type\"":\""DECISION_OTHER_REFERENCES\"",\""text\"":\"" 48 WWR (n.s.) 38\""},{\""type\"":\""DECISION_ALTERNATE_TITLE\"",\""text\"":\""Palsky et al. v. Humphrey et al.\""},{\""type\"":\""DECISION_ALTERNATE_TITLE\"",\""text\"":\""Palsky v. Humphrey\""},{\""type\"":\""JURISDICTION_NAME\"",\""text\"":\""Canada (Federal)\""},{\""type\"":\""COLLECTION_NAME\"",\""text\"":\""Supreme Court of Canada\""}]"",
    ""jurisdictionId"": ""ca"",
    ""citedCount"": 120
  }
]"
https://canlii.ca/t/231v2,"[
  {
    ""id"": ""1995onca1000010"",
    ""docType"": ""DECISION"",
    ""path"": ""/en/on/onca/doc/1995/1995canlii8924/1995canlii8924.html"",
    ""docTitle"": ""R. v. C.M."",
    ""autoCompletions"": ""[{\""type\"":\""DECISION_CANLII_REFERENCE\"",\""text\"":\""1995 CanLII 8924 (ON CA)\""},{\""type\"":\""MAIN_TITLE\"",\""text\"":\""R. v. C.M.\""},{\""type\"":\""DECISION_OTHER_REFERENCES\"",\""text\"":\""23 OR (3d) 629\""},{\""type\"":\""DECISION_OTHER_REFERENCES\"",\""text\"":\"" 82 OAC 68\""},{\""type\"":\""DECISION_OTHER_REFERENCES\"",\""text\"":\"" 41 CR (4th) 134\""},{\""type\"":\""DECISION_OTHER_REFERENCES\"",\""text\"":\"" 98 CCC (3d) 481\""},{\""type\"":\""DECISION_OTHER_REFERENCES\"",\""text\"":\"" 27 WCB (2d) 337\""},{\""type\"":\""DECISION_OTHER_REFERENCES\"",\""text\"":\"" 30 CRR (2d) 112\""},{\""type\"":\""DECISION_OTHER_REFERENCES\"",\""text\"":\"" [1995] OJ No 1432 (QL)\""},{\""type\"":\""DECISION_ALTERNATE_TITLE\"",\""text\"":\""R. v. M. (C.)\""},{\""type\"":\""DECISION_ALTERNATE_TITLE\"",\""text\"":\""R. v. M.(C.)\""},{\""type\"":\""DECISION_DOCKET_NUMBER\"",\""text\"":\""C12929\""},{\""type\"":\""JURISDICTION_NAME\"",\""text\"":\""Ontario\""},{\""type\"":\""COLLECTION_NAME\"",\""text\"":\""Court of Appeal for Ontario\""}]"",
    ""jurisdictionId"": ""on"",
    ""citedCount"": 65
  }
]"
https://canlii.ca/t/23ngc,"[
  {
    ""id"": ""1980bcca1000072"",
    ""docType"": ""DECISION"",
    ""path"": ""/en/bc/bcca/doc/1980/1980canlii408/1980canlii408.html"",
    ""docTitle"": ""Taylor v. R."",
    ""autoCompletions"": ""[{\""type\"":\""DECISION_CANLII_REFERENCE\"",\""text\"":\""1980 CanLII 408 (BC CA)\""},{\""type\"":\""MAIN_TITLE\"",\""text\"":\""Taylor v. R.\""},{\""type\"":\""DECISION_OTHER_REFERENCES\"",\""text\"":\""112 DLR (3d) 297\""},{\""type\"":\""DECISION_OTHER_REFERENCES\"",\""text\"":\"" 21 BCLR 155\""},{\""type\"":\""DECISION_ALTERNATE_TITLE\"",\""text\"":\""Taylor v. British Columbia\""},{\""type\"":\""DECISION_DOCKET_NUMBER\"",\""text\"":\""CA780893\""},{\""type\"":\""JURISDICTION_NAME\"",\""text\"":\""British Columbia\""},{\""type\"":\""COLLECTION_NAME\"",\""text\"":\""Court of Appeal for British Columbia\""}]"",
    ""jurisdictionId"": ""bc"",
    ""citedCount"": 17
  }
]"
https://canlii.ca/t/24ccr,"[
  {
    ""id"": ""1984bcca1000244"",
    ""docType"": ""DECISION"",
    ""path"": ""/en/bc/bcca/doc/1984/1984canlii795/1984canlii795.html"",
    ""docTitle"": ""R. v. Erickson"",
    ""autoCompletions"": ""[{\""type\"":\""DECISION_CANLII_REFERENCE\"",\""text\"":\""1984 CanLII 795 (BC CA)\""},{\""type\"":\""MAIN_TITLE\"",\""text\"":\""R. v. Erickson\""},{\""type\"":\""DECISION_OTHER_REFERENCES\"",\""text\"":\""[1984] 5 WWR 577\""},{\""type\"":\""DECISION_OTHER_REFERENCES\"",\""text\"":\"" 56 BCLR 247\""},{\""type\"":\""DECISION_OTHER_REFERENCES\"",\""text\"":\"" 13 CCC (3d) 269\""},{\""type\"":\""DECISION_OTHER_REFERENCES\"",\""text\"":\"" 12 CRR 193\""},{\""type\"":\""DECISION_ALTERNATE_TITLE\"",\""text\"":\""Regina v. Erickson\""},{\""type\"":\""DECISION_DOCKET_NUMBER\"",\""text\"":\""001770\""},{\""type\"":\""JURISDICTION_NAME\"",\""text\"":\""British Columbia\""},{\""type\"":\""COLLECTION_NAME\"",\""text\"":\""Court of Appeal for British Columbia\""}]"",
    ""jurisdictionId"": ""bc"",
    ""citedCount"": 70
  }
]"
https://canlii.ca/t/251ck,"[
  {
    ""id"": ""2009csc-scc39"",
    ""docType"": ""DECISION"",
    ""path"": ""/en/ca/scc/doc/2009/2009scc39/2009scc39.html"",
    ""docTitle"": ""Nolan v. Kerry (Canada) Inc."",
    ""autoCompletions"": ""[{\""type\"":\""DECISION_NEUTRAL_CITATION\"",\""text\"":\""2009 SCC 39\""},{\""type\"":\""DECISION_NEUTRAL_CITATION\"",\""text\"":\""2009 CSC 39\""},{\""type\"":\""DECISION_CANLII_REFERENCE\"",\""text\"":\""2009 SCC 39 (CanLII)\""},{\""type\"":\""DECISION_CANLII_REFERENCE\"",\""text\"":\""2009 CSC 39 (CanLII)\""},{\""type\"":\""MAIN_TITLE\"",\""text\"":\""Nolan v. Kerry (Canada) Inc.\""},{\""type\"":\""DECISION_OFFICIAL_REPORT_REFERENCE\"",\""text\"":\""[2009] 2 SCR 678\""},{\""type\"":\""DECISION_OFFICIAL_REPORT_REFERENCE\"",\""text\"":\""[2009] 2 RCS 678\""},{\""type\"":\""DECISION_OTHER_REFERENCES\"",\""text\"":\"" REJB 2009-162383\""},{\""type\"":\""DECISION_OTHER_REFERENCES\"",\""text\"":\""102 OR (3d) 319\""},{\""type\"":\""DECISION_OTHER_REFERENCES\"",\""text\"":\"" 309 DLR (4th) 513\""},{\""type\"":\""DECISION_OTHER_REFERENCES\"",\""text\"":\"" 391 NR 234\""},{\""type\"":\""DECISION_OTHER_REFERENCES\"",\""text\"":\"" 179 ACWS (3d) 1202\""},{\""type\"":\""DECISION_OTHER_REFERENCES\"",\""text\"":\"" 253 OAC 256\""},{\""type\"":\""DECISION_OTHER_REFERENCES\"",\""text\"":\"" 49 ETR (3d) 159\""},{\""type\"":\""DECISION_OTHER_REFERENCES\"",\""text\"":\"" 76 CCEL (3d) 55\""},{\""type\"":\""DECISION_OTHER_REFERENCES\"",\""text\"":\"" 92 Admin LR (4th) 203\""},{\""type\"":\""DECISION_OTHER_REFERENCES\"",\""text\"":\"" [2009] CarswellOnt 4494\""},{\""type\"":\""DECISION_OTHER_REFERENCES\"",\""text\"":\"" EYB 2009-162383\""},{\""type\"":\""DECISION_OTHER_REFERENCES\"",\""text\"":\"" JE 2009-1510\""},{\""type\"":\""DECISION_OTHER_REFERENCES\"",\""text\"":\"" [2009] SCJ No 39 (QL)\""},{\""type\"":\""DECISION_OTHER_REFERENCES\"",\""text\"":\"" [2009] ACS no 39\""},{\""type\"":\""DECISION_OTHER_REFERENCES\"",\""text\"":\"" 76 RCDT (3d) 55\""},{\""type\"":\""DECISION_ALTERNATE_TITLE\"",\""text\"":\""DCA Employees Pension Committee v. Ontario (Superintendent of Financial Services)\""},{\""type\"":\""DECISION_ALTERNATE_TITLE\"",\""text\"":\""Kerry (Canada) Inc. v. Ontario (Superintendent of Financial Services)\""},{\""type\"":\""DECISION_ALTERNATE_TITLE\"",\""text\"":\""Nolan et al. v. Superintendent of Financial Services (Ont.) et al.\""},{\""type\"":\""DECISION_ALTERNATE_TITLE\"",\""text\"":\""Nolan c. Kerry (Canada) Inc.\""},{\""type\"":\""DECISION_DOCKET_NUMBER\"",\""text\"":\""32205\""},{\""type\"":\""JURISDICTION_NAME\"",\""text\"":\""Canada (Federal)\""},{\""type\"":\""COLLECTION_NAME\"",\""text\"":\""Supreme Court of Canada\""}]"",
    ""jurisdictionId"": ""ca"",
    ""citedCount"": 336
  }
]"
https://canlii.ca/t/25msh,"[
  {
    ""id"": ""2009bcca396"",
    ""docType"": ""DECISION"",
    ""path"": ""/en/bc/bcca/doc/2009/2009bcca396/2009bcca396.html"",
    ""docTitle"": ""Petro-Canada v. British Columbia (Workers’ Compensation Board)"",
    ""autoCompletions"": ""[{\""type\"":\""DECISION_NEUTRAL_CITATION\"",\""text\"":\""2009 BCCA 396\""},{\""type\"":\""DECISION_CANLII_REFERENCE\"",\""text\"":\""2009 BCCA 396 (CanLII)\""},{\""type\"":\""MAIN_TITLE\"",\""text\"":\""Petro-Canada v. British Columbia (Workers’ Compensation Board)\""},{\""type\"":\""DECISION_OTHER_REFERENCES\"",\""text\"":\""98 BCLR (4th) 1\""},{\""type\"":\""DECISION_OTHER_REFERENCES\"",\""text\"":\"" 276 BCAC 135\""},{\""type\"":\""DECISION_OTHER_REFERENCES\"",\""text\"":\"" [2009] BCJ No 1842 (QL)\""},{\""type\"":\""DECISION_DOCKET_NUMBER\"",\""text\"":\""CA036345\""},{\""type\"":\""JURISDICTION_NAME\"",\""text\"":\""British Columbia\""},{\""type\"":\""COLLECTION_NAME\"",\""text\"":\""Court of Appeal for British Columbia\""}]"",
    ""jurisdictionId"": ""bc"",
    ""citedCount"": 154
  }
]"
https://canlii.ca/t/25n7g,"[
  {
    ""id"": ""2009csc-scc40"",
    ""docType"": ""DECISION"",
    ""path"": ""/en/ca/scc/doc/2009/2009scc40/2009scc40.html"",
    ""docTitle"": ""Bell Canada v. Bell Aliant Regional Communications"",
    ""autoCompletions"": ""[{\""type\"":\""DECISION_NEUTRAL_CITATION\"",\""text\"":\""2009 SCC 40\""},{\""type\"":\""DECISION_NEUTRAL_CITATION\"",\""text\"":\""2009 CSC 40\""},{\""type\"":\""DECISION_CANLII_REFERENCE\"",\""text\"":\""2009 SCC 40 (CanLII)\""},{\""type\"":\""DECISION_CANLII_REFERENCE\"",\""text\"":\""2009 CSC 40 (CanLII)\""},{\""type\"":\""MAIN_TITLE\"",\""text\"":\""Bell Canada v. Bell Aliant Regional Communications\""},{\""type\"":\""DECISION_OFFICIAL_REPORT_REFERENCE\"",\""text\"":\""[2009] 2 SCR 764\""},{\""type\"":\""DECISION_OFFICIAL_REPORT_REFERENCE\"",\""text\"":\""[2009] 2 RCS 764\""},{\""type\"":\""DECISION_OTHER_REFERENCES\"",\""text\"":\""310 DLR (4th) 608\""},{\""type\"":\""DECISION_OTHER_REFERENCES\"",\""text\"":\"" 392 NR 323\""},{\""type\"":\""DECISION_OTHER_REFERENCES\"",\""text\"":\"" 92 Admin LR (4th) 157\""},{\""type\"":\""DECISION_OTHER_REFERENCES\"",\""text\"":\"" [2009] SCJ No 40 (QL)\""},{\""type\"":\""DECISION_ALTERNATE_TITLE\"",\""text\"":\""Bell Canada v. Canadian Radio-Television & Telecommunications Commission\""},{\""type\"":\""DECISION_ALTERNATE_TITLE\"",\""text\"":\""Bell Canada v. Canadian Radio-Television and Telecommunications Commission\""},{\""type\"":\""DECISION_ALTERNATE_TITLE\"",\""text\"":\""Bell Canada c. Bell Aliant Communications régionales\""},{\""type\"":\""DECISION_DOCKET_NUMBER\"",\""text\"":\""32611\""},{\""type\"":\""DECISION_DOCKET_NUMBER\"",\""text\"":\"" 32607\""},{\""type\"":\""JURISDICTION_NAME\"",\""text\"":\""Canada (Federal)\""},{\""type\"":\""COLLECTION_NAME\"",\""text\"":\""Supreme Court of Canada\""}]"",
    ""jurisdictionId"": ""ca"",
    ""citedCount"": 102
  }
]"
https://canlii.ca/t/26sq1,"[
  {
    ""id"": ""2009csc-scc54"",
    ""docType"": ""DECISION"",
    ""path"": ""/en/ca/scc/doc/2009/2009scc54/2009scc54.html"",
    ""docTitle"": ""Plourde v. Wal-Mart Canada Corp."",
    ""autoCompletions"": ""[{\""type\"":\""DECISION_NEUTRAL_CITATION\"",\""text\"":\""2009 SCC 54\""},{\""type\"":\""DECISION_NEUTRAL_CITATION\"",\""text\"":\""2009 CSC 54\""},{\""type\"":\""DECISION_CANLII_REFERENCE\"",\""text\"":\""2009 SCC 54 (CanLII)\""},{\""type\"":\""DECISION_CANLII_REFERENCE\"",\""text\"":\""2009 CSC 54 (CanLII)\""},{\""type\"":\""MAIN_TITLE\"",\""text\"":\""Plourde v. Wal-Mart Canada Corp.\""},{\""type\"":\""DECISION_OFFICIAL_REPORT_REFERENCE\"",\""text\"":\""[2009] 3 SCR 465\""},{\""type\"":\""DECISION_OFFICIAL_REPORT_REFERENCE\"",\""text\"":\""[2009] 3 RCS 465\""},{\""type\"":\""DECISION_OTHER_REFERENCES\"",\""text\"":\"" REJB 2009-166628\""},{\""type\"":\""DECISION_OTHER_REFERENCES\"",\""text\"":\""313 DLR (4th) 539\""},{\""type\"":\""DECISION_OTHER_REFERENCES\"",\""text\"":\"" 396 NR 1\""},{\""type\"":\""DECISION_OTHER_REFERENCES\"",\""text\"":\"" AZ-50585839\""},{\""type\"":\""DECISION_OTHER_REFERENCES\"",\""text\"":\"" EYB 2009-166628\""},{\""type\"":\""DECISION_OTHER_REFERENCES\"",\""text\"":\"" JE 2009-2180\""},{\""type\"":\""DECISION_OTHER_REFERENCES\"",\""text\"":\"" [2009] SCJ No 54 (QL)\""},{\""type\"":\""DECISION_ALTERNATE_TITLE\"",\""text\"":\""Plourde c. Compagnie Wal-Mart du Canada Inc.\""},{\""type\"":\""DECISION_DOCKET_NUMBER\"",\""text\"":\""32342\""},{\""type\"":\""JURISDICTION_NAME\"",\""text\"":\""Canada (Federal)\""},{\""type\"":\""COLLECTION_NAME\"",\""text\"":\""Supreme Court of Canada\""}]"",
    ""jurisdictionId"": ""ca"",
    ""citedCount"": 396
  }
]"
https://canlii.ca/t/273mr,"[
  {
    ""id"": ""2009qcca2445"",
    ""docType"": ""DECISION"",
    ""path"": ""/fr/qc/qcca/doc/2009/2009qcca2445/2009qcca2445.html"",
    ""docTitle"": ""Fédération des coopératives funéraires du Québec c. Bureau de normalisation du Québec"",
    ""autoCompletions"": ""[{\""type\"":\""DECISION_NEUTRAL_CITATION\"",\""text\"":\""2009 QCCA 2445\""},{\""type\"":\""DECISION_CANLII_REFERENCE\"",\""text\"":\""2009 QCCA 2445 (CanLII)\""},{\""type\"":\""MAIN_TITLE\"",\""text\"":\""Fédération des coopératives funéraires du Québec c. Bureau de normalisation du Québec\""},{\""type\"":\""DECISION_OTHER_REFERENCES\"",\""text\"":\""JE 2010-153\""},{\""type\"":\""DECISION_DOCKET_NUMBER\"",\""text\"":\""500-09-020078-093\""},{\""type\"":\""JURISDICTION_NAME\"",\""text\"":\""Québec\""},{\""type\"":\""COLLECTION_NAME\"",\""text\"":\""Cour d'appel du Québec\""}]"",
    ""jurisdictionId"": ""qc"",
    ""citedCount"": 12
  }
]"
https://canlii.ca/t/27jmr,"[
  {
    ""id"": ""2010csc-scc2"",
    ""docType"": ""DECISION"",
    ""path"": ""/en/ca/scc/doc/2010/2010scc2/2010scc2.html"",
    ""docTitle"": ""MiningWatch Canada v. Canada (Fisheries and Oceans)"",
    ""autoCompletions"": ""[{\""type\"":\""DECISION_NEUTRAL_CITATION\"",\""text\"":\""2010 SCC 2\""},{\""type\"":\""DECISION_NEUTRAL_CITATION\"",\""text\"":\""2010 CSC 2\""},{\""type\"":\""DECISION_CANLII_REFERENCE\"",\""text\"":\""2010 SCC 2 (CanLII)\""},{\""type\"":\""DECISION_CANLII_REFERENCE\"",\""text\"":\""2010 CSC 2 (CanLII)\""},{\""type\"":\""MAIN_TITLE\"",\""text\"":\""MiningWatch Canada v. Canada (Fisheries and Oceans)\""},{\""type\"":\""DECISION_OFFICIAL_REPORT_REFERENCE\"",\""text\"":\""[2010] 1 SCR 6\""},{\""type\"":\""DECISION_OFFICIAL_REPORT_REFERENCE\"",\""text\"":\""[2010] 1 RCS 6\""},{\""type\"":\""DECISION_OTHER_REFERENCES\"",\""text\"":\""315 DLR (4th) 434\""},{\""type\"":\""DECISION_OTHER_REFERENCES\"",\""text\"":\"" 397 NR 232\""},{\""type\"":\""DECISION_OTHER_REFERENCES\"",\""text\"":\"" 99 Admin LR (4th) 1\""},{\""type\"":\""DECISION_OTHER_REFERENCES\"",\""text\"":\"" [2010] SCJ No 2 (QL)\""},{\""type\"":\""DECISION_OTHER_REFERENCES\"",\""text\"":\"" [2010] ACS no 2\""},{\""type\"":\""DECISION_ALTERNATE_TITLE\"",\""text\"":\""Mines Alerte Canada c. Canada (Pêches et Océans)\""},{\""type\"":\""DECISION_DOCKET_NUMBER\"",\""text\"":\""32797\""},{\""type\"":\""JURISDICTION_NAME\"",\""text\"":\""Canada (Federal)\""},{\""type\"":\""COLLECTION_NAME\"",\""text\"":\""Supreme Court of Canada\""}]"",
    ""jurisdictionId"": ""ca"",
    ""citedCount"": 313
  }
]"
https://canlii.ca/t/27qn6,"[
  {
    ""id"": ""2010csc-scc3"",
    ""docType"": ""DECISION"",
    ""path"": ""/en/ca/scc/doc/2010/2010scc3/2010scc3.html"",
    ""docTitle"": ""Canada (Prime Minister) v. Khadr"",
    ""autoCompletions"": ""[{\""type\"":\""DECISION_NEUTRAL_CITATION\"",\""text\"":\""2010 SCC 3\""},{\""type\"":\""DECISION_NEUTRAL_CITATION\"",\""text\"":\""2010 CSC 3\""},{\""type\"":\""DECISION_CANLII_REFERENCE\"",\""text\"":\""2010 SCC 3 (CanLII)\""},{\""type\"":\""DECISION_CANLII_REFERENCE\"",\""text\"":\""2010 CSC 3 (CanLII)\""},{\""type\"":\""MAIN_TITLE\"",\""text\"":\""Canada (Prime Minister) v. Khadr\""},{\""type\"":\""DECISION_OFFICIAL_REPORT_REFERENCE\"",\""text\"":\""[2010] 1 SCR 44\""},{\""type\"":\""DECISION_OFFICIAL_REPORT_REFERENCE\"",\""text\"":\""[2010] 1 RCS 44\""},{\""type\"":\""DECISION_OTHER_REFERENCES\"",\""text\"":\"" REJB 2010-168789\""},{\""type\"":\""DECISION_OTHER_REFERENCES\"",\""text\"":\""315 DLR (4th) 1\""},{\""type\"":\""DECISION_OTHER_REFERENCES\"",\""text\"":\"" 397 NR 294\""},{\""type\"":\""DECISION_OTHER_REFERENCES\"",\""text\"":\"" [2010] EXP 424\""},{\""type\"":\""DECISION_OTHER_REFERENCES\"",\""text\"":\"" 251 CCC (3d) 435\""},{\""type\"":\""DECISION_OTHER_REFERENCES\"",\""text\"":\"" 71 CR (6th) 201\""},{\""type\"":\""DECISION_OTHER_REFERENCES\"",\""text\"":\"" 206 CRR (2d) 1\""},{\""type\"":\""DECISION_OTHER_REFERENCES\"",\""text\"":\"" [2010] CarswellNat 121\""},{\""type\"":\""DECISION_OTHER_REFERENCES\"",\""text\"":\"" EYB 2010-168789\""},{\""type\"":\""DECISION_OTHER_REFERENCES\"",\""text\"":\"" JE 2010-219\""},{\""type\"":\""DECISION_OTHER_REFERENCES\"",\""text\"":\"" [2010] SCJ No 3 (QL)\""},{\""type\"":\""DECISION_OTHER_REFERENCES\"",\""text\"":\"" [2010] ACS no 3\""},{\""type\"":\""DECISION_ALTERNATE_TITLE\"",\""text\"":\""Canada (Premier ministre) c. Khadr\""},{\""type\"":\""DECISION_DOCKET_NUMBER\"",\""text\"":\""33289\""},{\""type\"":\""JURISDICTION_NAME\"",\""text\"":\""Canada (Federal)\""},{\""type\"":\""COLLECTION_NAME\"",\""text\"":\""Supreme Court of Canada\""}]"",
    ""jurisdictionId"": ""ca"",
    ""citedCount"": 402
  }
]"
https://canlii.ca/t/29850,"[
  {
    ""id"": ""2010csc-scc14"",
    ""docType"": ""DECISION"",
    ""path"": ""/en/ca/scc/doc/2010/2010scc14/2010scc14.html"",
    ""docTitle"": ""Montréal (City) v. Montreal Port Authority"",
    ""autoCompletions"": ""[{\""type\"":\""DECISION_NEUTRAL_CITATION\"",\""text\"":\""2010 SCC 14\""},{\""type\"":\""DECISION_NEUTRAL_CITATION\"",\""text\"":\""2010 CSC 14\""},{\""type\"":\""DECISION_CANLII_REFERENCE\"",\""text\"":\""2010 SCC 14 (CanLII)\""},{\""type\"":\""DECISION_CANLII_REFERENCE\"",\""text\"":\""2010 CSC 14 (CanLII)\""},{\""type\"":\""MAIN_TITLE\"",\""text\"":\""Montréal (City) v. Montreal Port Authority\""},{\""type\"":\""DECISION_OFFICIAL_REPORT_REFERENCE\"",\""text\"":\""[2010] 1 SCR 427\""},{\""type\"":\""DECISION_OFFICIAL_REPORT_REFERENCE\"",\""text\"":\""[2010] 1 RCS 427\""},{\""type\"":\""DECISION_OTHER_REFERENCES\"",\""text\"":\"" REJB 2010-172260\""},{\""type\"":\""DECISION_OTHER_REFERENCES\"",\""text\"":\""317 DLR (4th) 193\""},{\""type\"":\""DECISION_OTHER_REFERENCES\"",\""text\"":\"" 400 NR 279\""},{\""type\"":\""DECISION_OTHER_REFERENCES\"",\""text\"":\"" 99 Admin LR (4th) 167\""},{\""type\"":\""DECISION_OTHER_REFERENCES\"",\""text\"":\"" EYB 2010-172260\""},{\""type\"":\""DECISION_ALTERNATE_TITLE\"",\""text\"":\""Montréal (Ville) c. Administration portuaire de Montréal\""},{\""type\"":\""DECISION_DOCKET_NUMBER\"",\""text\"":\"" 32881\""},{\""type\"":\""DECISION_DOCKET_NUMBER\"",\""text\"":\""32882\""},{\""type\"":\""JURISDICTION_NAME\"",\""text\"":\""Canada (Federal)\""},{\""type\"":\""COLLECTION_NAME\"",\""text\"":\""Supreme Court of Canada\""}]"",
    ""jurisdictionId"": ""ca"",
    ""citedCount"": 147
  }
]"
https://canlii.ca/t/29q2,"[
  {
    ""id"": ""d2762!d2762"",
    ""docType"": ""DOCTRINE"",
    ""path"": ""/en/commentary/doc/2017CanLIIDocs346"",
    ""docTitle"": ""Struggling Towards Coherence in Canadian Administrative Law? Recent Cases on Standard of Review and Reasonableness"",
    ""autoCompletions"": ""[{\""type\"":\""MAIN_TITLE\"",\""text\"":\""Struggling Towards Coherence in Canadian Administrative Law? Recent Cases on Standard of Review and Reasonableness\""},{\""type\"":\""DOCTRINE_LARGER_WORK\"",\""text\"":\""McGill Law Journal\""},{\""type\"":\""DOCTRINE_LARGER_WORK\"",\""text\"":\""Revue de droit de McGill\""},{\""type\"":\""DOCTRINE_REFERENCE\"",\""text\"":\""2017 CanLIIDocs 346\""},{\""type\"":\""DOCTRINE_LARGER_WORK_REFERENCE\"",\""text\"":\""2017 CanLIIDocs 340\""},{\""type\"":\""DOCTRINE_AUTHOR\"",\""text\"":\""Paul Daly\""},{\""type\"":\""DOCTRINE_SUBJECT\"",\""text\"":\""Administrative remedies\""},{\""type\"":\""DOCTRINE_SUBJECT_TRANSLATED\"",\""text\"":\""Recours administratifs\""}]"",
    ""jurisdictionId"": ""unspecified"",
    ""citedCount"": 0
  }
]"
https://canlii.ca/t/2b2ds,"[
  {
    ""id"": ""2010csc-scc22"",
    ""docType"": ""DECISION"",
    ""path"": ""/en/ca/scc/doc/2010/2010scc22/2010scc22.html"",
    ""docTitle"": ""R. v. Conway"",
    ""autoCompletions"": ""[{\""type\"":\""DECISION_NEUTRAL_CITATION\"",\""text\"":\""2010 SCC 22\""},{\""type\"":\""DECISION_NEUTRAL_CITATION\"",\""text\"":\""2010 CSC 22\""},{\""type\"":\""DECISION_CANLII_REFERENCE\"",\""text\"":\""2010 SCC 22 (CanLII)\""},{\""type\"":\""DECISION_CANLII_REFERENCE\"",\""text\"":\""2010 CSC 22 (CanLII)\""},{\""type\"":\""MAIN_TITLE\"",\""text\"":\""R. v. Conway\""},{\""type\"":\""DECISION_OFFICIAL_REPORT_REFERENCE\"",\""text\"":\""[2010] 1 SCR 765\""},{\""type\"":\""DECISION_OFFICIAL_REPORT_REFERENCE\"",\""text\"":\""[2010] 1 RCS 765\""},{\""type\"":\""DECISION_OTHER_REFERENCES\"",\""text\"":\"" REJB 2010-175167\""},{\""type\"":\""DECISION_OTHER_REFERENCES\"",\""text\"":\""103 OR (3d) 320\""},{\""type\"":\""DECISION_OTHER_REFERENCES\"",\""text\"":\"" 320 DLR (4th) 25\""},{\""type\"":\""DECISION_OTHER_REFERENCES\"",\""text\"":\"" 402 NR 255\""},{\""type\"":\""DECISION_OTHER_REFERENCES\"",\""text\"":\"" 263 OAC 61\""},{\""type\"":\""DECISION_OTHER_REFERENCES\"",\""text\"":\"" [2010] EXP 1926\""},{\""type\"":\""DECISION_OTHER_REFERENCES\"",\""text\"":\"" 255 CCC (3d) 506\""},{\""type\"":\""DECISION_OTHER_REFERENCES\"",\""text\"":\"" 75 CR (6th) 201\""},{\""type\"":\""DECISION_OTHER_REFERENCES\"",\""text\"":\"" 1 Admin LR (5th) 163\""},{\""type\"":\""DECISION_OTHER_REFERENCES\"",\""text\"":\"" 211 CRR (2d) 326\""},{\""type\"":\""DECISION_OTHER_REFERENCES\"",\""text\"":\"" 88 WCB (2d) 441\""},{\""type\"":\""DECISION_OTHER_REFERENCES\"",\""text\"":\"" EYB 2010-175167\""},{\""type\"":\""DECISION_OTHER_REFERENCES\"",\""text\"":\"" JE 2010-1051\""},{\""type\"":\""DECISION_OTHER_REFERENCES\"",\""text\"":\"" [2010] SCJ No 22 (QL)\""},{\""type\"":\""DECISION_ALTERNATE_TITLE\"",\""text\"":\""R. c. Conway\""},{\""type\"":\""DECISION_DOCKET_NUMBER\"",\""text\"":\""32662\""},{\""type\"":\""JURISDICTION_NAME\"",\""text\"":\""Canada (Federal)\""},{\""type\"":\""COLLECTION_NAME\"",\""text\"":\""Supreme Court of Canada\""}]"",
    ""jurisdictionId"": ""ca"",
    ""citedCount"": 982
  }
]"
https://canlii.ca/t/2blz,"[
  {
    ""id"": ""d3569!d3569"",
    ""docType"": ""DOCTRINE"",
    ""path"": ""/en/commentary/doc/1993CanLIIDocs85"",
    ""docTitle"": ""Institutionalized Racism: The Need for Reform of the Criminal Jury Selection Process"",
    ""autoCompletions"": ""[{\""type\"":\""MAIN_TITLE\"",\""text\"":\""Institutionalized Racism: The Need for Reform of the Criminal Jury Selection Process\""},{\""type\"":\""DOCTRINE_LARGER_WORK\"",\""text\"":\""McGill Law Journal\""},{\""type\"":\""DOCTRINE_LARGER_WORK\"",\""text\"":\""Revue de droit de McGill\""},{\""type\"":\""DOCTRINE_REFERENCE\"",\""text\"":\""1993 CanLIIDocs 85\""},{\""type\"":\""DOCTRINE_LARGER_WORK_REFERENCE\"",\""text\"":\""1993 CanLIIDocs 80\""},{\""type\"":\""DOCTRINE_AUTHOR\"",\""text\"":\""Cynthia Petersen\""},{\""type\"":\""DOCTRINE_SUBJECT\"",\""text\"":\""Rights and freedoms\""},{\""type\"":\""DOCTRINE_SUBJECT\"",\""text\"":\""Criminal or statutory infractions\""},{\""type\"":\""DOCTRINE_SUBJECT_TRANSLATED\"",\""text\"":\""Droits et libertés\""},{\""type\"":\""DOCTRINE_SUBJECT_TRANSLATED\"",\""text\"":\""Infractions criminelles ou pénales\""}]"",
    ""jurisdictionId"": ""unspecified"",
    ""citedCount"": 0
  }
]"
https://canlii.ca/t/2bpn,"[
  {
    ""id"": ""d3650!d3650"",
    ""docType"": ""DOCTRINE"",
    ""path"": ""/en/commentary/doc/2018CanLIIDocs169"",
    ""docTitle"": ""Rethinking the Ramifications of Reasonableness Review: Stare Decisis and Reasonableness Review on Questions of Law"",
    ""autoCompletions"": ""[{\""type\"":\""MAIN_TITLE\"",\""text\"":\""Rethinking the Ramifications of Reasonableness Review: Stare Decisis and Reasonableness Review on Questions of Law\""},{\""type\"":\""DOCTRINE_LARGER_WORK\"",\""text\"":\""Alberta Law Review\""},{\""type\"":\""DOCTRINE_LARGER_WORK\"",\""text\"":\""Alberta Law Review\""},{\""type\"":\""DOCTRINE_REFERENCE\"",\""text\"":\""2018 CanLIIDocs 169\""},{\""type\"":\""DOCTRINE_LARGER_WORK_REFERENCE\"",\""text\"":\""2018 CanLIIDocs 164\""},{\""type\"":\""DOCTRINE_AUTHOR\"",\""text\"":\""Michelle Biddulph\""},{\""type\"":\""DOCTRINE_SUBJECT\"",\""text\"":\""Administrative remedies\""},{\""type\"":\""DOCTRINE_SUBJECT\"",\""text\"":\""Interpretation\""},{\""type\"":\""DOCTRINE_SUBJECT_TRANSLATED\"",\""text\"":\""Recours administratifs\""},{\""type\"":\""DOCTRINE_SUBJECT_TRANSLATED\"",\""text\"":\""Interprétation\""}]"",
    ""jurisdictionId"": ""unspecified"",
    ""citedCount"": 0
  }
]"
https://canlii.ca/t/2bst3,"[
  {
    ""id"": ""2010fca193"",
    ""docType"": ""DECISION"",
    ""path"": ""/en/ca/fca/doc/2010/2010fca193/2010fca193.html"",
    ""docTitle"": ""Canada (Attorney General) v. Almon Equipment Limited"",
    ""autoCompletions"": ""[{\""type\"":\""DECISION_NEUTRAL_CITATION\"",\""text\"":\""2010 FCA 193\""},{\""type\"":\""DECISION_NEUTRAL_CITATION\"",\""text\"":\""2010 CAF 193\""},{\""type\"":\""DECISION_CANLII_REFERENCE\"",\""text\"":\""2010 FCA 193 (CanLII)\""},{\""type\"":\""DECISION_CANLII_REFERENCE\"",\""text\"":\""2010 CAF 193 (CanLII)\""},{\""type\"":\""MAIN_TITLE\"",\""text\"":\""Canada (Attorney General) v. Almon Equipment Limited\""},{\""type\"":\""DECISION_OFFICIAL_REPORT_REFERENCE\"",\""text\"":\""[2011] 4 FCR 203\""},{\""type\"":\""DECISION_OFFICIAL_REPORT_REFERENCE\"",\""text\"":\""[2011] 4 RCF 203\""},{\""type\"":\""DECISION_OTHER_REFERENCES\"",\""text\"":\""405 NR 91\""},{\""type\"":\""DECISION_OTHER_REFERENCES\"",\""text\"":\"" 12 Admin LR (5th) 161\""},{\""type\"":\""DECISION_OTHER_REFERENCES\"",\""text\"":\"" [2010] FCJ No 948 (QL)\""},{\""type\"":\""DECISION_OTHER_REFERENCES\"",\""text\"":\"" [2010] ACF No 948 (QL)\""},{\""type\"":\""DECISION_ALTERNATE_TITLE\"",\""text\"":\""Canada (Procureur général) c. Almon Equipment Limited\""},{\""type\"":\""DECISION_DOCKET_NUMBER\"",\""text\"":\""A-298-09 A-299-09\""},{\""type\"":\""JURISDICTION_NAME\"",\""text\"":\""Canada (Federal)\""},{\""type\"":\""COLLECTION_NAME\"",\""text\"":\""Federal Court of Appeal\""}]"",
    ""jurisdictionId"": ""ca"",
    ""citedCount"": 121
  }
]"
https://canlii.ca/t/2dp6k,"[
  {
    ""id"": ""2010onca814"",
    ""docType"": ""DECISION"",
    ""path"": ""/en/on/onca/doc/2010/2010onca814/2010onca814.html"",
    ""docTitle"": ""Bedford v. Canada (Attorney General)"",
    ""autoCompletions"": ""[{\""type\"":\""DECISION_NEUTRAL_CITATION\"",\""text\"":\""2010 ONCA 814\""},{\""type\"":\""DECISION_CANLII_REFERENCE\"",\""text\"":\""2010 ONCA 814 (CanLII)\""},{\""type\"":\""MAIN_TITLE\"",\""text\"":\""Bedford v. Canada (Attorney General)\""},{\""type\"":\""DECISION_OTHER_REFERENCES\"",\""text\"":\""330 DLR (4th) 162\""},{\""type\"":\""DECISION_OTHER_REFERENCES\"",\""text\"":\"" 271 OAC 155\""},{\""type\"":\""DECISION_OTHER_REFERENCES\"",\""text\"":\"" 265 CCC (3d) 390\""},{\""type\"":\""DECISION_OTHER_REFERENCES\"",\""text\"":\"" [2010] OJ No 5155 (QL)\""},{\""type\"":\""DECISION_DOCKET_NUMBER\"",\""text\"":\""M39380\""},{\""type\"":\""JURISDICTION_NAME\"",\""text\"":\""Ontario\""},{\""type\"":\""COLLECTION_NAME\"",\""text\"":\""Court of Appeal for Ontario\""}]"",
    ""jurisdictionId"": ""on"",
    ""citedCount"": 19
  }
]"
https://canlii.ca/t/2fbv3,"[
  {
    ""id"": ""2011csc-scc1"",
    ""docType"": ""DECISION"",
    ""path"": ""/en/ca/scc/doc/2011/2011scc1/2011scc1.html"",
    ""docTitle"": ""Celgene Corp. v. Canada (Attorney General)"",
    ""autoCompletions"": ""[{\""type\"":\""DECISION_NEUTRAL_CITATION\"",\""text\"":\""2011 SCC 1\""},{\""type\"":\""DECISION_NEUTRAL_CITATION\"",\""text\"":\""2011 CSC 1\""},{\""type\"":\""DECISION_CANLII_REFERENCE\"",\""text\"":\""2011 SCC 1 (CanLII)\""},{\""type\"":\""DECISION_CANLII_REFERENCE\"",\""text\"":\""2011 CSC 1 (CanLII)\""},{\""type\"":\""MAIN_TITLE\"",\""text\"":\""Celgene Corp. v. Canada (Attorney General)\""},{\""type\"":\""DECISION_OFFICIAL_REPORT_REFERENCE\"",\""text\"":\""[2011] 1 SCR 3\""},{\""type\"":\""DECISION_OFFICIAL_REPORT_REFERENCE\"",\""text\"":\""[2011] 1 RCS 3\""},{\""type\"":\""DECISION_OTHER_REFERENCES\"",\""text\"":\"" REJB 2011-184979\""},{\""type\"":\""DECISION_OTHER_REFERENCES\"",\""text\"":\""327 DLR (4th) 513\""},{\""type\"":\""DECISION_OTHER_REFERENCES\"",\""text\"":\"" 410 NR 127\""},{\""type\"":\""DECISION_OTHER_REFERENCES\"",\""text\"":\"" 199 ACWS (3d) 1282\""},{\""type\"":\""DECISION_OTHER_REFERENCES\"",\""text\"":\"" [2011] EXP 309\""},{\""type\"":\""DECISION_OTHER_REFERENCES\"",\""text\"":\"" 14 Admin LR (5th) 1\""},{\""type\"":\""DECISION_OTHER_REFERENCES\"",\""text\"":\"" 89 CPR (4th) 1\""},{\""type\"":\""DECISION_OTHER_REFERENCES\"",\""text\"":\"" EYB 2011-184979\""},{\""type\"":\""DECISION_OTHER_REFERENCES\"",\""text\"":\"" JE 2011-167\""},{\""type\"":\""DECISION_OTHER_REFERENCES\"",\""text\"":\"" [2011] SCJ No 1 (QL)\""},{\""type\"":\""DECISION_ALTERNATE_TITLE\"",\""text\"":\""Celgene Corp. c. Canada (Procureur général)\""},{\""type\"":\""DECISION_DOCKET_NUMBER\"",\""text\"":\""33579\""},{\""type\"":\""JURISDICTION_NAME\"",\""text\"":\""Canada (Federal)\""},{\""type\"":\""COLLECTION_NAME\"",\""text\"":\""Supreme Court of Canada\""}]"",
    ""jurisdictionId"": ""ca"",
    ""citedCount"": 388
  }
]"
https://canlii.ca/t/2fnqv,"[
  {
    ""id"": ""2011csc-scc7"",
    ""docType"": ""DECISION"",
    ""path"": ""/en/ca/scc/doc/2011/2011scc7/2011scc7.html"",
    ""docTitle"": ""Smith v. Alliance Pipeline Ltd."",
    ""autoCompletions"": ""[{\""type\"":\""DECISION_NEUTRAL_CITATION\"",\""text\"":\""2011 SCC 7\""},{\""type\"":\""DECISION_NEUTRAL_CITATION\"",\""text\"":\""2011 CSC 7\""},{\""type\"":\""DECISION_CANLII_REFERENCE\"",\""text\"":\""2011 SCC 7 (CanLII)\""},{\""type\"":\""DECISION_CANLII_REFERENCE\"",\""text\"":\""2011 CSC 7 (CanLII)\""},{\""type\"":\""MAIN_TITLE\"",\""text\"":\""Smith v. Alliance Pipeline Ltd.\""},{\""type\"":\""DECISION_OFFICIAL_REPORT_REFERENCE\"",\""text\"":\""[2011] 1 SCR 160\""},{\""type\"":\""DECISION_OFFICIAL_REPORT_REFERENCE\"",\""text\"":\""[2011] 1 RCS 160\""},{\""type\"":\""DECISION_OTHER_REFERENCES\"",\""text\"":\"" REJB 2011-186160\""},{\""type\"":\""DECISION_OTHER_REFERENCES\"",\""text\"":\""328 DLR (4th) 1\""},{\""type\"":\""DECISION_OTHER_REFERENCES\"",\""text\"":\"" 412 NR 66\""},{\""type\"":\""DECISION_OTHER_REFERENCES\"",\""text\"":\"" 199 ACWS (3d) 1037\""},{\""type\"":\""DECISION_OTHER_REFERENCES\"",\""text\"":\"" [2011] EXP 543\""},{\""type\"":\""DECISION_OTHER_REFERENCES\"",\""text\"":\"" 56 CELR (3d) 161\""},{\""type\"":\""DECISION_OTHER_REFERENCES\"",\""text\"":\"" 102 LCR 1\""},{\""type\"":\""DECISION_OTHER_REFERENCES\"",\""text\"":\"" 16 Admin LR (5th) 157\""},{\""type\"":\""DECISION_OTHER_REFERENCES\"",\""text\"":\"" EYB 2011-186160\""},{\""type\"":\""DECISION_OTHER_REFERENCES\"",\""text\"":\"" JE 2011-280\""},{\""type\"":\""DECISION_OTHER_REFERENCES\"",\""text\"":\"" [2011] SCJ No 7 (QL)\""},{\""type\"":\""DECISION_OTHER_REFERENCES\"",\""text\"":\"" [2011] ACS no 7\""},{\""type\"":\""DECISION_ALTERNATE_TITLE\"",\""text\"":\""Smith c. Alliance Pipeline Ltd.\""},{\""type\"":\""DECISION_DOCKET_NUMBER\"",\""text\"":\""33203\""},{\""type\"":\""JURISDICTION_NAME\"",\""text\"":\""Canada (Federal)\""},{\""type\"":\""COLLECTION_NAME\"",\""text\"":\""Supreme Court of Canada\""}]"",
    ""jurisdictionId"": ""ca"",
    ""citedCount"": 806
  }
]"
https://canlii.ca/t/4t7m,"[
  {
    ""id"": ""2001skca83"",
    ""docType"": ""DECISION"",
    ""path"": ""/en/sk/skca/doc/2001/2001skca83/2001skca83.html"",
    ""docTitle"": ""Rosen v. Saskatoon (District Health Board)"",
    ""autoCompletions"": ""[{\""type\"":\""DECISION_NEUTRAL_CITATION\"",\""text\"":\""2001 SKCA 83\""},{\""type\"":\""DECISION_CANLII_REFERENCE\"",\""text\"":\""2001 SKCA 83 (CanLII)\""},{\""type\"":\""MAIN_TITLE\"",\""text\"":\""Rosen v. Saskatoon (District Health Board)\""},{\""type\"":\""DECISION_OTHER_REFERENCES\"",\""text\"":\""202 DLR (4th) 35\""},{\""type\"":\""DECISION_OTHER_REFERENCES\"",\""text\"":\"" [2001] 10 WWR 19\""},{\""type\"":\""DECISION_OTHER_REFERENCES\"",\""text\"":\"" 213 Sask R 61\""},{\""type\"":\""DECISION_OTHER_REFERENCES\"",\""text\"":\"" 34 Admin LR (3d) 235\""},{\""type\"":\""DECISION_OTHER_REFERENCES\"",\""text\"":\"" [2001] SJ No 457 (QL)\""},{\""type\"":\""DECISION_ALTERNATE_TITLE\"",\""text\"":\""Rosen v. Saskatoon District Health Board\""},{\""type\"":\""DECISION_ALTERNATE_TITLE\"",\""text\"":\""Rosen v. Saksatchewan District Health Board\""},{\""type\"":\""DECISION_DOCKET_NUMBER\"",\""text\"":\"" 48\""},{\""type\"":\""DECISION_DOCKET_NUMBER\"",\""text\"":\""CA01083\""},{\""type\"":\""JURISDICTION_NAME\"",\""text\"":\""Saskatchewan\""},{\""type\"":\""COLLECTION_NAME\"",\""text\"":\""Court of Appeal for Saskatchewan\""}]"",
    ""jurisdictionId"": ""sk"",
    ""citedCount"": 20
  }
]"
https://canlii.ca/t/4vg7,"[
  {
    ""id"": ""2001nbca83"",
    ""docType"": ""DECISION"",
    ""path"": ""/en/nb/nbca/doc/2001/2001nbca83/2001nbca83.html"",
    ""docTitle"": ""Agnew v. Smith"",
    ""autoCompletions"": ""[{\""type\"":\""DECISION_NEUTRAL_CITATION\"",\""text\"":\""2001 NBCA 83\""},{\""type\"":\""DECISION_CANLII_REFERENCE\"",\""text\"":\""2001 NBCA 83 (CanLII)\""},{\""type\"":\""MAIN_TITLE\"",\""text\"":\""Agnew v. Smith\""},{\""type\"":\""DECISION_OTHER_REFERENCES\"",\""text\"":\""240 NBR (2d) 63\""},{\""type\"":\""DECISION_OTHER_REFERENCES\"",\""text\"":\"" 622 APR 63\""},{\""type\"":\""DECISION_OTHER_REFERENCES\"",\""text\"":\"" [2001] CarswellNB 275\""},{\""type\"":\""DECISION_OTHER_REFERENCES\"",\""text\"":\"" [2001] NBJ No 282 (QL)\""},{\""type\"":\""DECISION_ALTERNATE_TITLE\"",\""text\"":\""Smith v. Agnew\""},{\""type\"":\""DECISION_DOCKET_NUMBER\"",\""text\"":\""233/2000/CA\""},{\""type\"":\""JURISDICTION_NAME\"",\""text\"":\""New Brunswick\""},{\""type\"":\""COLLECTION_NAME\"",\""text\"":\""Court of Appeal of New Brunswick\""}]"",
    ""jurisdictionId"": ""nb"",
    ""citedCount"": 123
  }
]"
https://canlii.ca/t/4vgj,"[
  {
    ""id"": ""2001nbca97"",
    ""docType"": ""DECISION"",
    ""path"": ""/en/nb/nbca/doc/2001/2001nbca97/2001nbca97.html"",
    ""docTitle"": ""Doiron v. Hogan"",
    ""autoCompletions"": ""[{\""type\"":\""DECISION_NEUTRAL_CITATION\"",\""text\"":\""2001 NBCA 97\""},{\""type\"":\""DECISION_CANLII_REFERENCE\"",\""text\"":\""2001 NBCA 97 (CanLII)\""},{\""type\"":\""MAIN_TITLE\"",\""text\"":\""Doiron v. Hogan\""},{\""type\"":\""DECISION_OTHER_REFERENCES\"",\""text\"":\""243 NBR (2d) 263\""},{\""type\"":\""DECISION_OTHER_REFERENCES\"",\""text\"":\"" 631 APR 263\""},{\""type\"":\""DECISION_OTHER_REFERENCES\"",\""text\"":\"" [2001] NBJ No 382 (QL)\""},{\""type\"":\""DECISION_ALTERNATE_TITLE\"",\""text\"":\""Hogan c. Doiron et al.\""},{\""type\"":\""DECISION_ALTERNATE_TITLE\"",\""text\"":\""Hogan v. Doiron et al.\""},{\""type\"":\""DECISION_DOCKET_NUMBER\"",\""text\"":\""268/99/CA\""},{\""type\"":\""JURISDICTION_NAME\"",\""text\"":\""New Brunswick\""},{\""type\"":\""COLLECTION_NAME\"",\""text\"":\""Court of Appeal of New Brunswick\""}]"",
    ""jurisdictionId"": ""nb"",
    ""citedCount"": 55
  }
]"
https://canlii.ca/t/50dn,"[
  {
    ""id"": ""2003csc-scc54"",
    ""docType"": ""DECISION"",
    ""path"": ""/en/ca/scc/doc/2003/2003scc54/2003scc54.html"",
    ""docTitle"": ""Nova Scotia (Workers' Compensation Board) v. Martin; Nova Scotia (Workers' Compensation Board) v. Laseur"",
    ""autoCompletions"": ""[{\""type\"":\""DECISION_NEUTRAL_CITATION\"",\""text\"":\""2003 SCC 54\""},{\""type\"":\""DECISION_NEUTRAL_CITATION\"",\""text\"":\""2003 CSC 54\""},{\""type\"":\""DECISION_CANLII_REFERENCE\"",\""text\"":\""2003 SCC 54 (CanLII)\""},{\""type\"":\""DECISION_CANLII_REFERENCE\"",\""text\"":\""2003 CSC 54 (CanLII)\""},{\""type\"":\""MAIN_TITLE\"",\""text\"":\""Nova Scotia (Workers' Compensation Board) v. Martin; Nova Scotia (Workers' Compensation Board) v. Laseur\""},{\""type\"":\""DECISION_OFFICIAL_REPORT_REFERENCE\"",\""text\"":\""[2003] 2 SCR 504\""},{\""type\"":\""DECISION_OFFICIAL_REPORT_REFERENCE\"",\""text\"":\""[2003] 2 RCS 504\""},{\""type\"":\""DECISION_OTHER_REFERENCES\"",\""text\"":\"" REJB 2003-48214\""},{\""type\"":\""DECISION_OTHER_REFERENCES\"",\""text\"":\""231 DLR (4th) 385\""},{\""type\"":\""DECISION_OTHER_REFERENCES\"",\""text\"":\"" 310 NR 22\""},{\""type\"":\""DECISION_OTHER_REFERENCES\"",\""text\"":\"" 125 ACWS (3d) 542\""},{\""type\"":\""DECISION_OTHER_REFERENCES\"",\""text\"":\"" 217 NSR (2d) 301\""},{\""type\"":\""DECISION_OTHER_REFERENCES\"",\""text\"":\"" 683 APR 301\""},{\""type\"":\""DECISION_OTHER_REFERENCES\"",\""text\"":\"" 110 CRR (2d) 233\""},{\""type\"":\""DECISION_OTHER_REFERENCES\"",\""text\"":\"" 28 CCEL (3d) 1\""},{\""type\"":\""DECISION_OTHER_REFERENCES\"",\""text\"":\"" 4 Admin LR (4th) 1\""},{\""type\"":\""DECISION_OTHER_REFERENCES\"",\""text\"":\"" [2003] CarswellNS 360\""},{\""type\"":\""DECISION_OTHER_REFERENCES\"",\""text\"":\"" EYB 2003-48214\""},{\""type\"":\""DECISION_OTHER_REFERENCES\"",\""text\"":\"" JE 2003-1843\""},{\""type\"":\""DECISION_OTHER_REFERENCES\"",\""text\"":\"" [2003] NSJ No 54 (QL)\""},{\""type\"":\""DECISION_OTHER_REFERENCES\"",\""text\"":\"" [2003] SCJ No 54 (QL)\""},{\""type\"":\""DECISION_OTHER_REFERENCES\"",\""text\"":\"" [2003] ACS no 54\""},{\""type\"":\""DECISION_OTHER_REFERENCES\"",\""text\"":\"" 28 RCDT (3d) 1\""},{\""type\"":\""DECISION_ALTERNATE_TITLE\"",\""text\"":\""Nova Scotia (Workers' Compensation Board) v. Martin\""},{\""type\"":\""DECISION_ALTERNATE_TITLE\"",\""text\"":\""Nova Scotia (Worker's Compensation Board) v. Martin\""},{\""type\"":\""DECISION_ALTERNATE_TITLE\"",\""text\"":\""Nova Scotia (Workers' Compensation Board) v. Laseur\""},{\""type\"":\""DECISION_ALTERNATE_TITLE\"",\""text\"":\""Martin v. Nova Scotia (Workers' Compensation Board)\""},{\""type\"":\""DECISION_ALTERNATE_TITLE\"",\""text\"":\""Workers' Compensation Board (N.S.) v. Martin et al.\""},{\""type\"":\""DECISION_ALTERNATE_TITLE\"",\""text\"":\""Nouvelle-Écosse (Workers' Compensation Board) c. Martin; Nouvelle-Écosse (Workers' Compensation Board) c. Laseur\""},{\""type\"":\""DECISION_DOCKET_NUMBER\"",\""text\"":\""28370\""},{\""type\"":\""DECISION_DOCKET_NUMBER\"",\""text\"":\"" 28372\""},{\""type\"":\""JURISDICTION_NAME\"",\""text\"":\""Canada (Federal)\""},{\""type\"":\""COLLECTION_NAME\"",\""text\"":\""Supreme Court of Canada\""}]"",
    ""jurisdictionId"": ""ca"",
    ""citedCount"": 2445
  }
]"
https://canlii.ca/t/51pb,"[
  {
    ""id"": ""2003csc-scc42"",
    ""docType"": ""DECISION"",
    ""path"": ""/en/ca/scc/doc/2003/2003scc42/2003scc42.html"",
    ""docTitle"": ""Parry Sound (District) Social Services Administration Board v. O.P.S.E.U., Local 324"",
    ""autoCompletions"": ""[{\""type\"":\""DECISION_NEUTRAL_CITATION\"",\""text\"":\""2003 SCC 42\""},{\""type\"":\""DECISION_NEUTRAL_CITATION\"",\""text\"":\""2003 CSC 42\""},{\""type\"":\""DECISION_CANLII_REFERENCE\"",\""text\"":\""2003 SCC 42 (CanLII)\""},{\""type\"":\""DECISION_CANLII_REFERENCE\"",\""text\"":\""2003 CSC 42 (CanLII)\""},{\""type\"":\""MAIN_TITLE\"",\""text\"":\""Parry Sound (District) Social Services Administration Board v. O.P.S.E.U., Local 324\""},{\""type\"":\""DECISION_OFFICIAL_REPORT_REFERENCE\"",\""text\"":\""[2003] 2 SCR 157\""},{\""type\"":\""DECISION_OFFICIAL_REPORT_REFERENCE\"",\""text\"":\""[2003] 2 RCS 157\""},{\""type\"":\""DECISION_OTHER_REFERENCES\"",\""text\"":\"" REJB 2003-47356\""},{\""type\"":\""DECISION_OTHER_REFERENCES\"",\""text\"":\""67 OR (3d) 256\""},{\""type\"":\""DECISION_OTHER_REFERENCES\"",\""text\"":\"" 230 DLR (4th) 257\""},{\""type\"":\""DECISION_OTHER_REFERENCES\"",\""text\"":\"" 308 NR 271\""},{\""type\"":\""DECISION_OTHER_REFERENCES\"",\""text\"":\"" 177 OAC 235\""},{\""type\"":\""DECISION_OTHER_REFERENCES\"",\""text\"":\"" AZ-50192747\""},{\""type\"":\""DECISION_OTHER_REFERENCES\"",\""text\"":\"" 31 CCEL (3d) 1\""},{\""type\"":\""DECISION_OTHER_REFERENCES\"",\""text\"":\"" 47 CHRR 182\""},{\""type\"":\""DECISION_OTHER_REFERENCES\"",\""text\"":\"" 7 Admin LR (4th) 177\""},{\""type\"":\""DECISION_OTHER_REFERENCES\"",\""text\"":\"" DTE 2003T-923\""},{\""type\"":\""DECISION_OTHER_REFERENCES\"",\""text\"":\"" [2003] CarswellOnt 3501\""},{\""type\"":\""DECISION_OTHER_REFERENCES\"",\""text\"":\"" EYB 2003-47356\""},{\""type\"":\""DECISION_OTHER_REFERENCES\"",\""text\"":\"" JE 2003-1790\""},{\""type\"":\""DECISION_OTHER_REFERENCES\"",\""text\"":\"" [2003] SCJ No 42 (QL)\""},{\""type\"":\""DECISION_OTHER_REFERENCES\"",\""text\"":\"" [2003] ACS no 42\""},{\""type\"":\""DECISION_OTHER_REFERENCES\"",\""text\"":\"" 31 RCDT (3d) 1\""},{\""type\"":\""DECISION_ALTERNATE_TITLE\"",\""text\"":\""Parry Sound (Dist.) Social Services Administration Board v. O.P.S.E.U., Local 324\""},{\""type\"":\""DECISION_ALTERNATE_TITLE\"",\""text\"":\""Social Services Administration Board (Parry Sound District) v. Ontario Public Service Employees Union, Local 324 et al.\""},{\""type\"":\""DECISION_ALTERNATE_TITLE\"",\""text\"":\""Parry Sound (District) Welfare Administration Board v. O.P.S.E.U., Local 324\""},{\""type\"":\""DECISION_ALTERNATE_TITLE\"",\""text\"":\""Parry Sound (District), Conseil d'administration des services sociaux c. S.E.E.F.P.O., section locale 324\""},{\""type\"":\""DECISION_DOCKET_NUMBER\"",\""text\"":\""28819\""},{\""type\"":\""JURISDICTION_NAME\"",\""text\"":\""Canada (Federal)\""},{\""type\"":\""COLLECTION_NAME\"",\""text\"":\""Supreme Court of Canada\""}]"",
    ""jurisdictionId"": ""ca"",
    ""citedCount"": 2602
  }
]"
https://canlii.ca/t/51s6,"[
  {
    ""id"": ""2002csc-scc42"",
    ""docType"": ""DECISION"",
    ""path"": ""/en/ca/scc/doc/2002/2002scc42/2002scc42.html"",
    ""docTitle"": ""Bell ExpressVu Limited Partnership v. Rex"",
    ""autoCompletions"": ""[{\""type\"":\""DECISION_NEUTRAL_CITATION\"",\""text\"":\""2002 SCC 42\""},{\""type\"":\""DECISION_NEUTRAL_CITATION\"",\""text\"":\""2002 CSC 42\""},{\""type\"":\""DECISION_CANLII_REFERENCE\"",\""text\"":\""2002 SCC 42 (CanLII)\""},{\""type\"":\""DECISION_CANLII_REFERENCE\"",\""text\"":\""2002 CSC 42 (CanLII)\""},{\""type\"":\""MAIN_TITLE\"",\""text\"":\""Bell ExpressVu Limited Partnership v. Rex\""},{\""type\"":\""DECISION_OFFICIAL_REPORT_REFERENCE\"",\""text\"":\""[2002] 2 SCR 559\""},{\""type\"":\""DECISION_OFFICIAL_REPORT_REFERENCE\"",\""text\"":\""[2002] 2 RCS 559\""},{\""type\"":\""DECISION_OTHER_REFERENCES\"",\""text\"":\"" REJB 2002-30904\""},{\""type\"":\""DECISION_OTHER_REFERENCES\"",\""text\"":\""212 DLR (4th) 1\""},{\""type\"":\""DECISION_OTHER_REFERENCES\"",\""text\"":\"" 287 NR 248\""},{\""type\"":\""DECISION_OTHER_REFERENCES\"",\""text\"":\"" 113 ACWS (3d) 52\""},{\""type\"":\""DECISION_OTHER_REFERENCES\"",\""text\"":\"" [2002] 5 WWR 1\""},{\""type\"":\""DECISION_OTHER_REFERENCES\"",\""text\"":\"" 271 WAC 1\""},{\""type\"":\""DECISION_OTHER_REFERENCES\"",\""text\"":\"" AZ-50123070\""},{\""type\"":\""DECISION_OTHER_REFERENCES\"",\""text\"":\"" 100 BCLR (3d) 1\""},{\""type\"":\""DECISION_OTHER_REFERENCES\"",\""text\"":\"" [2002] BCWLD 366\""},{\""type\"":\""DECISION_OTHER_REFERENCES\"",\""text\"":\"" 166 BCAC 1\""},{\""type\"":\""DECISION_OTHER_REFERENCES\"",\""text\"":\"" 18 CPR (4th) 289\""},{\""type\"":\""DECISION_OTHER_REFERENCES\"",\""text\"":\"" 93 CRR (2d) 189\""},{\""type\"":\""DECISION_OTHER_REFERENCES\"",\""text\"":\"" [2002] CarswellBC 851\""},{\""type\"":\""DECISION_OTHER_REFERENCES\"",\""text\"":\"" EYB 2002-30904\""},{\""type\"":\""DECISION_OTHER_REFERENCES\"",\""text\"":\"" JE 2002-775\""},{\""type\"":\""DECISION_OTHER_REFERENCES\"",\""text\"":\"" [2002] SCJ No 43 (QL)\""},{\""type\"":\""DECISION_OTHER_REFERENCES\"",\""text\"":\"" [2002] ACS no 43\""},{\""type\"":\""DECISION_ALTERNATE_TITLE\"",\""text\"":\""Bell ExpressVu Ltd. Partnership v. Rex\""},{\""type\"":\""DECISION_ALTERNATE_TITLE\"",\""text\"":\""Bell Express Vu Limited Partnership v. Rex\""},{\""type\"":\""DECISION_ALTERNATE_TITLE\"",\""text\"":\""Bell ExpressVu Limited Partnership c. Rex\""},{\""type\"":\""DECISION_DOCKET_NUMBER\"",\""text\"":\""28227\""},{\""type\"":\""JURISDICTION_NAME\"",\""text\"":\""Canada (Federal)\""},{\""type\"":\""COLLECTION_NAME\"",\""text\"":\""Supreme Court of Canada\""}]"",
    ""jurisdictionId"": ""ca"",
    ""citedCount"": 3626
  }
]"
https://canlii.ca/t/51t4,"[
  {
    ""id"": ""2002csc-scc26"",
    ""docType"": ""DECISION"",
    ""path"": ""/en/ca/scc/doc/2002/2002scc26/2002scc26.html"",
    ""docTitle"": ""R. v. Sheppard"",
    ""autoCompletions"": ""[{\""type\"":\""DECISION_NEUTRAL_CITATION\"",\""text\"":\""2002 SCC 26\""},{\""type\"":\""DECISION_NEUTRAL_CITATION\"",\""text\"":\""2002 CSC 26\""},{\""type\"":\""DECISION_CANLII_REFERENCE\"",\""text\"":\""2002 SCC 26 (CanLII)\""},{\""type\"":\""DECISION_CANLII_REFERENCE\"",\""text\"":\""2002 CSC 26 (CanLII)\""},{\""type\"":\""MAIN_TITLE\"",\""text\"":\""R. v. Sheppard\""},{\""type\"":\""DECISION_OFFICIAL_REPORT_REFERENCE\"",\""text\"":\""[2002] 1 SCR 869\""},{\""type\"":\""DECISION_OFFICIAL_REPORT_REFERENCE\"",\""text\"":\""[2002] 1 RCS 869\""},{\""type\"":\""DECISION_OTHER_REFERENCES\"",\""text\"":\""211 Nfld & PEIR 50\""},{\""type\"":\""DECISION_OTHER_REFERENCES\"",\""text\"":\"" 210 DLR (4th) 608\""},{\""type\"":\""DECISION_OTHER_REFERENCES\"",\""text\"":\"" 284 NR 342\""},{\""type\"":\""DECISION_OTHER_REFERENCES\"",\""text\"":\"" 633 APR 50\""},{\""type\"":\""DECISION_OTHER_REFERENCES\"",\""text\"":\"" AZ-50117270\""},{\""type\"":\""DECISION_OTHER_REFERENCES\"",\""text\"":\"" 162 CCC (3d) 298\""},{\""type\"":\""DECISION_OTHER_REFERENCES\"",\""text\"":\"" 50 CR (5th) 68\""},{\""type\"":\""DECISION_OTHER_REFERENCES\"",\""text\"":\"" 52 WCB (2d) 360\""},{\""type\"":\""DECISION_OTHER_REFERENCES\"",\""text\"":\"" [2002] CarswellNfld 74\""},{\""type\"":\""DECISION_OTHER_REFERENCES\"",\""text\"":\"" JE 2002-582\""},{\""type\"":\""DECISION_OTHER_REFERENCES\"",\""text\"":\"" [2002] SCJ No 30 (QL)\""},{\""type\"":\""DECISION_OTHER_REFERENCES\"",\""text\"":\"" [2002] ACS no 30\""},{\""type\"":\""DECISION_ALTERNATE_TITLE\"",\""text\"":\""R. v. Sheppard (C.)\""},{\""type\"":\""DECISION_ALTERNATE_TITLE\"",\""text\"":\""R. c. Sheppard\""},{\""type\"":\""DECISION_DOCKET_NUMBER\"",\""text\"":\""27439\""},{\""type\"":\""JURISDICTION_NAME\"",\""text\"":\""Canada (Federal)\""},{\""type\"":\""COLLECTION_NAME\"",\""text\"":\""Supreme Court of Canada\""}]"",
    ""jurisdictionId"": ""ca"",
    ""citedCount"": 3367
  }
]"
https://canlii.ca/t/51tl,"[
  {
    ""id"": ""2002csc-scc33"",
    ""docType"": ""DECISION"",
    ""path"": ""/en/ca/scc/doc/2002/2002scc33/2002scc33.html"",
    ""docTitle"": ""Housen v. Nikolaisen"",
    ""autoCompletions"": ""[{\""type\"":\""DECISION_NEUTRAL_CITATION\"",\""text\"":\""2002 SCC 33\""},{\""type\"":\""DECISION_NEUTRAL_CITATION\"",\""text\"":\""2002 CSC 33\""},{\""type\"":\""DECISION_CANLII_REFERENCE\"",\""text\"":\""2002 SCC 33 (CanLII)\""},{\""type\"":\""DECISION_CANLII_REFERENCE\"",\""text\"":\""2002 CSC 33 (CanLII)\""},{\""type\"":\""MAIN_TITLE\"",\""text\"":\""Housen v. Nikolaisen\""},{\""type\"":\""DECISION_OFFICIAL_REPORT_REFERENCE\"",\""text\"":\""[2002] 2 SCR 235\""},{\""type\"":\""DECISION_OFFICIAL_REPORT_REFERENCE\"",\""text\"":\""[2002] 2 RCS 235\""},{\""type\"":\""DECISION_OTHER_REFERENCES\"",\""text\"":\"" REJB 2002-29758\""},{\""type\"":\""DECISION_OTHER_REFERENCES\"",\""text\"":\""[2002] 2 SCR 262\""},{\""type\"":\""DECISION_OTHER_REFERENCES\"",\""text\"":\"" 211 DLR (4th) 577\""},{\""type\"":\""DECISION_OTHER_REFERENCES\"",\""text\"":\"" 286 NR 1\""},{\""type\"":\""DECISION_OTHER_REFERENCES\"",\""text\"":\"" 112 ACWS (3d) 991\""},{\""type\"":\""DECISION_OTHER_REFERENCES\"",\""text\"":\"" [2002] 7 WWR 1\""},{\""type\"":\""DECISION_OTHER_REFERENCES\"",\""text\"":\"" 272 WAC 1\""},{\""type\"":\""DECISION_OTHER_REFERENCES\"",\""text\"":\"" AZ-50118043\""},{\""type\"":\""DECISION_OTHER_REFERENCES\"",\""text\"":\"" 219 Sask R 1\""},{\""type\"":\""DECISION_OTHER_REFERENCES\"",\""text\"":\"" 10 CCLT (3d) 157\""},{\""type\"":\""DECISION_OTHER_REFERENCES\"",\""text\"":\"" [2002] CarswellSask 178\""},{\""type\"":\""DECISION_OTHER_REFERENCES\"",\""text\"":\"" EYB 2002-29758\""},{\""type\"":\""DECISION_OTHER_REFERENCES\"",\""text\"":\"" JE 2002-617\""},{\""type\"":\""DECISION_OTHER_REFERENCES\"",\""text\"":\"" [2002] SCJ No 31 (QL)\""},{\""type\"":\""DECISION_OTHER_REFERENCES\"",\""text\"":\"" [2002] ACS no 31\""},{\""type\"":\""DECISION_OTHER_REFERENCES\"",\""text\"":\"" 30 MPLR (3d) 1\""},{\""type\"":\""DECISION_OTHER_REFERENCES\"",\""text\"":\""[2002] 2 RCS 262\""},{\""type\"":\""DECISION_OTHER_REFERENCES\"",\""text\"":\"" 10 RCRC (3d) 157\""},{\""type\"":\""DECISION_ALTERNATE_TITLE\"",\""text\"":\""Housen v.Nikolaisen\""},{\""type\"":\""DECISION_ALTERNATE_TITLE\"",\""text\"":\""Housen v. Nikolaisen et al.\""},{\""type\"":\""DECISION_ALTERNATE_TITLE\"",\""text\"":\""Housen c. Nikolaisen\""},{\""type\"":\""DECISION_DOCKET_NUMBER\"",\""text\"":\""27826\""},{\""type\"":\""JURISDICTION_NAME\"",\""text\"":\""Canada (Federal)\""},{\""type\"":\""COLLECTION_NAME\"",\""text\"":\""Supreme Court of Canada\""}]"",
    ""jurisdictionId"": ""ca"",
    ""citedCount"": 12059
  }
]"
https://canlii.ca/t/51vg,"[
  {
    ""id"": ""2002csc-scc15"",
    ""docType"": ""DECISION"",
    ""path"": ""/en/ca/scc/doc/2002/2002scc15/2002scc15.html"",
    ""docTitle"": ""St-Jean v. Mercier"",
    ""autoCompletions"": ""[{\""type\"":\""DECISION_NEUTRAL_CITATION\"",\""text\"":\""2002 SCC 15\""},{\""type\"":\""DECISION_NEUTRAL_CITATION\"",\""text\"":\""2002 CSC 15\""},{\""type\"":\""DECISION_CANLII_REFERENCE\"",\""text\"":\""2002 SCC 15 (CanLII)\""},{\""type\"":\""DECISION_CANLII_REFERENCE\"",\""text\"":\""2002 CSC 15 (CanLII)\""},{\""type\"":\""MAIN_TITLE\"",\""text\"":\""St-Jean v. Mercier\""},{\""type\"":\""DECISION_OFFICIAL_REPORT_REFERENCE\"",\""text\"":\""[2002] 1 SCR 491\""},{\""type\"":\""DECISION_OFFICIAL_REPORT_REFERENCE\"",\""text\"":\""[2002] 1 RCS 491\""},{\""type\"":\""DECISION_OTHER_REFERENCES\"",\""text\"":\"" REJB 2002-28009\""},{\""type\"":\""DECISION_OTHER_REFERENCES\"",\""text\"":\""209 DLR (4th) 513\""},{\""type\"":\""DECISION_OTHER_REFERENCES\"",\""text\"":\"" 282 NR 310\""},{\""type\"":\""DECISION_OTHER_REFERENCES\"",\""text\"":\"" 111 ACWS (3d) 838\""},{\""type\"":\""DECISION_OTHER_REFERENCES\"",\""text\"":\"" AZ-50113963\""},{\""type\"":\""DECISION_OTHER_REFERENCES\"",\""text\"":\"" [2002] CarswellQue 142\""},{\""type\"":\""DECISION_OTHER_REFERENCES\"",\""text\"":\"" EYB 2002-28009\""},{\""type\"":\""DECISION_OTHER_REFERENCES\"",\""text\"":\"" JE 2002-434\""},{\""type\"":\""DECISION_OTHER_REFERENCES\"",\""text\"":\"" [2002] SCJ No 17 (QL)\""},{\""type\"":\""DECISION_OTHER_REFERENCES\"",\""text\"":\"" [2002] ACS no 17\""},{\""type\"":\""DECISION_ALTERNATE_TITLE\"",\""text\"":\""St-Jean c. Mercier\""},{\""type\"":\""DECISION_DOCKET_NUMBER\"",\""text\"":\""27515\""},{\""type\"":\""JURISDICTION_NAME\"",\""text\"":\""Canada (Federal)\""},{\""type\"":\""COLLECTION_NAME\"",\""text\"":\""Supreme Court of Canada\""}]"",
    ""jurisdictionId"": ""ca"",
    ""citedCount"": 797
  }
]"
https://canlii.ca/t/51wf,"[
  {
    ""id"": ""2002csc-scc1"",
    ""docType"": ""DECISION"",
    ""path"": ""/en/ca/scc/doc/2002/2002scc1/2002scc1.html"",
    ""docTitle"": ""Suresh v. Canada (Minister of Citizenship and Immigration)"",
    ""autoCompletions"": ""[{\""type\"":\""DECISION_NEUTRAL_CITATION\"",\""text\"":\""2002 SCC 1\""},{\""type\"":\""DECISION_NEUTRAL_CITATION\"",\""text\"":\""2002 CSC 1\""},{\""type\"":\""DECISION_CANLII_REFERENCE\"",\""text\"":\""2002 SCC 1 (CanLII)\""},{\""type\"":\""DECISION_CANLII_REFERENCE\"",\""text\"":\""2002 CSC 1 (CanLII)\""},{\""type\"":\""MAIN_TITLE\"",\""text\"":\""Suresh v. Canada (Minister of Citizenship and Immigration)\""},{\""type\"":\""DECISION_OFFICIAL_REPORT_REFERENCE\"",\""text\"":\""[2002] 1 SCR 3\""},{\""type\"":\""DECISION_OFFICIAL_REPORT_REFERENCE\"",\""text\"":\""[2002] 1 RCS 3\""},{\""type\"":\""DECISION_OTHER_REFERENCES\"",\""text\"":\""208 DLR (4th) 1\""},{\""type\"":\""DECISION_OTHER_REFERENCES\"",\""text\"":\"" 281 NR 1\""},{\""type\"":\""DECISION_OTHER_REFERENCES\"",\""text\"":\"" 110 ACWS (3d) 1104\""},{\""type\"":\""DECISION_OTHER_REFERENCES\"",\""text\"":\"" 18 Imm LR (3d) 1\""},{\""type\"":\""DECISION_OTHER_REFERENCES\"",\""text\"":\"" 37 Admin LR (3d) 159\""},{\""type\"":\""DECISION_OTHER_REFERENCES\"",\""text\"":\"" 90 CRR (2d) 1\""},{\""type\"":\""DECISION_OTHER_REFERENCES\"",\""text\"":\"" JE 2002-161\""},{\""type\"":\""DECISION_OTHER_REFERENCES\"",\""text\"":\"" [2002] SCJ No 3 (QL)\""},{\""type\"":\""DECISION_OTHER_REFERENCES\"",\""text\"":\"" [2002] ACS no 3\""},{\""type\"":\""DECISION_ALTERNATE_TITLE\"",\""text\"":\""Suresh v. Canada (Minister of Citizenship & Immigration)\""},{\""type\"":\""DECISION_ALTERNATE_TITLE\"",\""text\"":\""Suresh c. Canada (Ministre de la Citoyenneté de l'Immigration)\""},{\""type\"":\""DECISION_DOCKET_NUMBER\"",\""text\"":\""27790\""},{\""type\"":\""JURISDICTION_NAME\"",\""text\"":\""Canada (Federal)\""},{\""type\"":\""COLLECTION_NAME\"",\""text\"":\""Supreme Court of Canada\""}]"",
    ""jurisdictionId"": ""ca"",
    ""citedCount"": 1685
  }
]"
https://canlii.ca/t/51wk,"[
  {
    ""id"": ""2002csc-scc3"",
    ""docType"": ""DECISION"",
    ""path"": ""/en/ca/scc/doc/2002/2002scc3/2002scc3.html"",
    ""docTitle"": ""Chieu v. Canada (Minister of Citizenship and Immigration)"",
    ""autoCompletions"": ""[{\""type\"":\""DECISION_NEUTRAL_CITATION\"",\""text\"":\""2002 SCC 3\""},{\""type\"":\""DECISION_NEUTRAL_CITATION\"",\""text\"":\""2002 CSC 3\""},{\""type\"":\""DECISION_CANLII_REFERENCE\"",\""text\"":\""2002 SCC 3 (CanLII)\""},{\""type\"":\""DECISION_CANLII_REFERENCE\"",\""text\"":\""2002 CSC 3 (CanLII)\""},{\""type\"":\""MAIN_TITLE\"",\""text\"":\""Chieu v. Canada (Minister of Citizenship and Immigration)\""},{\""type\"":\""DECISION_OFFICIAL_REPORT_REFERENCE\"",\""text\"":\""[2002] 1 SCR 84\""},{\""type\"":\""DECISION_OFFICIAL_REPORT_REFERENCE\"",\""text\"":\""[2002] 1 RCS 84\""},{\""type\"":\""DECISION_OTHER_REFERENCES\"",\""text\"":\""208 DLR (4th) 107\""},{\""type\"":\""DECISION_OTHER_REFERENCES\"",\""text\"":\"" 280 NR 268\""},{\""type\"":\""DECISION_OTHER_REFERENCES\"",\""text\"":\"" 110 ACWS (3d) 1106\""},{\""type\"":\""DECISION_OTHER_REFERENCES\"",\""text\"":\"" 18 Imm LR (3d) 93\""},{\""type\"":\""DECISION_OTHER_REFERENCES\"",\""text\"":\"" 37 Admin LR (3d) 252\""},{\""type\"":\""DECISION_OTHER_REFERENCES\"",\""text\"":\"" JE 2002-133\""},{\""type\"":\""DECISION_OTHER_REFERENCES\"",\""text\"":\"" [2002] FCJ No 1 (QL)\""},{\""type\"":\""DECISION_OTHER_REFERENCES\"",\""text\"":\"" [2002] SCJ No 1 (QL)\""},{\""type\"":\""DECISION_OTHER_REFERENCES\"",\""text\"":\"" [2002] ACS no 1\""},{\""type\"":\""DECISION_OTHER_REFERENCES\"",\""text\"":\"" [2002] ACF No 1 (QL)\""},{\""type\"":\""DECISION_ALTERNATE_TITLE\"",\""text\"":\""Chieu v. Canada ( Minister of Citizenship & Immigration)\""},{\""type\"":\""DECISION_ALTERNATE_TITLE\"",\""text\"":\""Chieu c. Canada (Ministre de la Citoyenneté et de l'Immigration)\""},{\""type\"":\""DECISION_DOCKET_NUMBER\"",\""text\"":\""27107\""},{\""type\"":\""JURISDICTION_NAME\"",\""text\"":\""Canada (Federal)\""},{\""type\"":\""COLLECTION_NAME\"",\""text\"":\""Supreme Court of Canada\""}]"",
    ""jurisdictionId"": ""ca"",
    ""citedCount"": 3781
  }
]"
https://canlii.ca/t/51z8,"[
  {
    ""id"": ""2001csc-scc60"",
    ""docType"": ""DECISION"",
    ""path"": ""/en/ca/scc/doc/2001/2001scc60/2001scc60.html"",
    ""docTitle"": ""Van de Perre v. Edwards"",
    ""autoCompletions"": ""[{\""type\"":\""DECISION_NEUTRAL_CITATION\"",\""text\"":\""2001 SCC 60\""},{\""type\"":\""DECISION_NEUTRAL_CITATION\"",\""text\"":\""2001 CSC 60\""},{\""type\"":\""DECISION_CANLII_REFERENCE\"",\""text\"":\""2001 SCC 60 (CanLII)\""},{\""type\"":\""DECISION_CANLII_REFERENCE\"",\""text\"":\""2001 CSC 60 (CanLII)\""},{\""type\"":\""MAIN_TITLE\"",\""text\"":\""Van de Perre v. Edwards\""},{\""type\"":\""DECISION_OFFICIAL_REPORT_REFERENCE\"",\""text\"":\""[2001] 2 SCR 1014\""},{\""type\"":\""DECISION_OFFICIAL_REPORT_REFERENCE\"",\""text\"":\""[2001] 2 RCS 1014\""},{\""type\"":\""DECISION_OTHER_REFERENCES\"",\""text\"":\"" REJB 2001-25876\""},{\""type\"":\""DECISION_OTHER_REFERENCES\"",\""text\"":\""204 DLR (4th) 257\""},{\""type\"":\""DECISION_OTHER_REFERENCES\"",\""text\"":\"" 275 NR 52\""},{\""type\"":\""DECISION_OTHER_REFERENCES\"",\""text\"":\"" 108 ACWS (3d) 316\""},{\""type\"":\""DECISION_OTHER_REFERENCES\"",\""text\"":\"" [2001] 11 WWR 1\""},{\""type\"":\""DECISION_OTHER_REFERENCES\"",\""text\"":\"" 255 WAC 161\""},{\""type\"":\""DECISION_OTHER_REFERENCES\"",\""text\"":\"" 94 BCLR (3d) 199\""},{\""type\"":\""DECISION_OTHER_REFERENCES\"",\""text\"":\"" 19 RFL (5th) 396\""},{\""type\"":\""DECISION_OTHER_REFERENCES\"",\""text\"":\"" 156 BCAC 161\""},{\""type\"":\""DECISION_OTHER_REFERENCES\"",\""text\"":\"" EYB 2001-25876\""},{\""type\"":\""DECISION_OTHER_REFERENCES\"",\""text\"":\"" JE 2001-1799\""},{\""type\"":\""DECISION_OTHER_REFERENCES\"",\""text\"":\"" [2001] SCJ No 60 (QL)\""},{\""type\"":\""DECISION_OTHER_REFERENCES\"",\""text\"":\"" [2001] ACS no 60\""},{\""type\"":\""DECISION_OTHER_REFERENCES\"",\""text\"":\"" 19 RJF (5th) 396\""},{\""type\"":\""DECISION_ALTERNATE_TITLE\"",\""text\"":\""Van de Pierre v. Edwards\""},{\""type\"":\""DECISION_ALTERNATE_TITLE\"",\""text\"":\""Van de Perre c. Edwards\""},{\""type\"":\""DECISION_DOCKET_NUMBER\"",\""text\"":\""27897\""},{\""type\"":\""JURISDICTION_NAME\"",\""text\"":\""Canada (Federal)\""},{\""type\"":\""COLLECTION_NAME\"",\""text\"":\""Supreme Court of Canada\""}]"",
    ""jurisdictionId"": ""ca"",
    ""citedCount"": 1638
  }
]"
https://canlii.ca/t/5200,"[
  {
    ""id"": ""2001csc-scc41"",
    ""docType"": ""DECISION"",
    ""path"": ""/en/ca/scc/doc/2001/2001scc41/2001scc41.html"",
    ""docTitle"": ""Mount Sinai Hospital Center v. Quebec (Minister of Health and Social Services)"",
    ""autoCompletions"": ""[{\""type\"":\""DECISION_NEUTRAL_CITATION\"",\""text\"":\""2001 SCC 41\""},{\""type\"":\""DECISION_NEUTRAL_CITATION\"",\""text\"":\""2001 CSC 41\""},{\""type\"":\""DECISION_CANLII_REFERENCE\"",\""text\"":\""2001 SCC 41 (CanLII)\""},{\""type\"":\""DECISION_CANLII_REFERENCE\"",\""text\"":\""2001 CSC 41 (CanLII)\""},{\""type\"":\""MAIN_TITLE\"",\""text\"":\""Mount Sinai Hospital Center v. Quebec (Minister of Health and Social Services)\""},{\""type\"":\""DECISION_OFFICIAL_REPORT_REFERENCE\"",\""text\"":\""[2001] 2 SCR 281\""},{\""type\"":\""DECISION_OFFICIAL_REPORT_REFERENCE\"",\""text\"":\""[2001] 2 RCS 281\""},{\""type\"":\""DECISION_OTHER_REFERENCES\"",\""text\"":\"" REJB 2001-24843\""},{\""type\"":\""DECISION_OTHER_REFERENCES\"",\""text\"":\""200 DLR (4th) 193\""},{\""type\"":\""DECISION_OTHER_REFERENCES\"",\""text\"":\"" 271 NR 104\""},{\""type\"":\""DECISION_OTHER_REFERENCES\"",\""text\"":\"" 106 ACWS (3d) 182\""},{\""type\"":\""DECISION_OTHER_REFERENCES\"",\""text\"":\"" AZ-50098283\""},{\""type\"":\""DECISION_OTHER_REFERENCES\"",\""text\"":\"" 36 Admin LR (3d) 71\""},{\""type\"":\""DECISION_OTHER_REFERENCES\"",\""text\"":\"" [2001] CarswellQue 1272\""},{\""type\"":\""DECISION_OTHER_REFERENCES\"",\""text\"":\"" EYB 2001-24843\""},{\""type\"":\""DECISION_OTHER_REFERENCES\"",\""text\"":\"" JE 2001-1280\""},{\""type\"":\""DECISION_OTHER_REFERENCES\"",\""text\"":\"" [2001] SCJ No 43 (QL)\""},{\""type\"":\""DECISION_OTHER_REFERENCES\"",\""text\"":\"" [2001] ACS no 43\""},{\""type\"":\""DECISION_ALTERNATE_TITLE\"",\""text\"":\""Centre hospitalier Mont-Sinaï c. Québec (Ministre de la Santé & des Services sociaux)\""},{\""type\"":\""DECISION_ALTERNATE_TITLE\"",\""text\"":\""Centre hospitalier Mont-Sinaï c. Québec (Ministre de la Santé et des Services sociaux)\""},{\""type\"":\""DECISION_DOCKET_NUMBER\"",\""text\"":\""27022\""},{\""type\"":\""JURISDICTION_NAME\"",\""text\"":\""Canada (Federal)\""},{\""type\"":\""COLLECTION_NAME\"",\""text\"":\""Supreme Court of Canada\""}]"",
    ""jurisdictionId"": ""ca"",
    ""citedCount"": 411
  }
]"
https://canlii.ca/t/520r,"[
  {
    ""id"": ""2001csc-scc52"",
    ""docType"": ""DECISION"",
    ""path"": ""/en/ca/scc/doc/2001/2001scc52/2001scc52.html"",
    ""docTitle"": ""Ocean Port Hotel Ltd. v. British Columbia (General Manager, Liquor Control and Licensing Branch)"",
    ""autoCompletions"": ""[{\""type\"":\""DECISION_NEUTRAL_CITATION\"",\""text\"":\""2001 SCC 52\""},{\""type\"":\""DECISION_NEUTRAL_CITATION\"",\""text\"":\""2001 CSC 52\""},{\""type\"":\""DECISION_CANLII_REFERENCE\"",\""text\"":\""2001 SCC 52 (CanLII)\""},{\""type\"":\""DECISION_CANLII_REFERENCE\"",\""text\"":\""2001 CSC 52 (CanLII)\""},{\""type\"":\""MAIN_TITLE\"",\""text\"":\""Ocean Port Hotel Ltd. v. British Columbia (General Manager, Liquor Control and Licensing Branch)\""},{\""type\"":\""DECISION_OFFICIAL_REPORT_REFERENCE\"",\""text\"":\""[2001] 2 SCR 781\""},{\""type\"":\""DECISION_OFFICIAL_REPORT_REFERENCE\"",\""text\"":\""[2001] 2 RCS 781\""},{\""type\"":\""DECISION_OTHER_REFERENCES\"",\""text\"":\""204 DLR (4th) 33\""},{\""type\"":\""DECISION_OTHER_REFERENCES\"",\""text\"":\"" 274 NR 116\""},{\""type\"":\""DECISION_OTHER_REFERENCES\"",\""text\"":\"" 108 ACWS (3d) 3\""},{\""type\"":\""DECISION_OTHER_REFERENCES\"",\""text\"":\"" [2001] 10 WWR 1\""},{\""type\"":\""DECISION_OTHER_REFERENCES\"",\""text\"":\"" 93 BCLR (3d) 1\""},{\""type\"":\""DECISION_OTHER_REFERENCES\"",\""text\"":\"" 155 BCAC 193\""},{\""type\"":\""DECISION_OTHER_REFERENCES\"",\""text\"":\"" 34 Admin LR (3d) 1\""},{\""type\"":\""DECISION_OTHER_REFERENCES\"",\""text\"":\"" JE 2001-1709\""},{\""type\"":\""DECISION_OTHER_REFERENCES\"",\""text\"":\"" [2001] SCJ No 17 (QL)\""},{\""type\"":\""DECISION_OTHER_REFERENCES\"",\""text\"":\"" [2001] ACS no 17\""},{\""type\"":\""DECISION_ALTERNATE_TITLE\"",\""text\"":\""Ocean Port Hotel Ltd. v. British Columbia (General Manager, Liquor Control & Licensing Branch)\""},{\""type\"":\""DECISION_ALTERNATE_TITLE\"",\""text\"":\""Ocean Port Hotel Ltd. v. British Columbia (General Manager, Liquor Control and Licensing Branch \""},{\""type\"":\""DECISION_ALTERNATE_TITLE\"",\""text\"":\""Ocean Port Hotel Ltd. V. British Columbia (General Manager, Liquor Control & Licensing Branch)\""},{\""type\"":\""DECISION_ALTERNATE_TITLE\"",\""text\"":\""Ocean Port Hotel Ltd. c. Colombie-Britannique (General Manager, Liquor Control and Licensing Branch)\""},{\""type\"":\""DECISION_DOCKET_NUMBER\"",\""text\"":\""27371\""},{\""type\"":\""JURISDICTION_NAME\"",\""text\"":\""Canada (Federal)\""},{\""type\"":\""COLLECTION_NAME\"",\""text\"":\""Supreme Court of Canada\""}]"",
    ""jurisdictionId"": ""ca"",
    ""citedCount"": 849
  }
]"
https://canlii.ca/t/521j,"[
  {
    ""id"": ""2001csc-scc35"",
    ""docType"": ""DECISION"",
    ""path"": ""/en/ca/scc/doc/2001/2001scc35/2001scc35.html"",
    ""docTitle"": ""Therrien (Re)"",
    ""autoCompletions"": ""[{\""type\"":\""DECISION_NEUTRAL_CITATION\"",\""text\"":\""2001 SCC 35\""},{\""type\"":\""DECISION_NEUTRAL_CITATION\"",\""text\"":\""2001 CSC 35\""},{\""type\"":\""DECISION_CANLII_REFERENCE\"",\""text\"":\""2001 SCC 35 (CanLII)\""},{\""type\"":\""DECISION_CANLII_REFERENCE\"",\""text\"":\""2001 CSC 35 (CanLII)\""},{\""type\"":\""MAIN_TITLE\"",\""text\"":\""Therrien (Re)\""},{\""type\"":\""DECISION_OFFICIAL_REPORT_REFERENCE\"",\""text\"":\""[2001] 2 SCR 3\""},{\""type\"":\""DECISION_OFFICIAL_REPORT_REFERENCE\"",\""text\"":\""[2001] 2 RCS 3\""},{\""type\"":\""DECISION_OTHER_REFERENCES\"",\""text\"":\"" REJB 2001-24493\""},{\""type\"":\""DECISION_OTHER_REFERENCES\"",\""text\"":\""200 DLR (4th) 1\""},{\""type\"":\""DECISION_OTHER_REFERENCES\"",\""text\"":\"" 270 NR 1\""},{\""type\"":\""DECISION_OTHER_REFERENCES\"",\""text\"":\"" 105 ACWS (3d) 858\""},{\""type\"":\""DECISION_OTHER_REFERENCES\"",\""text\"":\"" AZ-50086978\""},{\""type\"":\""DECISION_OTHER_REFERENCES\"",\""text\"":\"" 155 CCC (3d) 1\""},{\""type\"":\""DECISION_OTHER_REFERENCES\"",\""text\"":\"" 43 CR (5th) 1\""},{\""type\"":\""DECISION_OTHER_REFERENCES\"",\""text\"":\"" 30 Admin LR (3d) 171\""},{\""type\"":\""DECISION_OTHER_REFERENCES\"",\""text\"":\"" 84 CRR (2d) 1\""},{\""type\"":\""DECISION_OTHER_REFERENCES\"",\""text\"":\"" EYB 2001-24493\""},{\""type\"":\""DECISION_OTHER_REFERENCES\"",\""text\"":\"" JE 2001-1178\""},{\""type\"":\""DECISION_OTHER_REFERENCES\"",\""text\"":\"" [2001] SCJ No 36 (QL)\""},{\""type\"":\""DECISION_ALTERNATE_TITLE\"",\""text\"":\""Therrien c. Québec (Ministre de la justice)\""},{\""type\"":\""DECISION_ALTERNATE_TITLE\"",\""text\"":\""Therrien (Re)\""},{\""type\"":\""DECISION_DOCKET_NUMBER\"",\""text\"":\""27004\""},{\""type\"":\""JURISDICTION_NAME\"",\""text\"":\""Canada (Federal)\""},{\""type\"":\""COLLECTION_NAME\"",\""text\"":\""Supreme Court of Canada\""}]"",
    ""jurisdictionId"": ""ca"",
    ""citedCount"": 563
  }
]"
https://canlii.ca/t/521l,"[
  {
    ""id"": ""2001csc-scc36"",
    ""docType"": ""DECISION"",
    ""path"": ""/en/ca/scc/doc/2001/2001scc36/2001scc36.html"",
    ""docTitle"": ""Canada (Deputy Minister of National Revenue) v. Mattel Canada Inc."",
    ""autoCompletions"": ""[{\""type\"":\""DECISION_NEUTRAL_CITATION\"",\""text\"":\""2001 SCC 36\""},{\""type\"":\""DECISION_NEUTRAL_CITATION\"",\""text\"":\""2001 CSC 36\""},{\""type\"":\""DECISION_CANLII_REFERENCE\"",\""text\"":\""2001 SCC 36 (CanLII)\""},{\""type\"":\""DECISION_CANLII_REFERENCE\"",\""text\"":\""2001 CSC 36 (CanLII)\""},{\""type\"":\""MAIN_TITLE\"",\""text\"":\""Canada (Deputy Minister of National Revenue) v. Mattel Canada Inc.\""},{\""type\"":\""DECISION_OFFICIAL_REPORT_REFERENCE\"",\""text\"":\""[2001] 2 SCR 100\""},{\""type\"":\""DECISION_OFFICIAL_REPORT_REFERENCE\"",\""text\"":\""[2001] 2 RCS 100\""},{\""type\"":\""DECISION_OTHER_REFERENCES\"",\""text\"":\""199 DLR (4th) 598\""},{\""type\"":\""DECISION_OTHER_REFERENCES\"",\""text\"":\"" 270 NR 153\""},{\""type\"":\""DECISION_OTHER_REFERENCES\"",\""text\"":\"" 12 CPR (4th) 417\""},{\""type\"":\""DECISION_OTHER_REFERENCES\"",\""text\"":\"" 29 Admin LR (3d) 56\""},{\""type\"":\""DECISION_OTHER_REFERENCES\"",\""text\"":\"" [2001] SCJ No 37 (QL)\""},{\""type\"":\""DECISION_OTHER_REFERENCES\"",\""text\"":\"" [2001] ACS no 37\""},{\""type\"":\""DECISION_ALTERNATE_TITLE\"",\""text\"":\""Deputy M.N.R.v. Mattel Canada Inc.\""},{\""type\"":\""DECISION_ALTERNATE_TITLE\"",\""text\"":\""Deputy Minister of National Revenue v. Mattel Canada Inc.\""},{\""type\"":\""DECISION_ALTERNATE_TITLE\"",\""text\"":\""Deputy M.N.R. v. Mattel Canada Inc.\""},{\""type\"":\""DECISION_ALTERNATE_TITLE\"",\""text\"":\""Canada (Sous-ministre du Revenu national) c. Mattel Canada Inc.\""},{\""type\"":\""DECISION_DOCKET_NUMBER\"",\""text\"":\""27174\""},{\""type\"":\""JURISDICTION_NAME\"",\""text\"":\""Canada (Federal)\""},{\""type\"":\""COLLECTION_NAME\"",\""text\"":\""Supreme Court of Canada\""}]"",
    ""jurisdictionId"": ""ca"",
    ""citedCount"": 242
  }
]"
https://canlii.ca/t/521n,"[
  {
    ""id"": ""2001csc-scc37"",
    ""docType"": ""DECISION"",
    ""path"": ""/en/ca/scc/doc/2001/2001scc37/2001scc37.html"",
    ""docTitle"": ""Committee for the Equal Treatment of Asbestos Minority Shareholders v. Ontario (Securities Commission)"",
    ""autoCompletions"": ""[{\""type\"":\""DECISION_NEUTRAL_CITATION\"",\""text\"":\""2001 SCC 37\""},{\""type\"":\""DECISION_NEUTRAL_CITATION\"",\""text\"":\""2001 CSC 37\""},{\""type\"":\""DECISION_CANLII_REFERENCE\"",\""text\"":\""2001 SCC 37 (CanLII)\""},{\""type\"":\""DECISION_CANLII_REFERENCE\"",\""text\"":\""2001 CSC 37 (CanLII)\""},{\""type\"":\""MAIN_TITLE\"",\""text\"":\""Committee for the Equal Treatment of Asbestos Minority Shareholders v. Ontario (Securities Commission)\""},{\""type\"":\""DECISION_OFFICIAL_REPORT_REFERENCE\"",\""text\"":\""[2001] 2 SCR 132\""},{\""type\"":\""DECISION_OFFICIAL_REPORT_REFERENCE\"",\""text\"":\""[2001] 2 RCS 132\""},{\""type\"":\""DECISION_OTHER_REFERENCES\"",\""text\"":\""199 DLR (4th) 577\""},{\""type\"":\""DECISION_OTHER_REFERENCES\"",\""text\"":\"" 269 NR 311\""},{\""type\"":\""DECISION_OTHER_REFERENCES\"",\""text\"":\"" 105 ACWS (3d) 972\""},{\""type\"":\""DECISION_OTHER_REFERENCES\"",\""text\"":\"" 146 OAC 201\""},{\""type\"":\""DECISION_OTHER_REFERENCES\"",\""text\"":\"" 14 BLR (3d) 1\""},{\""type\"":\""DECISION_OTHER_REFERENCES\"",\""text\"":\"" 29 Admin LR (3d) 1\""},{\""type\"":\""DECISION_OTHER_REFERENCES\"",\""text\"":\"" JE 2001-1203\""},{\""type\"":\""DECISION_OTHER_REFERENCES\"",\""text\"":\"" [2001] SCJ No 38 (QL)\""},{\""type\"":\""DECISION_ALTERNATE_TITLE\"",\""text\"":\""Committee for Equal Treatment of Asbestos Minority Shareholders v. Ontario (Securities Commission(\""},{\""type\"":\""DECISION_ALTERNATE_TITLE\"",\""text\"":\""Committee for Equal Treatment  of Asbestos Minority Shareholders v. Ontario (Securities Commission)\""},{\""type\"":\""DECISION_ALTERNATE_TITLE\"",\""text\"":\""Asbestos Corp., Societe nationale de l'amiante and Quebec (Province)\""},{\""type\"":\""DECISION_ALTERNATE_TITLE\"",\""text\"":\""Comité pour le traitement égal des actionnaires minoritaires de la Société Asbestos Ltée c. Ontario (Commission des valeurs mobilières)\""},{\""type\"":\""DECISION_DOCKET_NUMBER\"",\""text\"":\""27252\""},{\""type\"":\""JURISDICTION_NAME\"",\""text\"":\""Canada (Federal)\""},{\""type\"":\""COLLECTION_NAME\"",\""text\"":\""Supreme Court of Canada\""}]"",
    ""jurisdictionId"": ""ca"",
    ""citedCount"": 838
  }
]"
https://canlii.ca/t/5221,"[
  {
    ""id"": ""2002csc-scc11"",
    ""docType"": ""DECISION"",
    ""path"": ""/en/ca/scc/doc/2002/2002scc11/2002scc11.html"",
    ""docTitle"": ""Moreau-Bérubé v. New Brunswick (Judicial Council)"",
    ""autoCompletions"": ""[{\""type\"":\""DECISION_NEUTRAL_CITATION\"",\""text\"":\""2002 SCC 11\""},{\""type\"":\""DECISION_NEUTRAL_CITATION\"",\""text\"":\""2002 CSC 11\""},{\""type\"":\""DECISION_CANLII_REFERENCE\"",\""text\"":\""2002 SCC 11 (CanLII)\""},{\""type\"":\""DECISION_CANLII_REFERENCE\"",\""text\"":\""2002 CSC 11 (CanLII)\""},{\""type\"":\""MAIN_TITLE\"",\""text\"":\""Moreau-Bérubé v. New Brunswick (Judicial Council)\""},{\""type\"":\""DECISION_OFFICIAL_REPORT_REFERENCE\"",\""text\"":\""[2002] 1 SCR 249\""},{\""type\"":\""DECISION_OFFICIAL_REPORT_REFERENCE\"",\""text\"":\""[2002] 1 RCS 249\""},{\""type\"":\""DECISION_OTHER_REFERENCES\"",\""text\"":\"" REJB 2002-27816\""},{\""type\"":\""DECISION_OTHER_REFERENCES\"",\""text\"":\""245 NBR (2d) 201\""},{\""type\"":\""DECISION_OTHER_REFERENCES\"",\""text\"":\"" 209 DLR (4th) 1\""},{\""type\"":\""DECISION_OTHER_REFERENCES\"",\""text\"":\"" 281 NR 201\""},{\""type\"":\""DECISION_OTHER_REFERENCES\"",\""text\"":\"" 111 ACWS (3d) 932\""},{\""type\"":\""DECISION_OTHER_REFERENCES\"",\""text\"":\"" 636 APR 201\""},{\""type\"":\""DECISION_OTHER_REFERENCES\"",\""text\"":\"" 36 Admin LR (3d) 1\""},{\""type\"":\""DECISION_OTHER_REFERENCES\"",\""text\"":\"" 88 Imm LR (3d) 288\""},{\""type\"":\""DECISION_OTHER_REFERENCES\"",\""text\"":\"" [2002] CarswellNB 46\""},{\""type\"":\""DECISION_OTHER_REFERENCES\"",\""text\"":\"" EYB 2002-27816\""},{\""type\"":\""DECISION_OTHER_REFERENCES\"",\""text\"":\"" JE 2002-323\""},{\""type\"":\""DECISION_OTHER_REFERENCES\"",\""text\"":\"" [2002] SCJ No 9 (QL)\""},{\""type\"":\""DECISION_OTHER_REFERENCES\"",\""text\"":\"" [2002] ACS no 9\""},{\""type\"":\""DECISION_OTHER_REFERENCES\"",\""text\"":\""245 RNB (2d) 201\""},{\""type\"":\""DECISION_ALTERNATE_TITLE\"",\""text\"":\""Moreau-Berube v. New Brunswick (Judicial Council)\""},{\""type\"":\""DECISION_ALTERNATE_TITLE\"",\""text\"":\""Moreau-Bérubé c. Nouveau-Brunswick\""},{\""type\"":\""DECISION_ALTERNATE_TITLE\"",\""text\"":\""Conseil de la magistrature (N.-B.) v. Moreau-Bérubé\""},{\""type\"":\""DECISION_ALTERNATE_TITLE\"",\""text\"":\""Moreau-Bérubé c. Nouveau-Brunswick (Conseil de la magistrature)\""},{\""type\"":\""DECISION_DOCKET_NUMBER\"",\""text\"":\""28206\""},{\""type\"":\""JURISDICTION_NAME\"",\""text\"":\""Canada (Federal)\""},{\""type\"":\""COLLECTION_NAME\"",\""text\"":\""Supreme Court of Canada\""}]"",
    ""jurisdictionId"": ""ca"",
    ""citedCount"": 976
  }
]"
https://canlii.ca/t/523k,"[
  {
    ""id"": ""2001csc-scc4"",
    ""docType"": ""DECISION"",
    ""path"": ""/en/ca/scc/doc/2001/2001scc4/2001scc4.html"",
    ""docTitle"": ""Ellis-Don Ltd. v. Ontario (Labour Relations Board)"",
    ""autoCompletions"": ""[{\""type\"":\""DECISION_NEUTRAL_CITATION\"",\""text\"":\""2001 SCC 4\""},{\""type\"":\""DECISION_NEUTRAL_CITATION\"",\""text\"":\""2001 CSC 4\""},{\""type\"":\""DECISION_CANLII_REFERENCE\"",\""text\"":\""2001 SCC 4 (CanLII)\""},{\""type\"":\""DECISION_CANLII_REFERENCE\"",\""text\"":\""2001 CSC 4 (CanLII)\""},{\""type\"":\""MAIN_TITLE\"",\""text\"":\""Ellis-Don Ltd. v. Ontario (Labour Relations Board)\""},{\""type\"":\""DECISION_OFFICIAL_REPORT_REFERENCE\"",\""text\"":\""[2001] 1 SCR 221\""},{\""type\"":\""DECISION_OFFICIAL_REPORT_REFERENCE\"",\""text\"":\""[2001] 1 RCS 221\""},{\""type\"":\""DECISION_OTHER_REFERENCES\"",\""text\"":\""52 OR (3d) 160\""},{\""type\"":\""DECISION_OTHER_REFERENCES\"",\""text\"":\"" 194 DLR (4th) 385\""},{\""type\"":\""DECISION_OTHER_REFERENCES\"",\""text\"":\"" 265 NR 2\""},{\""type\"":\""DECISION_OTHER_REFERENCES\"",\""text\"":\"" 140 OAC 201\""},{\""type\"":\""DECISION_OTHER_REFERENCES\"",\""text\"":\"" AZ-50082587\""},{\""type\"":\""DECISION_OTHER_REFERENCES\"",\""text\"":\"" 26 Admin LR (3d) 171\""},{\""type\"":\""DECISION_OTHER_REFERENCES\"",\""text\"":\"" 66 CLRBR (2d) (2d) 216\""},{\""type\"":\""DECISION_OTHER_REFERENCES\"",\""text\"":\"" DTE 2001T-138\""},{\""type\"":\""DECISION_OTHER_REFERENCES\"",\""text\"":\"" JE 2001-315\""},{\""type\"":\""DECISION_OTHER_REFERENCES\"",\""text\"":\"" [2001] SCJ No 5 (QL)\""},{\""type\"":\""DECISION_OTHER_REFERENCES\"",\""text\"":\"" [2001] ACS no 5\""},{\""type\"":\""DECISION_ALTERNATE_TITLE\"",\""text\"":\""Ellis-Don Ltd. v. Ontario Labour Relations Board\""},{\""type\"":\""DECISION_ALTERNATE_TITLE\"",\""text\"":\""I.B.E.W., Local 894 v. Ellis-Don Ltd.\""},{\""type\"":\""DECISION_ALTERNATE_TITLE\"",\""text\"":\""Ellis-Don Ld. v. Labour Relations Board (Ont.)\""},{\""type\"":\""DECISION_ALTERNATE_TITLE\"",\""text\"":\""Ellis-Don Ltd. c. Ontario (Commission des relations de travail)\""},{\""type\"":\""DECISION_DOCKET_NUMBER\"",\""text\"":\""26709\""},{\""type\"":\""JURISDICTION_NAME\"",\""text\"":\""Canada (Federal)\""},{\""type\"":\""COLLECTION_NAME\"",\""text\"":\""Supreme Court of Canada\""}]"",
    ""jurisdictionId"": ""ca"",
    ""citedCount"": 354
  }
]"
https://canlii.ca/t/524l,"[
  {
    ""id"": ""2000csc-scc57"",
    ""docType"": ""DECISION"",
    ""path"": ""/en/ca/scc/doc/2000/2000scc57/2000scc57.html"",
    ""docTitle"": ""Harper v. Canada (Attorney General)"",
    ""autoCompletions"": ""[{\""type\"":\""DECISION_NEUTRAL_CITATION\"",\""text\"":\""2000 SCC 57\""},{\""type\"":\""DECISION_NEUTRAL_CITATION\"",\""text\"":\""2000 CSC 57\""},{\""type\"":\""DECISION_CANLII_REFERENCE\"",\""text\"":\""2000 SCC 57 (CanLII)\""},{\""type\"":\""DECISION_CANLII_REFERENCE\"",\""text\"":\""2000 CSC 57 (CanLII)\""},{\""type\"":\""MAIN_TITLE\"",\""text\"":\""Harper v. Canada (Attorney General)\""},{\""type\"":\""DECISION_OFFICIAL_REPORT_REFERENCE\"",\""text\"":\""[2000] 2 SCR 764\""},{\""type\"":\""DECISION_OFFICIAL_REPORT_REFERENCE\"",\""text\"":\""[2000] 2 RCS 764\""},{\""type\"":\""DECISION_OTHER_REFERENCES\"",\""text\"":\"" REJB 2000-20913\""},{\""type\"":\""DECISION_OTHER_REFERENCES\"",\""text\"":\""193 DLR (4th) 38\""},{\""type\"":\""DECISION_OTHER_REFERENCES\"",\""text\"":\"" 262 NR 201\""},{\""type\"":\""DECISION_OTHER_REFERENCES\"",\""text\"":\"" 100 ACWS (3d) 878\""},{\""type\"":\""DECISION_OTHER_REFERENCES\"",\""text\"":\"" [2001] 9 WWR 201\""},{\""type\"":\""DECISION_OTHER_REFERENCES\"",\""text\"":\"" 234 WAC 201\""},{\""type\"":\""DECISION_OTHER_REFERENCES\"",\""text\"":\"" AZ-50081013\""},{\""type\"":\""DECISION_OTHER_REFERENCES\"",\""text\"":\"" 271 AR 201\""},{\""type\"":\""DECISION_OTHER_REFERENCES\"",\""text\"":\"" 92 Alta LR (3d) 1\""},{\""type\"":\""DECISION_OTHER_REFERENCES\"",\""text\"":\"" 2 LCR 764\""},{\""type\"":\""DECISION_OTHER_REFERENCES\"",\""text\"":\"" [2000] CarswellAlta 1158\""},{\""type\"":\""DECISION_OTHER_REFERENCES\"",\""text\"":\"" EYB 2000-20913\""},{\""type\"":\""DECISION_OTHER_REFERENCES\"",\""text\"":\"" JE 2000-2262\""},{\""type\"":\""DECISION_OTHER_REFERENCES\"",\""text\"":\"" [2000] SCJ No 58 (QL)\""},{\""type\"":\""DECISION_ALTERNATE_TITLE\"",\""text\"":\""Harper c. Canada (Procureur général)\""},{\""type\"":\""DECISION_DOCKET_NUMBER\"",\""text\"":\""28210\""},{\""type\"":\""JURISDICTION_NAME\"",\""text\"":\""Canada (Federal)\""},{\""type\"":\""COLLECTION_NAME\"",\""text\"":\""Supreme Court of Canada\""}]"",
    ""jurisdictionId"": ""ca"",
    ""citedCount"": 388
  }
]"
https://canlii.ca/t/5257,"[
  {
    ""id"": ""2000csc-scc34"",
    ""docType"": ""DECISION"",
    ""path"": ""/en/ca/scc/doc/2000/2000scc34/2000scc34.html"",
    ""docTitle"": ""Friedmann Equity Developments Inc. v. Final Note Ltd."",
    ""autoCompletions"": ""[{\""type\"":\""DECISION_NEUTRAL_CITATION\"",\""text\"":\""2000 SCC 34\""},{\""type\"":\""DECISION_NEUTRAL_CITATION\"",\""text\"":\""2000 CSC 34\""},{\""type\"":\""DECISION_CANLII_REFERENCE\"",\""text\"":\""2000 SCC 34 (CanLII)\""},{\""type\"":\""DECISION_CANLII_REFERENCE\"",\""text\"":\""2000 CSC 34 (CanLII)\""},{\""type\"":\""MAIN_TITLE\"",\""text\"":\""Friedmann Equity Developments Inc. v. Final Note Ltd.\""},{\""type\"":\""DECISION_OFFICIAL_REPORT_REFERENCE\"",\""text\"":\""[2000] 1 SCR 842\""},{\""type\"":\""DECISION_OFFICIAL_REPORT_REFERENCE\"",\""text\"":\""[2000] 1 RCS 842\""},{\""type\"":\""DECISION_OTHER_REFERENCES\"",\""text\"":\""48 OR (3d) 800\""},{\""type\"":\""DECISION_OTHER_REFERENCES\"",\""text\"":\"" 188 DLR (4th) 269\""},{\""type\"":\""DECISION_OTHER_REFERENCES\"",\""text\"":\"" 255 NR 80\""},{\""type\"":\""DECISION_OTHER_REFERENCES\"",\""text\"":\"" 98 ACWS (3d) 85\""},{\""type\"":\""DECISION_OTHER_REFERENCES\"",\""text\"":\"" 134 OAC 280\""},{\""type\"":\""DECISION_OTHER_REFERENCES\"",\""text\"":\"" 7 BLR (3d) 153\""},{\""type\"":\""DECISION_OTHER_REFERENCES\"",\""text\"":\"" JE 2000-1445\""},{\""type\"":\""DECISION_OTHER_REFERENCES\"",\""text\"":\"" [2000] SCJ No 37 (QL)\""},{\""type\"":\""DECISION_OTHER_REFERENCES\"",\""text\"":\"" 34 RPR (3d) 159\""},{\""type\"":\""DECISION_ALTERNATE_TITLE\"",\""text\"":\""Friedmann Equity Developments Inc. c. Final Note Ltd.\""},{\""type\"":\""DECISION_DOCKET_NUMBER\"",\""text\"":\""26971\""},{\""type\"":\""JURISDICTION_NAME\"",\""text\"":\""Canada (Federal)\""},{\""type\"":\""COLLECTION_NAME\"",\""text\"":\""Supreme Court of Canada\""}]"",
    ""jurisdictionId"": ""ca"",
    ""citedCount"": 103
  }
]"
https://canlii.ca/t/525t,"[
  {
    ""id"": ""2000csc-scc44"",
    ""docType"": ""DECISION"",
    ""path"": ""/en/ca/scc/doc/2000/2000scc44/2000scc44.html"",
    ""docTitle"": ""Blencoe v. British Columbia (Human Rights Commission)"",
    ""autoCompletions"": ""[{\""type\"":\""DECISION_NEUTRAL_CITATION\"",\""text\"":\""2000 SCC 44\""},{\""type\"":\""DECISION_NEUTRAL_CITATION\"",\""text\"":\""2000 CSC 44\""},{\""type\"":\""DECISION_CANLII_REFERENCE\"",\""text\"":\""2000 SCC 44 (CanLII)\""},{\""type\"":\""DECISION_CANLII_REFERENCE\"",\""text\"":\""2000 CSC 44 (CanLII)\""},{\""type\"":\""MAIN_TITLE\"",\""text\"":\""Blencoe v. British Columbia (Human Rights Commission)\""},{\""type\"":\""DECISION_OFFICIAL_REPORT_REFERENCE\"",\""text\"":\""[2000] 2 SCR 307\""},{\""type\"":\""DECISION_OFFICIAL_REPORT_REFERENCE\"",\""text\"":\""[2000] 2 RCS 307\""},{\""type\"":\""DECISION_OTHER_REFERENCES\"",\""text\"":\""190 DLR (4th) 513\""},{\""type\"":\""DECISION_OTHER_REFERENCES\"",\""text\"":\"" 260 NR 1\""},{\""type\"":\""DECISION_OTHER_REFERENCES\"",\""text\"":\"" [2000] 10 WWR 567\""},{\""type\"":\""DECISION_OTHER_REFERENCES\"",\""text\"":\"" 231 WAC 161\""},{\""type\"":\""DECISION_OTHER_REFERENCES\"",\""text\"":\"" AZ-50079167\""},{\""type\"":\""DECISION_OTHER_REFERENCES\"",\""text\"":\"" 81 BCLR (3d) 1\""},{\""type\"":\""DECISION_OTHER_REFERENCES\"",\""text\"":\"" 141 BCAC 161\""},{\""type\"":\""DECISION_OTHER_REFERENCES\"",\""text\"":\"" 23 Admin LR (3d) 175\""},{\""type\"":\""DECISION_OTHER_REFERENCES\"",\""text\"":\"" 38 CHRR 153\""},{\""type\"":\""DECISION_OTHER_REFERENCES\"",\""text\"":\"" 3 CCEL (3d) 165\""},{\""type\"":\""DECISION_OTHER_REFERENCES\"",\""text\"":\"" 77 CRR (2d) 189\""},{\""type\"":\""DECISION_OTHER_REFERENCES\"",\""text\"":\"" [2000] CarswellBC 1860\""},{\""type\"":\""DECISION_OTHER_REFERENCES\"",\""text\"":\"" JE 2000-1872\""},{\""type\"":\""DECISION_OTHER_REFERENCES\"",\""text\"":\"" [2000] SCJ No 43 (QL)\""},{\""type\"":\""DECISION_OTHER_REFERENCES\"",\""text\"":\"" [2000] ACS no 43\""},{\""type\"":\""DECISION_OTHER_REFERENCES\"",\""text\"":\"" 3 RCDT (3d) 165\""},{\""type\"":\""DECISION_ALTERNATE_TITLE\"",\""text\"":\""British Columbia (Human Rights Commission) v. Blencoe\""},{\""type\"":\""DECISION_ALTERNATE_TITLE\"",\""text\"":\""Blencoe v. British Columbia (Human Rights Comm.)\""},{\""type\"":\""DECISION_ALTERNATE_TITLE\"",\""text\"":\""Blencoe c. Colombie-Britannique (Human Rights Commission)\""},{\""type\"":\""DECISION_DOCKET_NUMBER\"",\""text\"":\""26789\""},{\""type\"":\""JURISDICTION_NAME\"",\""text\"":\""Canada (Federal)\""},{\""type\"":\""COLLECTION_NAME\"",\""text\"":\""Supreme Court of Canada\""}]"",
    ""jurisdictionId"": ""ca"",
    ""citedCount"": 2220
  }
]"
https://canlii.ca/t/527s,"[
  {
    ""id"": ""2000csc-scc12"",
    ""docType"": ""DECISION"",
    ""path"": ""/en/ca/scc/doc/2000/2000scc12/2000scc12.html"",
    ""docTitle"": ""Ingles v. Tutkaluk Construction Ltd."",
    ""autoCompletions"": ""[{\""type\"":\""DECISION_NEUTRAL_CITATION\"",\""text\"":\""2000 SCC 12\""},{\""type\"":\""DECISION_NEUTRAL_CITATION\"",\""text\"":\""2000 CSC 12\""},{\""type\"":\""DECISION_CANLII_REFERENCE\"",\""text\"":\""2000 SCC 12 (CanLII)\""},{\""type\"":\""DECISION_CANLII_REFERENCE\"",\""text\"":\""2000 CSC 12 (CanLII)\""},{\""type\"":\""MAIN_TITLE\"",\""text\"":\""Ingles v. Tutkaluk Construction Ltd.\""},{\""type\"":\""DECISION_OFFICIAL_REPORT_REFERENCE\"",\""text\"":\""[2000] 1 SCR 298\""},{\""type\"":\""DECISION_OFFICIAL_REPORT_REFERENCE\"",\""text\"":\""[2000] 1 RCS 298\""},{\""type\"":\""DECISION_OTHER_REFERENCES\"",\""text\"":\"" REJB 2000-16688\""},{\""type\"":\""DECISION_OTHER_REFERENCES\"",\""text\"":\""46 OR (3d) 736\""},{\""type\"":\""DECISION_OTHER_REFERENCES\"",\""text\"":\"" 183 DLR (4th) 193\""},{\""type\"":\""DECISION_OTHER_REFERENCES\"",\""text\"":\"" 251 NR 63\""},{\""type\"":\""DECISION_OTHER_REFERENCES\"",\""text\"":\"" 95 ACWS (3d) 369\""},{\""type\"":\""DECISION_OTHER_REFERENCES\"",\""text\"":\"" 130 OAC 201\""},{\""type\"":\""DECISION_OTHER_REFERENCES\"",\""text\"":\"" AZ-50069850\""},{\""type\"":\""DECISION_OTHER_REFERENCES\"",\""text\"":\"" 49 CCLT (2d) 1\""},{\""type\"":\""DECISION_OTHER_REFERENCES\"",\""text\"":\"" EYB 2000-16688\""},{\""type\"":\""DECISION_OTHER_REFERENCES\"",\""text\"":\"" JE 2000-523\""},{\""type\"":\""DECISION_OTHER_REFERENCES\"",\""text\"":\"" [2000] SCJ No 13 (QL)\""},{\""type\"":\""DECISION_OTHER_REFERENCES\"",\""text\"":\"" 1 CLR (3d) 1\""},{\""type\"":\""DECISION_OTHER_REFERENCES\"",\""text\"":\"" [2000] ACS no 13\""},{\""type\"":\""DECISION_OTHER_REFERENCES\"",\""text\"":\"" 8 MPLR (3d) 1\""},{\""type\"":\""DECISION_ALTERNATE_TITLE\"",\""text\"":\""Ingles v. Tutkaluk\""},{\""type\"":\""DECISION_ALTERNATE_TITLE\"",\""text\"":\""Ingles c. Tutkaluk Construction Ltd.\""},{\""type\"":\""DECISION_DOCKET_NUMBER\"",\""text\"":\""26634\""},{\""type\"":\""JURISDICTION_NAME\"",\""text\"":\""Canada (Federal)\""},{\""type\"":\""COLLECTION_NAME\"",\""text\"":\""Supreme Court of Canada\""}]"",
    ""jurisdictionId"": ""ca"",
    ""citedCount"": 250
  }
]"
https://canlii.ca/t/527x,"[
  {
    ""id"": ""2000csc-scc14"",
    ""docType"": ""DECISION"",
    ""path"": ""/en/ca/scc/doc/2000/2000scc14/2000scc14.html"",
    ""docTitle"": ""Regina Police Assn. Inc. v. Regina (City) Board of Police Commissioners"",
    ""autoCompletions"": ""[{\""type\"":\""DECISION_NEUTRAL_CITATION\"",\""text\"":\""2000 SCC 14\""},{\""type\"":\""DECISION_NEUTRAL_CITATION\"",\""text\"":\""2000 CSC 14\""},{\""type\"":\""DECISION_CANLII_REFERENCE\"",\""text\"":\""2000 SCC 14 (CanLII)\""},{\""type\"":\""DECISION_CANLII_REFERENCE\"",\""text\"":\""2000 CSC 14 (CanLII)\""},{\""type\"":\""MAIN_TITLE\"",\""text\"":\""Regina Police Assn. Inc. v. Regina (City) Board of Police Commissioners\""},{\""type\"":\""DECISION_OFFICIAL_REPORT_REFERENCE\"",\""text\"":\""[2000] 1 SCR 360\""},{\""type\"":\""DECISION_OFFICIAL_REPORT_REFERENCE\"",\""text\"":\""[2000] 1 RCS 360\""},{\""type\"":\""DECISION_OTHER_REFERENCES\"",\""text\"":\"" REJB 2000-16687\""},{\""type\"":\""DECISION_OTHER_REFERENCES\"",\""text\"":\""183 DLR (4th) 14\""},{\""type\"":\""DECISION_OTHER_REFERENCES\"",\""text\"":\"" 251 NR 16\""},{\""type\"":\""DECISION_OTHER_REFERENCES\"",\""text\"":\"" [2000] 4 WWR 149\""},{\""type\"":\""DECISION_OTHER_REFERENCES\"",\""text\"":\"" 216 WAC 23\""},{\""type\"":\""DECISION_OTHER_REFERENCES\"",\""text\"":\"" AZ-50069852\""},{\""type\"":\""DECISION_OTHER_REFERENCES\"",\""text\"":\"" 189 Sask R 23\""},{\""type\"":\""DECISION_OTHER_REFERENCES\"",\""text\"":\"" 50 CCEL (2d) 1\""},{\""type\"":\""DECISION_OTHER_REFERENCES\"",\""text\"":\"" DTE 2000T-245\""},{\""type\"":\""DECISION_OTHER_REFERENCES\"",\""text\"":\"" [2000] CarswellSask 91\""},{\""type\"":\""DECISION_OTHER_REFERENCES\"",\""text\"":\"" EYB 2000-16687\""},{\""type\"":\""DECISION_OTHER_REFERENCES\"",\""text\"":\"" JE 2000-539\""},{\""type\"":\""DECISION_OTHER_REFERENCES\"",\""text\"":\"" [2000] SCJ No 15 (QL)\""},{\""type\"":\""DECISION_OTHER_REFERENCES\"",\""text\"":\"" [2000] ACS no 15\""},{\""type\"":\""DECISION_ALTERNATE_TITLE\"",\""text\"":\""Regina Police Assn. v. Regina (City) Police Commissioners\""},{\""type\"":\""DECISION_ALTERNATE_TITLE\"",\""text\"":\""Regina Police Association Inc. and Shotton v. Board of Police Commissioners of Regina\""},{\""type\"":\""DECISION_ALTERNATE_TITLE\"",\""text\"":\""Regina Police Assn. Inc. V. Regina (City) Police Commissioners\""},{\""type\"":\""DECISION_ALTERNATE_TITLE\"",\""text\"":\""Regina Police Assn. Inc. c. Regina (Ville) Board of Police Commissioners\""},{\""type\"":\""DECISION_DOCKET_NUMBER\"",\""text\"":\""26871\""},{\""type\"":\""JURISDICTION_NAME\"",\""text\"":\""Canada (Federal)\""},{\""type\"":\""COLLECTION_NAME\"",\""text\"":\""Supreme Court of Canada\""}]"",
    ""jurisdictionId"": ""ca"",
    ""citedCount"": 879
  }
]"
https://canlii.ca/t/528n3,"[
  {
    ""id"": ""l29109!29109-current-1"",
    ""docType"": ""LEGISLATION"",
    ""path"": ""/en/mb/laws/stat/ccsm-c-c175/latest/ccsm-c-c175.html"",
    ""docTitle"": ""The Conservation Districts Act"",
    ""autoCompletions"": ""[{\""type\"":\""MAIN_TITLE\"",\""text\"":\""The Conservation Districts Act\""},{\""type\"":\""LEGISLATION_REFERENCE\"",\""text\"":\""CCSM c C175\""},{\""type\"":\""LEGISLATION_ALTERNATE_REFERENCE\"",\""text\"":\""CPLM c C175\""},{\""type\"":\""LEGISLATION_ALTERNATE_TITLE\"",\""text\"":\""Loi sur les districts de conservation\""}]"",
    ""jurisdictionId"": ""mb"",
    ""citedCount"": 20
  }
]"
https://canlii.ca/t/52ndn,"[
  {
    ""id"": ""l41517!41517-current-1"",
    ""docType"": ""LEGISLATION"",
    ""path"": ""/en/qc/laws/astat/sq-2000-c-12/latest/sq-2000-c-12.html"",
    ""docTitle"": ""Police Act"",
    ""autoCompletions"": ""[{\""type\"":\""MAIN_TITLE\"",\""text\"":\""Police Act\""},{\""type\"":\""LEGISLATION_REFERENCE\"",\""text\"":\""SQ 2000, c 12\""},{\""type\"":\""LEGISLATION_ALTERNATE_REFERENCE\"",\""text\"":\""LQ 2000, c 12\""},{\""type\"":\""LEGISLATION_ALTERNATE_TITLE\"",\""text\"":\""Loi sur la police\""},{\""type\"":\""LEGISLATION_BILL_NUMBER\"",\""text\"":\""Bill 86\""},{\""type\"":\""LEGISLATION_BILL_NUMBER\"",\""text\"":\""Projet de loi 86\""},{\""type\"":\""LEGISLATION_LONG_BILL_NUMBER\"",\""text\"":\""Bill 86, 1st Sess, 36th Leg\""},{\""type\"":\""LEGISLATION_LONG_BILL_NUMBER\"",\""text\"":\""Projet de loi 86, 1re sess, 36e légis\""}]"",
    ""jurisdictionId"": ""qc"",
    ""citedCount"": 288
  }
]"
https://canlii.ca/t/52w1g,"[
  {
    ""id"": ""l4841!4841-current-1"",
    ""docType"": ""LEGISLATION"",
    ""path"": ""/en/sk/laws/stat/rss-1978-c-c-31/latest/rss-1978-c-c-31.html"",
    ""docTitle"": ""The Contributory Negligence Act"",
    ""autoCompletions"": ""[{\""type\"":\""MAIN_TITLE\"",\""text\"":\""The Contributory Negligence Act\""},{\""type\"":\""LEGISLATION_REFERENCE\"",\""text\"":\""RSS 1978, c C-31\""}]"",
    ""jurisdictionId"": ""sk"",
    ""citedCount"": 218
  }
]"
https://canlii.ca/t/52xx6,"[
  {
    ""id"": ""l23815!23815-current-1"",
    ""docType"": ""LEGISLATION"",
    ""path"": ""/en/nb/laws/hstat/rsnb-1973-c-m-22/latest/rsnb-1973-c-m-22.html"",
    ""docTitle"": ""Municipalities Act"",
    ""autoCompletions"": ""[{\""type\"":\""MAIN_TITLE\"",\""text\"":\""Municipalities Act\""},{\""type\"":\""LEGISLATION_REFERENCE\"",\""text\"":\""RSNB 1973, c M-22\""},{\""type\"":\""LEGISLATION_ALTERNATE_REFERENCE\"",\""text\"":\""LRN-B 1973, c M-22\""},{\""type\"":\""LEGISLATION_ALTERNATE_TITLE\"",\""text\"":\""Loi sur les municipalités\""}]"",
    ""jurisdictionId"": ""nb"",
    ""citedCount"": 126
  }
]"
https://canlii.ca/t/53406,"[
  {
    ""id"": ""l13077!13077-current-1"",
    ""docType"": ""LEGISLATION"",
    ""path"": ""/en/ca/laws/stat/sc-1991-c-41/latest/sc-1991-c-41.html"",
    ""docTitle"": ""Foreign Missions and International Organizations Act"",
    ""autoCompletions"": ""[{\""type\"":\""MAIN_TITLE\"",\""text\"":\""Foreign Missions and International Organizations Act\""},{\""type\"":\""LEGISLATION_REFERENCE\"",\""text\"":\""SC 1991, c 41\""},{\""type\"":\""LEGISLATION_ALTERNATE_REFERENCE\"",\""text\"":\""LC 1991, ch 41\""},{\""type\"":\""LEGISLATION_ALTERNATE_REFERENCE\"",\""text\"":\""LC 1991, c 41\""},{\""type\"":\""LEGISLATION_ALTERNATE_TITLE\"",\""text\"":\""Loi sur les missions étrangères et les organisations internationales\""}]"",
    ""jurisdictionId"": ""ca"",
    ""citedCount"": 210
  }
]"
https://canlii.ca/t/5374x,"[
  {
    ""id"": ""l45356!45356-current-1"",
    ""docType"": ""LEGISLATION"",
    ""path"": ""/en/sk/laws/astat/ss-1992-c-63/latest/ss-1992-c-63.html"",
    ""docTitle"": ""The Rural Municipality Amendment Act, 1992"",
    ""autoCompletions"": ""[{\""type\"":\""MAIN_TITLE\"",\""text\"":\""The Rural Municipality Amendment Act, 1992\""},{\""type\"":\""LEGISLATION_REFERENCE\"",\""text\"":\""SS 1992, c 63\""},{\""type\"":\""LEGISLATION_BILL_NUMBER\"",\""text\"":\""Bill 27\""},{\""type\"":\""LEGISLATION_LONG_BILL_NUMBER\"",\""text\"":\""Bill 27, 2nd Sess, 22nd Leg\""}]"",
    ""jurisdictionId"": ""sk"",
    ""citedCount"": 3
  }
]"
https://canlii.ca/t/53gqp,"[
  {
    ""id"": ""l4961!4961-current-1"",
    ""docType"": ""LEGISLATION"",
    ""path"": ""/en/sk/laws/stat/ss-1993-c-t-20.1/latest/ss-1993-c-t-20.1.html"",
    ""docTitle"": ""The Treaty Land Entitlement Implementation Act"",
    ""autoCompletions"": ""[{\""type\"":\""MAIN_TITLE\"",\""text\"":\""The Treaty Land Entitlement Implementation Act\""},{\""type\"":\""LEGISLATION_REFERENCE\"",\""text\"":\""SS 1993, c T-20.1\""}]"",
    ""jurisdictionId"": ""sk"",
    ""citedCount"": 18
  }
]"
https://canlii.ca/t/53hpd,"[
  {
    ""id"": ""l16243!16243-current-1"",
    ""docType"": ""LEGISLATION"",
    ""path"": ""/en/ca/laws/regu/sor-93-246/latest/sor-93-246.html"",
    ""docTitle"": ""Citizenship Regulations"",
    ""autoCompletions"": ""[{\""type\"":\""MAIN_TITLE\"",\""text\"":\""Citizenship Regulations\""},{\""type\"":\""LEGISLATION_REFERENCE\"",\""text\"":\""SOR/93-246\""},{\""type\"":\""LEGISLATION_ALTERNATE_REFERENCE\"",\""text\"":\""DORS/93-246\""},{\""type\"":\""LEGISLATION_ALTERNATE_TITLE\"",\""text\"":\""Citizenship Regulations, 1993\""},{\""type\"":\""LEGISLATION_ALTERNATE_TITLE\"",\""text\"":\""Règlement sur la citoyenneté, 1993\""},{\""type\"":\""LEGISLATION_ALTERNATE_TITLE\"",\""text\"":\""Règlement sur la citoyenneté\""}]"",
    ""jurisdictionId"": ""ca"",
    ""citedCount"": 128
  }
]"
https://canlii.ca/t/53p6q,"[
  {
    ""id"": ""l23624!23624-current-1"",
    ""docType"": ""LEGISLATION"",
    ""path"": ""/en/nb/laws/stat/snb-1984-c-c-5.1/latest/snb-1984-c-c-5.1.html"",
    ""docTitle"": ""Civil Service Act"",
    ""autoCompletions"": ""[{\""type\"":\""MAIN_TITLE\"",\""text\"":\""Civil Service Act\""},{\""type\"":\""LEGISLATION_REFERENCE\"",\""text\"":\""SNB 1984, c C-5.1\""},{\""type\"":\""LEGISLATION_ALTERNATE_REFERENCE\"",\""text\"":\""LN-B 1984, c C-5.1\""},{\""type\"":\""LEGISLATION_ALTERNATE_TITLE\"",\""text\"":\""Loi sur la fonction publique\""}]"",
    ""jurisdictionId"": ""nb"",
    ""citedCount"": 224
  }
]"
https://canlii.ca/t/544lt,"[
  {
    ""id"": ""l12957!12957-current-1"",
    ""docType"": ""LEGISLATION"",
    ""path"": ""/en/ca/laws/stat/rsc-1985-c-s-26/latest/rsc-1985-c-s-26.html"",
    ""docTitle"": ""Supreme Court Act"",
    ""autoCompletions"": ""[{\""type\"":\""MAIN_TITLE\"",\""text\"":\""Supreme Court Act\""},{\""type\"":\""LEGISLATION_REFERENCE\"",\""text\"":\""RSC 1985, c S-26\""},{\""type\"":\""LEGISLATION_ALTERNATE_REFERENCE\"",\""text\"":\""LRC 1985, ch S-26\""},{\""type\"":\""LEGISLATION_ALTERNATE_REFERENCE\"",\""text\"":\""LR 1985, ch S-26\""},{\""type\"":\""LEGISLATION_ALTERNATE_REFERENCE\"",\""text\"":\""RS 1985, c S-26\""},{\""type\"":\""LEGISLATION_ALTERNATE_REFERENCE\"",\""text\"":\""LRC 1985, c S-26\""},{\""type\"":\""LEGISLATION_ALTERNATE_TITLE\"",\""text\"":\""Loi sur la Cour suprême\""}]"",
    ""jurisdictionId"": ""ca"",
    ""citedCount"": 1160
  }
]"
https://canlii.ca/t/546k3,"[
  {
    ""id"": ""l61621!61621-current-1"",
    ""docType"": ""LEGISLATION"",
    ""path"": ""/en/nb/laws/astat/snb-1990-c-30/latest/snb-1990-c-30.html"",
    ""docTitle"": ""An Act to Amend the Public Service Labour Relations Act"",
    ""autoCompletions"": ""[{\""type\"":\""MAIN_TITLE\"",\""text\"":\""An Act to Amend the Public Service Labour Relations Act\""},{\""type\"":\""LEGISLATION_REFERENCE\"",\""text\"":\""SNB 1990, c 30\""},{\""type\"":\""LEGISLATION_ALTERNATE_REFERENCE\"",\""text\"":\""LN-B 1990, c 30\""},{\""type\"":\""LEGISLATION_ALTERNATE_TITLE\"",\""text\"":\""Loi modifiant la Loi relative aux relations de travail dans les services publics\""},{\""type\"":\""LEGISLATION_BILL_NUMBER\"",\""text\"":\""Bill 44\""},{\""type\"":\""LEGISLATION_BILL_NUMBER\"",\""text\"":\""Projet de loi 44\""},{\""type\"":\""LEGISLATION_LONG_BILL_NUMBER\"",\""text\"":\""Bill 44, 3rd Sess, 51st Leg\""},{\""type\"":\""LEGISLATION_LONG_BILL_NUMBER\"",\""text\"":\""Projet de loi 44, 3e sess, 51e légis\""}]"",
    ""jurisdictionId"": ""nb"",
    ""citedCount"": 7
  }
]"
https://canlii.ca/t/54bvr,"[
  {
    ""id"": ""l63044!63044-current-1"",
    ""docType"": ""LEGISLATION"",
    ""path"": ""/en/qc/laws/astat/sq-2020-c-12/latest/sq-2020-c-12.html"",
    ""docTitle"": ""An Act mainly to promote the efficiency of penal justice and to establish the terms governing the intervention of the Court of Québec with respect to applications for appeal"",
    ""autoCompletions"": ""[{\""type\"":\""MAIN_TITLE\"",\""text\"":\""An Act mainly to promote the efficiency of penal justice and to establish the terms governing the intervention of the Court of Québec with respect to applications for appeal\""},{\""type\"":\""LEGISLATION_REFERENCE\"",\""text\"":\""SQ 2020, c 12\""},{\""type\"":\""LEGISLATION_ALTERNATE_REFERENCE\"",\""text\"":\""LQ 2020, c 12\""},{\""type\"":\""LEGISLATION_ALTERNATE_TITLE\"",\""text\"":\""Loi visant principalement à favoriser l'efficacité de la justice pénale et à établir les modalités d'intervention de la Cour du Québec dans un pourvoi en appel\""},{\""type\"":\""LEGISLATION_BILL_NUMBER\"",\""text\"":\""Bill 32\""},{\""type\"":\""LEGISLATION_BILL_NUMBER\"",\""text\"":\""Projet de loi 32\""},{\""type\"":\""LEGISLATION_LONG_BILL_NUMBER\"",\""text\"":\""Bill 32, 1st Sess, 42nd Leg\""},{\""type\"":\""LEGISLATION_LONG_BILL_NUMBER\"",\""text\"":\""Projet de loi 32, 1re sess, 42e légis\""}]"",
    ""jurisdictionId"": ""qc"",
    ""citedCount"": 62
  }
]"
https://canlii.ca/t/54n2,"[
  {
    ""id"": ""1999bcca6"",
    ""docType"": ""DECISION"",
    ""path"": ""/en/bc/bcca/doc/1999/1999bcca6/1999bcca6.html"",
    ""docTitle"": ""Van  Mol v. Ashmore"",
    ""autoCompletions"": ""[{\""type\"":\""DECISION_NEUTRAL_CITATION\"",\""text\"":\""1999 BCCA 6\""},{\""type\"":\""DECISION_CANLII_REFERENCE\"",\""text\"":\""1999 BCCA 6 (CanLII)\""},{\""type\"":\""MAIN_TITLE\"",\""text\"":\""Van  Mol v. Ashmore\""},{\""type\"":\""DECISION_OTHER_REFERENCES\"",\""text\"":\""168 DLR (4th) 637\""},{\""type\"":\""DECISION_OTHER_REFERENCES\"",\""text\"":\"" 190 WAC 161\""},{\""type\"":\""DECISION_OTHER_REFERENCES\"",\""text\"":\"" [1999] 6 WWR 501\""},{\""type\"":\""DECISION_OTHER_REFERENCES\"",\""text\"":\"" 58 BCLR (3d) 305\""},{\""type\"":\""DECISION_OTHER_REFERENCES\"",\""text\"":\"" 116 BCAC 161\""},{\""type\"":\""DECISION_OTHER_REFERENCES\"",\""text\"":\"" [1999] BCJ No 31 (QL)\""},{\""type\"":\""DECISION_ALTERNATE_TITLE\"",\""text\"":\""Van Mol (Guardian at Litem of) v. Ashmore\""},{\""type\"":\""DECISION_ALTERNATE_TITLE\"",\""text\"":\""Van Mol (Guardian ad litem of) v. Ashmore\""},{\""type\"":\""DECISION_DOCKET_NUMBER\"",\""text\"":\""CA022042\""},{\""type\"":\""JURISDICTION_NAME\"",\""text\"":\""British Columbia\""},{\""type\"":\""COLLECTION_NAME\"",\""text\"":\""Court of Appeal for British Columbia\""}]"",
    ""jurisdictionId"": ""bc"",
    ""citedCount"": 195
  }
]"
https://canlii.ca/t/5546r,"[
  {
    ""id"": ""l9312!9312-current-1"",
    ""docType"": ""LEGISLATION"",
    ""path"": ""/en/qc/laws/regu/cqlr-c-p-13.1-r-1/latest/cqlr-c-p-13.1-r-1.html"",
    ""docTitle"": ""Code of Ethics of Québec Police Officers"",
    ""autoCompletions"": ""[{\""type\"":\""MAIN_TITLE\"",\""text\"":\""Code of Ethics of Québec Police Officers\""},{\""type\"":\""LEGISLATION_REFERENCE\"",\""text\"":\""CQLR c P-13.1, r 1\""},{\""type\"":\""LEGISLATION_ALTERNATE_REFERENCE\"",\""text\"":\""RQ, c P-13.1, r 1\""},{\""type\"":\""LEGISLATION_ALTERNATE_REFERENCE\"",\""text\"":\""RRQ, c P-13.1, r 1\""},{\""type\"":\""LEGISLATION_ALTERNATE_REFERENCE\"",\""text\"":\""1990 GOQ 2, 2531\""},{\""type\"":\""LEGISLATION_ALTERNATE_REFERENCE\"",\""text\"":\""OC 920-90\""},{\""type\"":\""LEGISLATION_ALTERNATE_REFERENCE\"",\""text\"":\""1990 GOQ 2, 1760\""},{\""type\"":\""LEGISLATION_ALTERNATE_REFERENCE\"",\""text\"":\""RQ, c O-8.1, r 1\""},{\""type\"":\""LEGISLATION_ALTERNATE_REFERENCE\"",\""text\"":\""D 920-90\""},{\""type\"":\""LEGISLATION_ALTERNATE_REFERENCE\"",\""text\"":\""RLRQ c P-13.1, r 1\""},{\""type\"":\""LEGISLATION_ALTERNATE_TITLE\"",\""text\"":\""Code de déontologie des policiers du Québec\""}]"",
    ""jurisdictionId"": ""qc"",
    ""citedCount"": 1044
  }
]"
https://canlii.ca/t/557qs,"[
  {
    ""id"": ""l79485!79485-current-1"",
    ""docType"": ""LEGISLATION"",
    ""path"": ""/en/nb/laws/hstat/rsnb-1927-c-88/latest/rsnb-1927-c-88.html"",
    ""docTitle"": ""The New Brunswick Companies Act"",
    ""autoCompletions"": ""[{\""type\"":\""MAIN_TITLE\"",\""text\"":\""The New Brunswick Companies Act\""},{\""type\"":\""LEGISLATION_REFERENCE\"",\""text\"":\""RSNB 1927, c 88\""}]"",
    ""jurisdictionId"": ""nb"",
    ""citedCount"": 4
  }
]"
https://canlii.ca/t/55nzg,"[
  {
    ""id"": ""l5938!5938-current-1"",
    ""docType"": ""LEGISLATION"",
    ""path"": ""/en/qc/laws/stat/cqlr-c-f-3.2.0.1.1/latest/cqlr-c-f-3.2.0.1.1.html"",
    ""docTitle"": ""Act respecting the Fonds d'aide aux actions collectives"",
    ""autoCompletions"": ""[{\""type\"":\""MAIN_TITLE\"",\""text\"":\""Act respecting the Fonds d'aide aux actions collectives\""},{\""type\"":\""LEGISLATION_REFERENCE\"",\""text\"":\""CQLR c F-3.2.0.1.1\""},{\""type\"":\""LEGISLATION_ALTERNATE_REFERENCE\"",\""text\"":\""chapitre F-3.2.0.1.1\""},{\""type\"":\""LEGISLATION_ALTERNATE_REFERENCE\"",\""text\"":\""RSQ, c R-2.1\""},{\""type\"":\""LEGISLATION_ALTERNATE_REFERENCE\"",\""text\"":\""CQLR c R-2.1\""},{\""type\"":\""LEGISLATION_ALTERNATE_REFERENCE\"",\""text\"":\""RLRQ c R-2.1\""},{\""type\"":\""LEGISLATION_ALTERNATE_REFERENCE\"",\""text\"":\""LRQ, c R-2.1\""},{\""type\"":\""LEGISLATION_ALTERNATE_REFERENCE\"",\""text\"":\""chapter F-3.2.0.1.1\""},{\""type\"":\""LEGISLATION_ALTERNATE_REFERENCE\"",\""text\"":\""RLRQ c F-3.2.0.1.1\""},{\""type\"":\""LEGISLATION_ALTERNATE_TITLE\"",\""text\"":\""An Act Respecting the Class Action\""},{\""type\"":\""LEGISLATION_ALTERNATE_TITLE\"",\""text\"":\""Loi sur le recours collectif\""},{\""type\"":\""LEGISLATION_ALTERNATE_TITLE\"",\""text\"":\""Loi sur le fonds d'aide aux actions collectives\""}]"",
    ""jurisdictionId"": ""qc"",
    ""citedCount"": 271
  }
]"
https://canlii.ca/t/561jt,"[
  {
    ""id"": ""l20204!20204-current-1"",
    ""docType"": ""LEGISLATION"",
    ""path"": ""/en/bc/laws/stat/sbc-2004-c-45/latest/sbc-2004-c-45.html"",
    ""docTitle"": ""Administrative Tribunals Act"",
    ""autoCompletions"": ""[{\""type\"":\""MAIN_TITLE\"",\""text\"":\""Administrative Tribunals Act\""},{\""type\"":\""LEGISLATION_REFERENCE\"",\""text\"":\""SBC 2004, c 45\""}]"",
    ""jurisdictionId"": ""bc"",
    ""citedCount"": 2063
  }
]"
https://canlii.ca/t/5626h,"[
  {
    ""id"": ""l29040!29040-current-1"",
    ""docType"": ""LEGISLATION"",
    ""path"": ""/en/mb/laws/stat/ccsm-c-n100/latest/ccsm-c-n100.html"",
    ""docTitle"": ""The Northern Affairs Act"",
    ""autoCompletions"": ""[{\""type\"":\""MAIN_TITLE\"",\""text\"":\""The Northern Affairs Act\""},{\""type\"":\""LEGISLATION_REFERENCE\"",\""text\"":\""CCSM c N100\""},{\""type\"":\""LEGISLATION_ALTERNATE_REFERENCE\"",\""text\"":\""LM 2006, c 34\""},{\""type\"":\""LEGISLATION_ALTERNATE_REFERENCE\"",\""text\"":\""SM 2006, c 34\""},{\""type\"":\""LEGISLATION_ALTERNATE_REFERENCE\"",\""text\"":\""CPLM c N100\""},{\""type\"":\""LEGISLATION_ALTERNATE_TITLE\"",\""text\"":\""Loi sur les affaires du Nord\""}]"",
    ""jurisdictionId"": ""mb"",
    ""citedCount"": 237
  }
]"
https://canlii.ca/t/563gb,"[
  {
    ""id"": ""l19712!19712-current-1"",
    ""docType"": ""LEGISLATION"",
    ""path"": ""/en/bc/laws/stat/rsbc-1996-c-210/latest/rsbc-1996-c-210.html"",
    ""docTitle"": ""Human Rights Code"",
    ""autoCompletions"": ""[{\""type\"":\""MAIN_TITLE\"",\""text\"":\""Human Rights Code\""},{\""type\"":\""LEGISLATION_REFERENCE\"",\""text\"":\""RSBC 1996, c 210\""}]"",
    ""jurisdictionId"": ""bc"",
    ""citedCount"": 9818
  }
]"
https://canlii.ca/t/564nf,"[
  {
    ""id"": ""l23689!23689-current-1"",
    ""docType"": ""LEGISLATION"",
    ""path"": ""/en/nb/laws/stat/snb-1981-c-l-1.1/latest/snb-1981-c-l-1.1.html"",
    ""docTitle"": ""Land Titles Act"",
    ""autoCompletions"": ""[{\""type\"":\""MAIN_TITLE\"",\""text\"":\""Land Titles Act\""},{\""type\"":\""LEGISLATION_REFERENCE\"",\""text\"":\""SNB 1981, c L-1.1\""},{\""type\"":\""LEGISLATION_ALTERNATE_REFERENCE\"",\""text\"":\""LN-B 1981, c L-1.1\""},{\""type\"":\""LEGISLATION_ALTERNATE_TITLE\"",\""text\"":\""Loi sur l'enregistrement foncier\""}]"",
    ""jurisdictionId"": ""nb"",
    ""citedCount"": 169
  }
]"
https://canlii.ca/t/564nl,"[
  {
    ""id"": ""l23619!23619-current-1"",
    ""docType"": ""LEGISLATION"",
    ""path"": ""/en/nb/laws/stat/rsnb-1973-c-i-13/latest/rsnb-1973-c-i-13.html"",
    ""docTitle"": ""Interpretation Act"",
    ""autoCompletions"": ""[{\""type\"":\""MAIN_TITLE\"",\""text\"":\""Interpretation Act\""},{\""type\"":\""LEGISLATION_REFERENCE\"",\""text\"":\""RSNB 1973, c I-13\""},{\""type\"":\""LEGISLATION_ALTERNATE_REFERENCE\"",\""text\"":\""LRN-B 1973, c I-13\""},{\""type\"":\""LEGISLATION_ALTERNATE_TITLE\"",\""text\"":\""Loi d'interprétation\""}]"",
    ""jurisdictionId"": ""nb"",
    ""citedCount"": 440
  }
]"
https://canlii.ca/t/5652h,"[
  {
    ""id"": ""l83!83-current-1"",
    ""docType"": ""LEGISLATION"",
    ""path"": ""/en/on/laws/stat/rso-1990-c-c38/latest/rso-1990-c-c38.html"",
    ""docTitle"": ""Corporations Act"",
    ""autoCompletions"": ""[{\""type\"":\""MAIN_TITLE\"",\""text\"":\""Corporations Act\""},{\""type\"":\""LEGISLATION_REFERENCE\"",\""text\"":\""RSO 1990, c C.38\""},{\""type\"":\""LEGISLATION_ALTERNATE_REFERENCE\"",\""text\"":\""LRO 1990, c C.38\""},{\""type\"":\""LEGISLATION_ALTERNATE_TITLE\"",\""text\"":\""Loi sur les personnes morales\""}]"",
    ""jurisdictionId"": ""on"",
    ""citedCount"": 689
  }
]"
https://canlii.ca/t/566gg,"[
  {
    ""id"": ""l19940!19940-current-1"",
    ""docType"": ""LEGISLATION"",
    ""path"": ""/en/bc/laws/stat/rsbc-1996-c-418/latest/rsbc-1996-c-418.html"",
    ""docTitle"": ""Securities Act"",
    ""autoCompletions"": ""[{\""type\"":\""MAIN_TITLE\"",\""text\"":\""Securities Act\""},{\""type\"":\""LEGISLATION_REFERENCE\"",\""text\"":\""RSBC 1996, c 418\""}]"",
    ""jurisdictionId"": ""bc"",
    ""citedCount"": 10364
  }
]"
https://canlii.ca/t/566ls,"[
  {
    ""id"": ""l30442!30442-current-1"",
    ""docType"": ""LEGISLATION"",
    ""path"": ""/en/nb/laws/stat/snb-2009-c-r-10.6/latest/snb-2009-c-r-10.6.html"",
    ""docTitle"": ""Right to Information and Protection of Privacy Act"",
    ""autoCompletions"": ""[{\""type\"":\""MAIN_TITLE\"",\""text\"":\""Right to Information and Protection of Privacy Act\""},{\""type\"":\""LEGISLATION_REFERENCE\"",\""text\"":\""SNB 2009, c R-10.6\""},{\""type\"":\""LEGISLATION_ALTERNATE_REFERENCE\"",\""text\"":\""LN-B 2009, c R-10.6\""},{\""type\"":\""LEGISLATION_ALTERNATE_TITLE\"",\""text\"":\""Loi sur le droit à l'information et la protection de la vie privée\""}]"",
    ""jurisdictionId"": ""nb"",
    ""citedCount"": 327
  }
]"
https://canlii.ca/t/568d0,"[
  {
    ""id"": ""l311!311-current-1"",
    ""docType"": ""LEGISLATION"",
    ""path"": ""/en/on/laws/stat/rso-1990-c-m56/latest/rso-1990-c-m56.html"",
    ""docTitle"": ""Municipal Freedom of Information and Protection of Privacy Act"",
    ""autoCompletions"": ""[{\""type\"":\""MAIN_TITLE\"",\""text\"":\""Municipal Freedom of Information and Protection of Privacy Act\""},{\""type\"":\""LEGISLATION_REFERENCE\"",\""text\"":\""RSO 1990, c M.56\""},{\""type\"":\""LEGISLATION_ALTERNATE_REFERENCE\"",\""text\"":\""LRO 1990, c M.56\""},{\""type\"":\""LEGISLATION_ALTERNATE_TITLE\"",\""text\"":\""Loi sur l'accès à l'information municipale et la protection de la vie privée\""}]"",
    ""jurisdictionId"": ""on"",
    ""citedCount"": 2596
  }
]"
https://canlii.ca/t/56bjc,"[
  {
    ""id"": ""l23674!23674-current-1"",
    ""docType"": ""LEGISLATION"",
    ""path"": ""/en/nb/laws/stat/snb-1982-c-e-7.2/latest/snb-1982-c-e-7.2.html"",
    ""docTitle"": ""Employment Standards Act"",
    ""autoCompletions"": ""[{\""type\"":\""MAIN_TITLE\"",\""text\"":\""Employment Standards Act\""},{\""type\"":\""LEGISLATION_REFERENCE\"",\""text\"":\""SNB 1982, c E-7.2\""},{\""type\"":\""LEGISLATION_ALTERNATE_REFERENCE\"",\""text\"":\""LN-B 1982, c E-7.2\""},{\""type\"":\""LEGISLATION_ALTERNATE_TITLE\"",\""text\"":\""Loi sur les normes d'emploi\""}]"",
    ""jurisdictionId"": ""nb"",
    ""citedCount"": 216
  }
]"
https://canlii.ca/t/56bzl,"[
  {
    ""id"": ""l12841!12841-current-1"",
    ""docType"": ""LEGISLATION"",
    ""path"": ""/en/ca/laws/stat/rsc-1985-c-f-7/latest/rsc-1985-c-f-7.html"",
    ""docTitle"": ""Federal Courts Act"",
    ""autoCompletions"": ""[{\""type\"":\""MAIN_TITLE\"",\""text\"":\""Federal Courts Act\""},{\""type\"":\""LEGISLATION_REFERENCE\"",\""text\"":\""RSC 1985, c F-7\""},{\""type\"":\""LEGISLATION_ALTERNATE_REFERENCE\"",\""text\"":\""LR 1985, ch F-7\""},{\""type\"":\""LEGISLATION_ALTERNATE_REFERENCE\"",\""text\"":\""RS 1985, c F-7\""},{\""type\"":\""LEGISLATION_ALTERNATE_REFERENCE\"",\""text\"":\""LRC 1985, ch F-7\""},{\""type\"":\""LEGISLATION_ALTERNATE_REFERENCE\"",\""text\"":\""LRC 1985, c F-7\""},{\""type\"":\""LEGISLATION_ALTERNATE_TITLE\"",\""text\"":\""Federal Court Act\""},{\""type\"":\""LEGISLATION_ALTERNATE_TITLE\"",\""text\"":\""Loi sur la Cour fédérale\""},{\""type\"":\""LEGISLATION_ALTERNATE_TITLE\"",\""text\"":\""Loi sur les cours fédérales\""}]"",
    ""jurisdictionId"": ""ca"",
    ""citedCount"": 7623
  }
]"
https://canlii.ca/t/56c77,"[
  {
    ""id"": ""l12741!12741-current-1"",
    ""docType"": ""LEGISLATION"",
    ""path"": ""/en/ca/laws/stat/rsc-1985-c-47-4th-supp/latest/rsc-1985-c-47-4th-supp.html"",
    ""docTitle"": ""Canadian International Trade Tribunal Act"",
    ""autoCompletions"": ""[{\""type\"":\""MAIN_TITLE\"",\""text\"":\""Canadian International Trade Tribunal Act\""},{\""type\"":\""LEGISLATION_REFERENCE\"",\""text\"":\""RSC 1985, c 47 (4th Supp)\""},{\""type\"":\""LEGISLATION_ALTERNATE_REFERENCE\"",\""text\"":\""L.R. (1985), ch. 47 (4e suppl.)\""},{\""type\"":\""LEGISLATION_ALTERNATE_REFERENCE\"",\""text\"":\""R.S., 1985, c. 47 (4th Supp.)\""},{\""type\"":\""LEGISLATION_ALTERNATE_REFERENCE\"",\""text\"":\""LRC 1985, c 47 (4e suppl)\""},{\""type\"":\""LEGISLATION_ALTERNATE_TITLE\"",\""text\"":\""Loi sur le tribunal canadien du commerce extérieur\""}]"",
    ""jurisdictionId"": ""ca"",
    ""citedCount"": 1711
  }
]"
https://canlii.ca/t/56cjs,"[
  {
    ""id"": ""l13232!13232-current-1"",
    ""docType"": ""LEGISLATION"",
    ""path"": ""/en/ca/laws/stat/sc-2001-c-27/latest/sc-2001-c-27.html"",
    ""docTitle"": ""Immigration and Refugee Protection Act"",
    ""autoCompletions"": ""[{\""type\"":\""MAIN_TITLE\"",\""text\"":\""Immigration and Refugee Protection Act\""},{\""type\"":\""LEGISLATION_REFERENCE\"",\""text\"":\""SC 2001, c 27\""},{\""type\"":\""LEGISLATION_ALTERNATE_REFERENCE\"",\""text\"":\""LC 2001, ch 27\""},{\""type\"":\""LEGISLATION_ALTERNATE_REFERENCE\"",\""text\"":\""LC 2001, c 27\""},{\""type\"":\""LEGISLATION_ALTERNATE_TITLE\"",\""text\"":\""Loi sur l'immigration et la protection des réfugiés\""}]"",
    ""jurisdictionId"": ""ca"",
    ""citedCount"": 83953
  }
]"
https://canlii.ca/t/56dg7,"[
  {
    ""id"": ""l28161!28161-current-0"",
    ""docType"": ""LEGISLATION"",
    ""path"": ""/en/mb/laws/regu/man-reg-64-98/latest/man-reg-64-98.html"",
    ""docTitle"": ""Access and Privacy Regulation"",
    ""autoCompletions"": ""[{\""type\"":\""MAIN_TITLE\"",\""text\"":\""Access and Privacy Regulation\""},{\""type\"":\""LEGISLATION_REFERENCE\"",\""text\"":\""Man Reg 64/98\""},{\""type\"":\""LEGISLATION_ALTERNATE_REFERENCE\"",\""text\"":\""Règl du Man 64/98\""},{\""type\"":\""LEGISLATION_ALTERNATE_TITLE\"",\""text\"":\""Règlement sur l'accès à l'information et la protection de la vie privée\""}]"",
    ""jurisdictionId"": ""mb"",
    ""citedCount"": 1
  }
]"
https://canlii.ca/t/56dxf,"[
  {
    ""id"": ""l230!230-current-1"",
    ""docType"": ""LEGISLATION"",
    ""path"": ""/en/on/laws/stat/rso-1990-c-j3/latest/rso-1990-c-j3.html"",
    ""docTitle"": ""Juries Act"",
    ""autoCompletions"": ""[{\""type\"":\""MAIN_TITLE\"",\""text\"":\""Juries Act\""},{\""type\"":\""LEGISLATION_REFERENCE\"",\""text\"":\""RSO 1990, c J.3\""},{\""type\"":\""LEGISLATION_ALTERNATE_REFERENCE\"",\""text\"":\""LRO 1990, c J.3\""},{\""type\"":\""LEGISLATION_ALTERNATE_TITLE\"",\""text\"":\""Loi sur les jurys\""}]"",
    ""jurisdictionId"": ""on"",
    ""citedCount"": 153
  }
]"
https://canlii.ca/t/56fd8,"[
  {
    ""id"": ""l12864!12864-current-1"",
    ""docType"": ""LEGISLATION"",
    ""path"": ""/en/ca/laws/stat/rsc-1985-c-i-21/latest/rsc-1985-c-i-21.html"",
    ""docTitle"": ""Interpretation Act"",
    ""autoCompletions"": ""[{\""type\"":\""MAIN_TITLE\"",\""text\"":\""Interpretation Act\""},{\""type\"":\""LEGISLATION_REFERENCE\"",\""text\"":\""RSC 1985, c I-21\""},{\""type\"":\""LEGISLATION_ALTERNATE_REFERENCE\"",\""text\"":\""LR 1985, ch I-21\""},{\""type\"":\""LEGISLATION_ALTERNATE_REFERENCE\"",\""text\"":\""RS 1985, c I-21\""},{\""type\"":\""LEGISLATION_ALTERNATE_REFERENCE\"",\""text\"":\""LRC 1985, ch I-21\""},{\""type\"":\""LEGISLATION_ALTERNATE_REFERENCE\"",\""text\"":\""LRC 1985, c I-21\""},{\""type\"":\""LEGISLATION_ALTERNATE_TITLE\"",\""text\"":\""Loi d'interprétation\""}]"",
    ""jurisdictionId"": ""ca"",
    ""citedCount"": 3718
  }
]"
https://canlii.ca/t/56g20,"[
  {
    ""id"": ""l13183!13183-current-1"",
    ""docType"": ""LEGISLATION"",
    ""path"": ""/en/ca/laws/stat/sc-1997-c-36/latest/sc-1997-c-36.html"",
    ""docTitle"": ""Customs Tariff"",
    ""autoCompletions"": ""[{\""type\"":\""MAIN_TITLE\"",\""text\"":\""Customs Tariff\""},{\""type\"":\""LEGISLATION_REFERENCE\"",\""text\"":\""SC 1997, c 36\""},{\""type\"":\""LEGISLATION_ALTERNATE_REFERENCE\"",\""text\"":\""LC 1997, ch 36\""},{\""type\"":\""LEGISLATION_ALTERNATE_REFERENCE\"",\""text\"":\""LC 1997, c 36\""},{\""type\"":\""LEGISLATION_ALTERNATE_TITLE\"",\""text\"":\""Tarif des douanes\""}]"",
    ""jurisdictionId"": ""ca"",
    ""citedCount"": 790
  }
]"
https://canlii.ca/t/56g8v,"[
  {
    ""id"": ""l36027!36027-current-1"",
    ""docType"": ""LEGISLATION"",
    ""path"": ""/en/ca/laws/stat/30---31-vict-c-3/latest/30---31-vict-c-3.html"",
    ""docTitle"": ""The Constitution Act, 1867"",
    ""autoCompletions"": ""[{\""type\"":\""MAIN_TITLE\"",\""text\"":\""The Constitution Act, 1867\""},{\""type\"":\""LEGISLATION_REFERENCE\"",\""text\"":\""30 & 31 Vict, c 3\""},{\""type\"":\""LEGISLATION_ALTERNATE_REFERENCE\"",\""text\"":\""30 & 31 Victoria, c 3\""},{\""type\"":\""LEGISLATION_ALTERNATE_TITLE\"",\""text\"":\""British North America Act, 1867\""},{\""type\"":\""LEGISLATION_ALTERNATE_TITLE\"",\""text\"":\""BNA Act, 1867\""},{\""type\"":\""LEGISLATION_ALTERNATE_TITLE\"",\""text\"":\""Acte de l’Amérique du Nord britannique, 1867\\t\""},{\""type\"":\""LEGISLATION_ALTERNATE_TITLE\"",\""text\"":\""Loi constitutionnelle de 1867\""}]"",
    ""jurisdictionId"": ""ca"",
    ""citedCount"": 11060
  }
]"
https://canlii.ca/t/56jgm,"[
  {
    ""id"": ""l12747!12747-current-1"",
    ""docType"": ""LEGISLATION"",
    ""path"": ""/en/ca/laws/stat/rsc-1985-c-a-1/latest/rsc-1985-c-a-1.html"",
    ""docTitle"": ""Access to Information Act"",
    ""autoCompletions"": ""[{\""type\"":\""MAIN_TITLE\"",\""text\"":\""Access to Information Act\""},{\""type\"":\""LEGISLATION_REFERENCE\"",\""text\"":\""RSC 1985, c A-1\""},{\""type\"":\""LEGISLATION_ALTERNATE_REFERENCE\"",\""text\"":\""RS 1985, c A-1\""},{\""type\"":\""LEGISLATION_ALTERNATE_REFERENCE\"",\""text\"":\""LR 1985, ch A-1\""},{\""type\"":\""LEGISLATION_ALTERNATE_REFERENCE\"",\""text\"":\""LRC 1985, ch A-1\""},{\""type\"":\""LEGISLATION_ALTERNATE_REFERENCE\"",\""text\"":\""LRC 1985, c A-1\""},{\""type\"":\""LEGISLATION_ALTERNATE_TITLE\"",\""text\"":\""Loi sur l'accès à l'information\""}]"",
    ""jurisdictionId"": ""ca"",
    ""citedCount"": 1700
  }
]"
https://canlii.ca/t/56jgr,"[
  {
    ""id"": ""l12810!12810-current-1"",
    ""docType"": ""LEGISLATION"",
    ""path"": ""/en/ca/laws/stat/rsc-1985-c-e-15/latest/rsc-1985-c-e-15.html"",
    ""docTitle"": ""Excise Tax Act"",
    ""autoCompletions"": ""[{\""type\"":\""MAIN_TITLE\"",\""text\"":\""Excise Tax Act\""},{\""type\"":\""LEGISLATION_REFERENCE\"",\""text\"":\""RSC 1985, c E-15\""},{\""type\"":\""LEGISLATION_ALTERNATE_REFERENCE\"",\""text\"":\""RS 1985, c E-15\""},{\""type\"":\""LEGISLATION_ALTERNATE_REFERENCE\"",\""text\"":\""LRC 1985, ch E-15\""},{\""type\"":\""LEGISLATION_ALTERNATE_REFERENCE\"",\""text\"":\""LR 1985, ch E-15\""},{\""type\"":\""LEGISLATION_ALTERNATE_REFERENCE\"",\""text\"":\""LRC 1985, c E-15\""},{\""type\"":\""LEGISLATION_ALTERNATE_TITLE\"",\""text\"":\""GST\""},{\""type\"":\""LEGISLATION_ALTERNATE_TITLE\"",\""text\"":\""Goods and Services Tax\""},{\""type\"":\""LEGISLATION_ALTERNATE_TITLE\"",\""text\"":\""Taxe sur les produits et services\""},{\""type\"":\""LEGISLATION_ALTERNATE_TITLE\"",\""text\"":\""TPS\""},{\""type\"":\""LEGISLATION_ALTERNATE_TITLE\"",\""text\"":\""Loi sur la taxe d'accise\""}]"",
    ""jurisdictionId"": ""ca"",
    ""citedCount"": 3316
  }
]"
https://canlii.ca/t/56jrm,"[
  {
    ""id"": ""l202!202-current-1"",
    ""docType"": ""LEGISLATION"",
    ""path"": ""/en/on/laws/stat/rso-1990-c-h19/latest/rso-1990-c-h19.html"",
    ""docTitle"": ""Human Rights Code"",
    ""autoCompletions"": ""[{\""type\"":\""MAIN_TITLE\"",\""text\"":\""Human Rights Code\""},{\""type\"":\""LEGISLATION_REFERENCE\"",\""text\"":\""RSO 1990, c H.19\""},{\""type\"":\""LEGISLATION_ALTERNATE_REFERENCE\"",\""text\"":\""LRO 1990, c H.19\""},{\""type\"":\""LEGISLATION_ALTERNATE_TITLE\"",\""text\"":\""Code des droits de la personne\""}]"",
    ""jurisdictionId"": ""on"",
    ""citedCount"": 29135
  }
]"
https://canlii.ca/t/56jxm,"[
  {
    ""id"": ""l29342!29342-current-1"",
    ""docType"": ""LEGISLATION"",
    ""path"": ""/en/mb/laws/stat/ccsm-c-p80/latest/ccsm-c-p80.html"",
    ""docTitle"": ""The Planning Act"",
    ""autoCompletions"": ""[{\""type\"":\""MAIN_TITLE\"",\""text\"":\""The Planning Act\""},{\""type\"":\""LEGISLATION_REFERENCE\"",\""text\"":\""CCSM c P80\""},{\""type\"":\""LEGISLATION_ALTERNATE_REFERENCE\"",\""text\"":\""LM 2005, c 30\""},{\""type\"":\""LEGISLATION_ALTERNATE_REFERENCE\"",\""text\"":\""SM 2005, c 30\""},{\""type\"":\""LEGISLATION_ALTERNATE_REFERENCE\"",\""text\"":\""CPLM c P80\""},{\""type\"":\""LEGISLATION_ALTERNATE_TITLE\"",\""text\"":\""Loi sur l'aménagement du territoire\""}]"",
    ""jurisdictionId"": ""mb"",
    ""citedCount"": 194
  }
]"
https://canlii.ca/t/56kgx,"[
  {
    ""id"": ""l23669!23669-current-1"",
    ""docType"": ""LEGISLATION"",
    ""path"": ""/en/nb/laws/stat/rsnb-1973-c-p-25/latest/rsnb-1973-c-p-25.html"",
    ""docTitle"": ""Public Service Labour Relations Act"",
    ""autoCompletions"": ""[{\""type\"":\""MAIN_TITLE\"",\""text\"":\""Public Service Labour Relations Act\""},{\""type\"":\""LEGISLATION_REFERENCE\"",\""text\"":\""RSNB 1973, c P-25\""},{\""type\"":\""LEGISLATION_ALTERNATE_REFERENCE\"",\""text\"":\""LRN-B 1973, c P-25\""},{\""type\"":\""LEGISLATION_ALTERNATE_TITLE\"",\""text\"":\""Loi relative aux relations de travail dans les services publics\""}]"",
    ""jurisdictionId"": ""nb"",
    ""citedCount"": 483
  }
]"
https://canlii.ca/t/56kkc,"[
  {
    ""id"": ""l5452!5452-current-1"",
    ""docType"": ""LEGISLATION"",
    ""path"": ""/en/qc/laws/stat/cqlr-c-c-12/latest/cqlr-c-c-12.html"",
    ""docTitle"": ""Charter of Human Rights and Freedoms"",
    ""autoCompletions"": ""[{\""type\"":\""MAIN_TITLE\"",\""text\"":\""Charter of Human Rights and Freedoms\""},{\""type\"":\""LEGISLATION_REFERENCE\"",\""text\"":\""CQLR c C-12\""},{\""type\"":\""LEGISLATION_ALTERNATE_REFERENCE\"",\""text\"":\""chapitre C-12\""},{\""type\"":\""LEGISLATION_ALTERNATE_REFERENCE\"",\""text\"":\""chapter C-12\""},{\""type\"":\""LEGISLATION_ALTERNATE_REFERENCE\"",\""text\"":\""LRQ, c C-12\""},{\""type\"":\""LEGISLATION_ALTERNATE_REFERENCE\"",\""text\"":\""RSQ, c C-12\""},{\""type\"":\""LEGISLATION_ALTERNATE_REFERENCE\"",\""text\"":\""RLRQ c C-12\""},{\""type\"":\""LEGISLATION_ALTERNATE_TITLE\"",\""text\"":\""Quebec Charter\""},{\""type\"":\""LEGISLATION_ALTERNATE_TITLE\"",\""text\"":\""Charte québécoise\""},{\""type\"":\""LEGISLATION_ALTERNATE_TITLE\"",\""text\"":\""Charte des droits et libertés de la personne\""}]"",
    ""jurisdictionId"": ""qc"",
    ""citedCount"": 19146
  }
]"
https://canlii.ca/t/56lrp,"[
  {
    ""id"": ""l29310!29310-current-1"",
    ""docType"": ""LEGISLATION"",
    ""path"": ""/en/mb/laws/stat/ccsm-c-f175/latest/ccsm-c-f175.html"",
    ""docTitle"": ""The Freedom of Information and Protection of Privacy Act"",
    ""autoCompletions"": ""[{\""type\"":\""MAIN_TITLE\"",\""text\"":\""The Freedom of Information and Protection of Privacy Act\""},{\""type\"":\""LEGISLATION_REFERENCE\"",\""text\"":\""CCSM c F175\""},{\""type\"":\""LEGISLATION_ALTERNATE_REFERENCE\"",\""text\"":\""SM 1997, c 50\""},{\""type\"":\""LEGISLATION_ALTERNATE_REFERENCE\"",\""text\"":\""LM 1997, c 50\""},{\""type\"":\""LEGISLATION_ALTERNATE_REFERENCE\"",\""text\"":\""CPLM c F175\""},{\""type\"":\""LEGISLATION_ALTERNATE_TITLE\"",\""text\"":\""Loi sur l'accès à l'information et la protection de la vie privée\""}]"",
    ""jurisdictionId"": ""mb"",
    ""citedCount"": 368
  }
]"
https://canlii.ca/t/56lsh,"[
  {
    ""id"": ""l12792!12792-current-1"",
    ""docType"": ""LEGISLATION"",
    ""path"": ""/en/ca/laws/stat/rsc-1985-c-c-46/latest/rsc-1985-c-c-46.html"",
    ""docTitle"": ""Criminal Code"",
    ""autoCompletions"": ""[{\""type\"":\""MAIN_TITLE\"",\""text\"":\""Criminal Code\""},{\""type\"":\""LEGISLATION_REFERENCE\"",\""text\"":\""RSC 1985, c C-46\""},{\""type\"":\""LEGISLATION_ALTERNATE_REFERENCE\"",\""text\"":\""RS 1985, c C-46\""},{\""type\"":\""LEGISLATION_ALTERNATE_REFERENCE\"",\""text\"":\""LR 1985, ch C-46\""},{\""type\"":\""LEGISLATION_ALTERNATE_REFERENCE\"",\""text\"":\""LRC 1985, ch C-46\""},{\""type\"":\""LEGISLATION_ALTERNATE_REFERENCE\"",\""text\"":\""LRC 1985, c C-46\""},{\""type\"":\""LEGISLATION_ALTERNATE_TITLE\"",\""text\"":\""Cr.C.\""},{\""type\"":\""LEGISLATION_ALTERNATE_TITLE\"",\""text\"":\""C.cr.\""},{\""type\"":\""LEGISLATION_ALTERNATE_TITLE\"",\""text\"":\""Code criminel\""}]"",
    ""jurisdictionId"": ""ca"",
    ""citedCount"": 217457
  }
]"
https://canlii.ca/t/56lsh,"[
  {
    ""id"": ""l12792!12792-current-1"",
    ""docType"": ""LEGISLATION"",
    ""path"": ""/en/ca/laws/stat/rsc-1985-c-c-46/latest/rsc-1985-c-c-46.html"",
    ""docTitle"": ""Criminal Code"",
    ""autoCompletions"": ""[{\""type\"":\""MAIN_TITLE\"",\""text\"":\""Criminal Code\""},{\""type\"":\""LEGISLATION_REFERENCE\"",\""text\"":\""RSC 1985, c C-46\""},{\""type\"":\""LEGISLATION_ALTERNATE_REFERENCE\"",\""text\"":\""RS 1985, c C-46\""},{\""type\"":\""LEGISLATION_ALTERNATE_REFERENCE\"",\""text\"":\""LR 1985, ch C-46\""},{\""type\"":\""LEGISLATION_ALTERNATE_REFERENCE\"",\""text\"":\""LRC 1985, ch C-46\""},{\""type\"":\""LEGISLATION_ALTERNATE_REFERENCE\"",\""text\"":\""LRC 1985, c C-46\""},{\""type\"":\""LEGISLATION_ALTERNATE_TITLE\"",\""text\"":\""Cr.C.\""},{\""type\"":\""LEGISLATION_ALTERNATE_TITLE\"",\""text\"":\""C.cr.\""},{\""type\"":\""LEGISLATION_ALTERNATE_TITLE\"",\""text\"":\""Code criminel\""}]"",
    ""jurisdictionId"": ""ca"",
    ""citedCount"": 217457
  }
]"
https://canlii.ca/t/56lsj,"[
  {
    ""id"": ""l12793!12793-current-1"",
    ""docType"": ""LEGISLATION"",
    ""path"": ""/en/ca/laws/stat/rsc-1985-c-c-47/latest/rsc-1985-c-c-47.html"",
    ""docTitle"": ""Criminal Records Act"",
    ""autoCompletions"": ""[{\""type\"":\""MAIN_TITLE\"",\""text\"":\""Criminal Records Act\""},{\""type\"":\""LEGISLATION_REFERENCE\"",\""text\"":\""RSC 1985, c C-47\""},{\""type\"":\""LEGISLATION_ALTERNATE_REFERENCE\"",\""text\"":\""RS 1985, c C-47\""},{\""type\"":\""LEGISLATION_ALTERNATE_REFERENCE\"",\""text\"":\""LRC 1985, ch C-47\""},{\""type\"":\""LEGISLATION_ALTERNATE_REFERENCE\"",\""text\"":\""LR 1985, ch C-47\""},{\""type\"":\""LEGISLATION_ALTERNATE_REFERENCE\"",\""text\"":\""LRC 1985, c C-47\""},{\""type\"":\""LEGISLATION_ALTERNATE_TITLE\"",\""text\"":\""Loi sur le casier judiciaire\""}]"",
    ""jurisdictionId"": ""ca"",
    ""citedCount"": 707
  }
]"
https://canlii.ca/t/56lxj,"[
  {
    ""id"": ""l6195!6195-current-1"",
    ""docType"": ""LEGISLATION"",
    ""path"": ""/en/qc/laws/stat/cqlr-c-ccq-1991/latest/cqlr-c-ccq-1991.html"",
    ""docTitle"": ""Civil Code of Québec"",
    ""autoCompletions"": ""[{\""type\"":\""MAIN_TITLE\"",\""text\"":\""Civil Code of Québec\""},{\""type\"":\""LEGISLATION_REFERENCE\"",\""text\"":\""CQLR c CCQ-1991\""},{\""type\"":\""LEGISLATION_ALTERNATE_REFERENCE\"",\""text\"":\""SRQ, c C-1991\""},{\""type\"":\""LEGISLATION_ALTERNATE_REFERENCE\"",\""text\"":\""CQLR c C-1991\""},{\""type\"":\""LEGISLATION_ALTERNATE_REFERENCE\"",\""text\"":\""chapter C-1991\""},{\""type\"":\""LEGISLATION_ALTERNATE_REFERENCE\"",\""text\"":\""chapitre C-1991\""},{\""type\"":\""LEGISLATION_ALTERNATE_REFERENCE\"",\""text\"":\""LQ 1991, c 64\""},{\""type\"":\""LEGISLATION_ALTERNATE_REFERENCE\"",\""text\"":\""RLRQ c C-1991\""},{\""type\"":\""LEGISLATION_ALTERNATE_REFERENCE\"",\""text\"":\""SQ 1991, c 64\""},{\""type\"":\""LEGISLATION_ALTERNATE_REFERENCE\"",\""text\"":\""LRQ, c C-1991\""},{\""type\"":\""LEGISLATION_ALTERNATE_REFERENCE\"",\""text\"":\""RLRQ c CCQ-1991\""},{\""type\"":\""LEGISLATION_ALTERNATE_TITLE\"",\""text\"":\""Civil Code\""},{\""type\"":\""LEGISLATION_ALTERNATE_TITLE\"",\""text\"":\""CCQ\""},{\""type\"":\""LEGISLATION_ALTERNATE_TITLE\"",\""text\"":\""CcQ\""},{\""type\"":\""LEGISLATION_ALTERNATE_TITLE\"",\""text\"":\""C.c.Q.\""},{\""type\"":\""LEGISLATION_ALTERNATE_TITLE\"",\""text\"":\""Code civil\""},{\""type\"":\""LEGISLATION_ALTERNATE_TITLE\"",\""text\"":\""Code civil du Québec\""}]"",
    ""jurisdictionId"": ""qc"",
    ""citedCount"": 835526
  }
]"
https://canlii.ca/t/56lxl,"[
  {
    ""id"": ""l38186!38186-current-1"",
    ""docType"": ""LEGISLATION"",
    ""path"": ""/en/qc/laws/stat/cqlr-c-c-25.01/latest/cqlr-c-c-25.01.html"",
    ""docTitle"": ""Code of Civil Procedure"",
    ""autoCompletions"": ""[{\""type\"":\""MAIN_TITLE\"",\""text\"":\""Code of Civil Procedure\""},{\""type\"":\""LEGISLATION_REFERENCE\"",\""text\"":\""CQLR c C-25.01\""},{\""type\"":\""LEGISLATION_ALTERNATE_REFERENCE\"",\""text\"":\""chapitre C-25.01\""},{\""type\"":\""LEGISLATION_ALTERNATE_REFERENCE\"",\""text\"":\""chapter C-25.01\""},{\""type\"":\""LEGISLATION_ALTERNATE_REFERENCE\"",\""text\"":\""RLRQ c C-25.01\""},{\""type\"":\""LEGISLATION_ALTERNATE_TITLE\"",\""text\"":\""NCCP\""},{\""type\"":\""LEGISLATION_ALTERNATE_TITLE\"",\""text\"":\""N.C.C.P.\""},{\""type\"":\""LEGISLATION_ALTERNATE_TITLE\"",\""text\"":\""CCP\""},{\""type\"":\""LEGISLATION_ALTERNATE_TITLE\"",\""text\"":\""N.c.p.c.\""},{\""type\"":\""LEGISLATION_ALTERNATE_TITLE\"",\""text\"":\""NCPC\""},{\""type\"":\""LEGISLATION_ALTERNATE_TITLE\"",\""text\"":\""N.C.P.C.\""},{\""type\"":\""LEGISLATION_ALTERNATE_TITLE\"",\""text\"":\""C.p.c.\""},{\""type\"":\""LEGISLATION_ALTERNATE_TITLE\"",\""text\"":\""Cpc\""},{\""type\"":\""LEGISLATION_ALTERNATE_TITLE\"",\""text\"":\""Code de procédure civile\""}]"",
    ""jurisdictionId"": ""qc"",
    ""citedCount"": 10839
  }
]"
https://canlii.ca/t/56lxm,"[
  {
    ""id"": ""l5519!5519-current-1"",
    ""docType"": ""LEGISLATION"",
    ""path"": ""/en/qc/laws/stat/cqlr-c-c-26/latest/cqlr-c-c-26.html"",
    ""docTitle"": ""Professional Code"",
    ""autoCompletions"": ""[{\""type\"":\""MAIN_TITLE\"",\""text\"":\""Professional Code\""},{\""type\"":\""LEGISLATION_REFERENCE\"",\""text\"":\""CQLR c C-26\""},{\""type\"":\""LEGISLATION_ALTERNATE_REFERENCE\"",\""text\"":\""LRQ, c C-26\""},{\""type\"":\""LEGISLATION_ALTERNATE_REFERENCE\"",\""text\"":\""chapitre C-26\""},{\""type\"":\""LEGISLATION_ALTERNATE_REFERENCE\"",\""text\"":\""chapter C-26\""},{\""type\"":\""LEGISLATION_ALTERNATE_REFERENCE\"",\""text\"":\""RSQ, c C-26\""},{\""type\"":\""LEGISLATION_ALTERNATE_REFERENCE\"",\""text\"":\""RLRQ c C-26\""},{\""type\"":\""LEGISLATION_ALTERNATE_TITLE\"",\""text\"":\""C. prof.\""},{\""type\"":\""LEGISLATION_ALTERNATE_TITLE\"",\""text\"":\""C.prof.\""},{\""type\"":\""LEGISLATION_ALTERNATE_TITLE\"",\""text\"":\""Code des professions\""}]"",
    ""jurisdictionId"": ""qc"",
    ""citedCount"": 15344
  }
]"
https://canlii.ca/t/56lzp,"[
  {
    ""id"": ""l48068!48068-current-1"",
    ""docType"": ""LEGISLATION"",
    ""path"": ""/en/qc/laws/stat/cqlr-c-l-0.3/latest/cqlr-c-l-0.3.html"",
    ""docTitle"": ""Act respecting the laicity of the State"",
    ""autoCompletions"": ""[{\""type\"":\""MAIN_TITLE\"",\""text\"":\""Act respecting the laicity of the State\""},{\""type\"":\""LEGISLATION_REFERENCE\"",\""text\"":\""CQLR c L-0.3\""},{\""type\"":\""LEGISLATION_ALTERNATE_REFERENCE\"",\""text\"":\""LQ 2019, c 12\""},{\""type\"":\""LEGISLATION_ALTERNATE_REFERENCE\"",\""text\"":\""SQ 2019, c 12\""},{\""type\"":\""LEGISLATION_ALTERNATE_REFERENCE\"",\""text\"":\""chapitre L-0.3\""},{\""type\"":\""LEGISLATION_ALTERNATE_REFERENCE\"",\""text\"":\""chapter L-0.3\""},{\""type\"":\""LEGISLATION_ALTERNATE_REFERENCE\"",\""text\"":\""RLRQ c L-0.3\""},{\""type\"":\""LEGISLATION_ALTERNATE_TITLE\"",\""text\"":\""Loi sur la laïcité de l'État\""}]"",
    ""jurisdictionId"": ""qc"",
    ""citedCount"": 79
  }
]"
https://canlii.ca/t/56mjl,"[
  {
    ""id"": ""l282!282-current-1"",
    ""docType"": ""LEGISLATION"",
    ""path"": ""/en/on/laws/stat/rso-1990-c-m3/latest/rso-1990-c-m3.html"",
    ""docTitle"": ""Marriage Act"",
    ""autoCompletions"": ""[{\""type\"":\""MAIN_TITLE\"",\""text\"":\""Marriage Act\""},{\""type\"":\""LEGISLATION_REFERENCE\"",\""text\"":\""RSO 1990, c M.3\""},{\""type\"":\""LEGISLATION_ALTERNATE_REFERENCE\"",\""text\"":\""LRO 1990, c M.3\""},{\""type\"":\""LEGISLATION_ALTERNATE_TITLE\"",\""text\"":\""Loi sur le mariage\""}]"",
    ""jurisdictionId"": ""on"",
    ""citedCount"": 157
  }
]"
https://canlii.ca/t/56mpx,"[
  {
    ""id"": ""l808!808-current-1"",
    ""docType"": ""LEGISLATION"",
    ""path"": ""/en/on/laws/stat/so-2006-c-11-sch-a/latest/so-2006-c-11-sch-a.html"",
    ""docTitle"": ""City of Toronto Act, 2006"",
    ""autoCompletions"": ""[{\""type\"":\""MAIN_TITLE\"",\""text\"":\""City of Toronto Act, 2006\""},{\""type\"":\""LEGISLATION_REFERENCE\"",\""text\"":\""SO 2006, c 11, Sch A\""},{\""type\"":\""LEGISLATION_ALTERNATE_REFERENCE\"",\""text\"":\""LO 2006, c 11, ann A\""},{\""type\"":\""LEGISLATION_ALTERNATE_TITLE\"",\""text\"":\""Loi de 2006 sur la cité de Toronto\""}]"",
    ""jurisdictionId"": ""on"",
    ""citedCount"": 992
  }
]"
https://canlii.ca/t/56mrx,"[
  {
    ""id"": ""l12899!12899-current-1"",
    ""docType"": ""LEGISLATION"",
    ""path"": ""/en/ca/laws/stat/rsc-1985-c-n-5/latest/rsc-1985-c-n-5.html"",
    ""docTitle"": ""National Defence Act"",
    ""autoCompletions"": ""[{\""type\"":\""MAIN_TITLE\"",\""text\"":\""National Defence Act\""},{\""type\"":\""LEGISLATION_REFERENCE\"",\""text\"":\""RSC 1985, c N-5\""},{\""type\"":\""LEGISLATION_ALTERNATE_REFERENCE\"",\""text\"":\""RS 1985, c N-5\""},{\""type\"":\""LEGISLATION_ALTERNATE_REFERENCE\"",\""text\"":\""LR 1985, ch N-5\""},{\""type\"":\""LEGISLATION_ALTERNATE_REFERENCE\"",\""text\"":\""LRC 1985, ch N-5\""},{\""type\"":\""LEGISLATION_ALTERNATE_REFERENCE\"",\""text\"":\""LRC 1985, c N-5\""},{\""type\"":\""LEGISLATION_ALTERNATE_TITLE\"",\""text\"":\""Loi sur la défense nationale\""}]"",
    ""jurisdictionId"": ""ca"",
    ""citedCount"": 1007
  }
]"
https://canlii.ca/t/56mt0,"[
  {
    ""id"": ""l731!731-current-1"",
    ""docType"": ""LEGISLATION"",
    ""path"": ""/en/on/laws/stat/so-2001-c-25/latest/so-2001-c-25.html"",
    ""docTitle"": ""Municipal Act, 2001"",
    ""autoCompletions"": ""[{\""type\"":\""MAIN_TITLE\"",\""text\"":\""Municipal Act, 2001\""},{\""type\"":\""LEGISLATION_REFERENCE\"",\""text\"":\""SO 2001, c 25\""},{\""type\"":\""LEGISLATION_ALTERNATE_REFERENCE\"",\""text\"":\""LO 2001, c 25\""},{\""type\"":\""LEGISLATION_ALTERNATE_TITLE\"",\""text\"":\""Loi de 2001 sur les municipalités\""}]"",
    ""jurisdictionId"": ""on"",
    ""citedCount"": 1800
  }
]"
https://canlii.ca/t/56nc2,"[
  {
    ""id"": ""l17899!17899-current-1"",
    ""docType"": ""LEGISLATION"",
    ""path"": ""/en/ab/laws/stat/rsa-2000-c-m-26/latest/rsa-2000-c-m-26.html"",
    ""docTitle"": ""Municipal Government Act"",
    ""autoCompletions"": ""[{\""type\"":\""MAIN_TITLE\"",\""text\"":\""Municipal Government Act\""},{\""type\"":\""LEGISLATION_REFERENCE\"",\""text\"":\""RSA 2000, c M-26\""}]"",
    ""jurisdictionId"": ""ab"",
    ""citedCount"": 13242
  }
]"
https://canlii.ca/t/56ndm,"[
  {
    ""id"": ""l12781!12781-current-1"",
    ""docType"": ""LEGISLATION"",
    ""path"": ""/en/ca/laws/stat/rsc-1985-c-c-29/latest/rsc-1985-c-c-29.html"",
    ""docTitle"": ""Citizenship Act"",
    ""autoCompletions"": ""[{\""type\"":\""MAIN_TITLE\"",\""text\"":\""Citizenship Act\""},{\""type\"":\""LEGISLATION_REFERENCE\"",\""text\"":\""RSC 1985, c C-29\""},{\""type\"":\""LEGISLATION_ALTERNATE_REFERENCE\"",\""text\"":\""RS 1985, c C-29\""},{\""type\"":\""LEGISLATION_ALTERNATE_REFERENCE\"",\""text\"":\""LR 1985, ch C-29\""},{\""type\"":\""LEGISLATION_ALTERNATE_REFERENCE\"",\""text\"":\""LRC 1985, ch C-29\""},{\""type\"":\""LEGISLATION_ALTERNATE_REFERENCE\"",\""text\"":\""LRC 1985, c C-29\""},{\""type\"":\""LEGISLATION_ALTERNATE_TITLE\"",\""text\"":\""Loi sur la citoyenneté\""}]"",
    ""jurisdictionId"": ""ca"",
    ""citedCount"": 1665
  }
]"
https://canlii.ca/t/56ndw,"[
  {
    ""id"": ""l23977!23977-current-1"",
    ""docType"": ""LEGISLATION"",
    ""path"": ""/en/nb/laws/regu/nb-reg-82-73/latest/nb-reg-82-73.html"",
    ""docTitle"": ""Rules of Court"",
    ""autoCompletions"": ""[{\""type\"":\""MAIN_TITLE\"",\""text\"":\""Rules of Court\""},{\""type\"":\""LEGISLATION_REFERENCE\"",\""text\"":\""NB Reg 82-73\""},{\""type\"":\""LEGISLATION_ALTERNATE_REFERENCE\"",\""text\"":\""Règl du N-B 82-73\""},{\""type\"":\""LEGISLATION_ALTERNATE_TITLE\"",\""text\"":\""Règles de procédures\""}]"",
    ""jurisdictionId"": ""nb"",
    ""citedCount"": 965
  }
]"
https://canlii.ca/t/56p11,"[
  {
    ""id"": ""l1732!1732-current-1"",
    ""docType"": ""LEGISLATION"",
    ""path"": ""/en/on/laws/regu/o-reg-372-91/latest/o-reg-372-91.html"",
    ""docTitle"": ""Institutions"",
    ""autoCompletions"": ""[{\""type\"":\""MAIN_TITLE\"",\""text\"":\""Institutions\""},{\""type\"":\""LEGISLATION_REFERENCE\"",\""text\"":\""O Reg 372/91\""},{\""type\"":\""LEGISLATION_ALTERNATE_REFERENCE\"",\""text\"":\""Règl de l'Ont 372/91\""},{\""type\"":\""LEGISLATION_ALTERNATE_TITLE\"",\""text\"":\""Organismes publics désignés\""}]"",
    ""jurisdictionId"": ""on"",
    ""citedCount"": 34
  }
]"
https://canlii.ca/t/56p8v,"[
  {
    ""id"": ""l12707!12707-current-1"",
    ""docType"": ""LEGISLATION"",
    ""path"": ""/en/ca/laws/stat/rsc-1985-c-1-5th-supp/latest/rsc-1985-c-1-5th-supp.html"",
    ""docTitle"": ""Income Tax Act"",
    ""autoCompletions"": ""[{\""type\"":\""MAIN_TITLE\"",\""text\"":\""Income Tax Act\""},{\""type\"":\""LEGISLATION_REFERENCE\"",\""text\"":\""RSC 1985, c 1 (5th Supp)\""},{\""type\"":\""LEGISLATION_ALTERNATE_REFERENCE\"",\""text\"":\""L.R. (1985), ch. 1 (5e suppl.)\""},{\""type\"":\""LEGISLATION_ALTERNATE_REFERENCE\"",\""text\"":\""R.S., 1985, c. 1 (5th Supp.)\""},{\""type\"":\""LEGISLATION_ALTERNATE_REFERENCE\"",\""text\"":\""LRC 1985, c 1 (5e suppl)\""},{\""type\"":\""LEGISLATION_ALTERNATE_TITLE\"",\""text\"":\""Loi de l'impôt sur le revenu\""}]"",
    ""jurisdictionId"": ""ca"",
    ""citedCount"": 10729
  }
]"
https://canlii.ca/t/601r,"[
  {
    ""id"": ""2003qcca10350"",
    ""docType"": ""DECISION"",
    ""path"": ""/fr/qc/qcca/doc/2003/2003canlii21524/2003canlii21524.html"",
    ""docTitle"": ""Hamel c. Sainte-Anne-de-Beaupré (Ville de)"",
    ""autoCompletions"": ""[{\""type\"":\""DECISION_CANLII_REFERENCE\"",\""text\"":\""2003 CanLII 21524 (QC CA)\""},{\""type\"":\""MAIN_TITLE\"",\""text\"":\""Hamel c. Sainte-Anne-de-Beaupré (Ville de)\""},{\""type\"":\""DECISION_OTHER_REFERENCES\"",\""text\"":\""REJB 2003-46897\""},{\""type\"":\""DECISION_OTHER_REFERENCES\"",\""text\"":\""EYB 2003-46897\""},{\""type\"":\""DECISION_DOCKET_NUMBER\"",\""text\"":\""200-09-004533-037\""},{\""type\"":\""JURISDICTION_NAME\"",\""text\"":\""Québec\""},{\""type\"":\""COLLECTION_NAME\"",\""text\"":\""Cour d'appel du Québec\""}]"",
    ""jurisdictionId"": ""qc"",
    ""citedCount"": 11
  }
]"
https://canlii.ca/t/6fmwv,"[
  {
    ""id"": ""l12793!12793-current-1"",
    ""docType"": ""LEGISLATION"",
    ""path"": ""/fr/ca/legis/lois/lrc-1985-c-c-47/derniere/lrc-1985-c-c-47.html"",
    ""docTitle"": ""Loi sur le casier judiciaire"",
    ""autoCompletions"": ""[{\""type\"":\""MAIN_TITLE\"",\""text\"":\""Loi sur le casier judiciaire\""},{\""type\"":\""LEGISLATION_REFERENCE\"",\""text\"":\""LRC 1985, c C-47\""},{\""type\"":\""LEGISLATION_ALTERNATE_REFERENCE\"",\""text\"":\""RS 1985, c C-47\""},{\""type\"":\""LEGISLATION_ALTERNATE_REFERENCE\"",\""text\"":\""LRC 1985, ch C-47\""},{\""type\"":\""LEGISLATION_ALTERNATE_REFERENCE\"",\""text\"":\""LR 1985, ch C-47\""},{\""type\"":\""LEGISLATION_ALTERNATE_REFERENCE\"",\""text\"":\""RSC 1985, c C-47\""},{\""type\"":\""LEGISLATION_ALTERNATE_TITLE\"",\""text\"":\""Criminal Records Act\""}]"",
    ""jurisdictionId"": ""ca"",
    ""citedCount"": 707
  }
]"
https://canlii.ca/t/6g56,"[
  {
    ""id"": ""2003onca10202"",
    ""docType"": ""DECISION"",
    ""path"": ""/en/on/onca/doc/2003/2003canlii52143/2003canlii52143.html"",
    ""docTitle"": ""Gismondi v. Toronto (City of)"",
    ""autoCompletions"": ""[{\""type\"":\""DECISION_CANLII_REFERENCE\"",\""text\"":\""2003 CanLII 52143 (ON CA)\""},{\""type\"":\""MAIN_TITLE\"",\""text\"":\""Gismondi v. Toronto (City of)\""},{\""type\"":\""DECISION_OTHER_REFERENCES\"",\""text\"":\""64 OR (3d) 688\""},{\""type\"":\""DECISION_OTHER_REFERENCES\"",\""text\"":\"" 226 DLR (4th) 334\""},{\""type\"":\""DECISION_OTHER_REFERENCES\"",\""text\"":\"" 122 ACWS (3d) 485\""},{\""type\"":\""DECISION_OTHER_REFERENCES\"",\""text\"":\"" 171 OAC 1\""},{\""type\"":\""DECISION_OTHER_REFERENCES\"",\""text\"":\"" 24 CCEL (3d) 1\""},{\""type\"":\""DECISION_OTHER_REFERENCES\"",\""text\"":\"" [2003] OJ No 1490 (QL)\""},{\""type\"":\""DECISION_ALTERNATE_TITLE\"",\""text\"":\""Gismondi v. Toronto (City)\""},{\""type\"":\""DECISION_DOCKET_NUMBER\"",\""text\"":\""C37934\""},{\""type\"":\""JURISDICTION_NAME\"",\""text\"":\""Ontario\""},{\""type\"":\""COLLECTION_NAME\"",\""text\"":\""Court of Appeal for Ontario\""}]"",
    ""jurisdictionId"": ""on"",
    ""citedCount"": 51
  }
]"
https://canlii.ca/t/6gzw,"[
  {
    ""id"": ""1998onca10394"",
    ""docType"": ""DECISION"",
    ""path"": ""/en/on/onca/doc/1998/1998canlii7126/1998canlii7126.html"",
    ""docTitle"": ""Hanis v. Teevan"",
    ""autoCompletions"": ""[{\""type\"":\""DECISION_CANLII_REFERENCE\"",\""text\"":\""1998 CanLII 7126 (ON CA)\""},{\""type\"":\""MAIN_TITLE\"",\""text\"":\""Hanis v. Teevan\""},{\""type\"":\""DECISION_OTHER_REFERENCES\"",\""text\"":\""162 DLR (4th) 414\""},{\""type\"":\""DECISION_OTHER_REFERENCES\"",\""text\"":\"" 111 OAC 91\""},{\""type\"":\""DECISION_OTHER_REFERENCES\"",\""text\"":\"" 39 BLR (2d) 66\""},{\""type\"":\""DECISION_OTHER_REFERENCES\"",\""text\"":\"" 37 CCEL (2d) 1\""},{\""type\"":\""DECISION_OTHER_REFERENCES\"",\""text\"":\"" 81 CPR (3d) 496\""},{\""type\"":\""DECISION_OTHER_REFERENCES\"",\""text\"":\"" [1998] OJ No 2560 (QL)\""},{\""type\"":\""DECISION_DOCKET_NUMBER\"",\""text\"":\""C21503\""},{\""type\"":\""JURISDICTION_NAME\"",\""text\"":\""Ontario\""},{\""type\"":\""COLLECTION_NAME\"",\""text\"":\""Court of Appeal for Ontario\""}]"",
    ""jurisdictionId"": ""on"",
    ""citedCount"": 23
  }
]"
https://canlii.ca/t/6h3n,"[
  {
    ""id"": ""1998onca10456"",
    ""docType"": ""DECISION"",
    ""path"": ""/en/on/onca/doc/1998/1998canlii6184/1998canlii6184.html"",
    ""docTitle"": ""Gottardo Properties (Dome) Inc. v. Toronto (City of)"",
    ""autoCompletions"": ""[{\""type\"":\""DECISION_CANLII_REFERENCE\"",\""text\"":\""1998 CanLII 6184 (ON CA)\""},{\""type\"":\""MAIN_TITLE\"",\""text\"":\""Gottardo Properties (Dome) Inc. v. Toronto (City of)\""},{\""type\"":\""DECISION_OTHER_REFERENCES\"",\""text\"":\""162 DLR (4th) 574\""},{\""type\"":\""DECISION_OTHER_REFERENCES\"",\""text\"":\"" 81 ACWS (3d) 409\""},{\""type\"":\""DECISION_OTHER_REFERENCES\"",\""text\"":\"" 111 OAC 272\""},{\""type\"":\""DECISION_OTHER_REFERENCES\"",\""text\"":\"" [1998] CarswellOnt 3004\""},{\""type\"":\""DECISION_OTHER_REFERENCES\"",\""text\"":\"" [1998] OJ No 3048 (QL)\""},{\""type\"":\""DECISION_OTHER_REFERENCES\"",\""text\"":\"" 46 MPLR (2d) 309\""},{\""type\"":\""DECISION_OTHER_REFERENCES\"",\""text\"":\"" 46 MPLR (2d) 310\""},{\""type\"":\""DECISION_ALTERNATE_TITLE\"",\""text\"":\""Gottardo Properties (Dome) Inc. v. Regional Assessment Commissioner, Region No.9\""},{\""type\"":\""DECISION_ALTERNATE_TITLE\"",\""text\"":\""Gottardo Prop. Inc. v. Assess. Commr. (1998)\""},{\""type\"":\""DECISION_ALTERNATE_TITLE\"",\""text\"":\""Gottardo Properties (Dome) Inc. v. Toronto (City)\""},{\""type\"":\""DECISION_ALTERNATE_TITLE\"",\""text\"":\""  \\tMcDonald's Restaurant of Canada Ltd. v. Toronto (City)\""},{\""type\"":\""DECISION_DOCKET_NUMBER\"",\""text\"":\""c22625\""},{\""type\"":\""JURISDICTION_NAME\"",\""text\"":\""Ontario\""},{\""type\"":\""COLLECTION_NAME\"",\""text\"":\""Court of Appeal for Ontario\""}]"",
    ""jurisdictionId"": ""on"",
    ""citedCount"": 51
  }
]"
https://canlii.ca/t/6hxv,"[
  {
    ""id"": ""1997onca1000064"",
    ""docType"": ""DECISION"",
    ""path"": ""/en/on/onca/doc/1997/1997canlii16226/1997canlii16226.html"",
    ""docTitle"": ""R. v. Church of Scientology of Toronto"",
    ""autoCompletions"": ""[{\""type\"":\""DECISION_CANLII_REFERENCE\"",\""text\"":\""1997 CanLII 16226 (ON CA)\""},{\""type\"":\""MAIN_TITLE\"",\""text\"":\""R. v. Church of Scientology of Toronto\""},{\""type\"":\""DECISION_OTHER_REFERENCES\"",\""text\"":\""33 OR (3d) 65\""},{\""type\"":\""DECISION_OTHER_REFERENCES\"",\""text\"":\"" 99 OAC 321\""},{\""type\"":\""DECISION_OTHER_REFERENCES\"",\""text\"":\"" 116 CCC (3d) 1\""},{\""type\"":\""DECISION_OTHER_REFERENCES\"",\""text\"":\"" 7 CR (5th) 267\""},{\""type\"":\""DECISION_OTHER_REFERENCES\"",\""text\"":\"" 34 WCB (2d) 453\""},{\""type\"":\""DECISION_OTHER_REFERENCES\"",\""text\"":\"" 42 CRR (2d) 284\""},{\""type\"":\""DECISION_OTHER_REFERENCES\"",\""text\"":\"" [1997] CarswellOnt 1565\""},{\""type\"":\""DECISION_OTHER_REFERENCES\"",\""text\"":\"" [1997] OJ No 1548 (QL)\""},{\""type\"":\""DECISION_ALTERNATE_TITLE\"",\""text\"":\""R. v. Church of Scientology\""},{\""type\"":\""DECISION_ALTERNATE_TITLE\"",\""text\"":\""R. v. Church of Scientology (1997)\""},{\""type\"":\""DECISION_DOCKET_NUMBER\"",\""text\"":\"" C13047\""},{\""type\"":\""DECISION_DOCKET_NUMBER\"",\""text\"":\""c13207\""},{\""type\"":\""JURISDICTION_NAME\"",\""text\"":\""Ontario\""},{\""type\"":\""COLLECTION_NAME\"",\""text\"":\""Court of Appeal for Ontario\""}]"",
    ""jurisdictionId"": ""on"",
    ""citedCount"": 112
  }
]"
https://canlii.ca/t/6hxx,"[
  {
    ""id"": ""1996onca10340"",
    ""docType"": ""DECISION"",
    ""path"": ""/en/on/onca/doc/1996/1996canlii679/1996canlii679.html"",
    ""docTitle"": ""R. v. Church of Scientology of Toronto"",
    ""autoCompletions"": ""[{\""type\"":\""DECISION_CANLII_REFERENCE\"",\""text\"":\""1996 CanLII 679 (ON CA)\""},{\""type\"":\""MAIN_TITLE\"",\""text\"":\""R. v. Church of Scientology of Toronto\""},{\""type\"":\""DECISION_OTHER_REFERENCES\"",\""text\"":\""92 OAC 313\""},{\""type\"":\""DECISION_ALTERNATE_TITLE\"",\""text\"":\""R. v. Church of Scientology (1996)\""},{\""type\"":\""DECISION_DOCKET_NUMBER\"",\""text\"":\"" C13207\""},{\""type\"":\""DECISION_DOCKET_NUMBER\"",\""text\"":\"" C13047\""},{\""type\"":\""DECISION_DOCKET_NUMBER\"",\""text\"":\""m18923\""},{\""type\"":\""JURISDICTION_NAME\"",\""text\"":\""Ontario\""},{\""type\"":\""COLLECTION_NAME\"",\""text\"":\""Court of Appeal for Ontario\""}]"",
    ""jurisdictionId"": ""on"",
    ""citedCount"": 1
  }
]"
https://canlii.ca/t/6jff,"[
  {
    ""id"": ""1996onca10171"",
    ""docType"": ""DECISION"",
    ""path"": ""/en/on/onca/doc/1996/1996canlii573/1996canlii573.html"",
    ""docTitle"": ""R. v. Rose"",
    ""autoCompletions"": ""[{\""type\"":\""DECISION_CANLII_REFERENCE\"",\""text\"":\""1996 CanLII 573 (ON CA)\""},{\""type\"":\""MAIN_TITLE\"",\""text\"":\""R. v. Rose\""},{\""type\"":\""DECISION_OTHER_REFERENCES\"",\""text\"":\""28 OR (3d) 602\""},{\""type\"":\""DECISION_OTHER_REFERENCES\"",\""text\"":\"" 134 DLR (4th) 628\""},{\""type\"":\""DECISION_OTHER_REFERENCES\"",\""text\"":\"" 90 OAC 193\""},{\""type\"":\""DECISION_OTHER_REFERENCES\"",\""text\"":\"" 106 CCC (3d) 402\""},{\""type\"":\""DECISION_OTHER_REFERENCES\"",\""text\"":\"" 47 CR (4th) 323\""},{\""type\"":\""DECISION_OTHER_REFERENCES\"",\""text\"":\"" 35 CRR (2d) 229\""},{\""type\"":\""DECISION_OTHER_REFERENCES\"",\""text\"":\"" [1996] OJ No 1554 (QL)\""},{\""type\"":\""DECISION_ALTERNATE_TITLE\"",\""text\"":\""R. v. Rose (J.) (1996)\""},{\""type\"":\""DECISION_DOCKET_NUMBER\"",\""text\"":\""c13921\""},{\""type\"":\""JURISDICTION_NAME\"",\""text\"":\""Ontario\""},{\""type\"":\""COLLECTION_NAME\"",\""text\"":\""Court of Appeal for Ontario\""}]"",
    ""jurisdictionId"": ""on"",
    ""citedCount"": 14
  }
]"
https://canlii.ca/t/6jgz,"[
  {
    ""id"": ""1996onca10211"",
    ""docType"": ""DECISION"",
    ""path"": ""/en/on/onca/doc/1996/1996canlii4007/1996canlii4007.html"",
    ""docTitle"": ""R. v. Belnavis"",
    ""autoCompletions"": ""[{\""type\"":\""DECISION_CANLII_REFERENCE\"",\""text\"":\""1996 CanLII 4007 (ON CA)\""},{\""type\"":\""MAIN_TITLE\"",\""text\"":\""R. v. Belnavis\""},{\""type\"":\""DECISION_OTHER_REFERENCES\"",\""text\"":\""29 OR (3d) 321\""},{\""type\"":\""DECISION_OTHER_REFERENCES\"",\""text\"":\"" 91 OAC 3\""},{\""type\"":\""DECISION_OTHER_REFERENCES\"",\""text\"":\"" 107 CCC (3d) 195\""},{\""type\"":\""DECISION_OTHER_REFERENCES\"",\""text\"":\"" 48 CR (4th) 320\""},{\""type\"":\""DECISION_OTHER_REFERENCES\"",\""text\"":\"" 36 CRR (2d) 32\""},{\""type\"":\""DECISION_OTHER_REFERENCES\"",\""text\"":\"" [1996] OJ No 1853 (QL)\""},{\""type\"":\""DECISION_ALTERNATE_TITLE\"",\""text\"":\""R. v. Belnavis (A.) and Lawrence (C.)\""},{\""type\"":\""DECISION_ALTERNATE_TITLE\"",\""text\"":\""R. v. Benlavis\""},{\""type\"":\""DECISION_ALTERNATE_TITLE\"",\""text\"":\""R. v. Belnavis (A.) (1996)\""},{\""type\"":\""DECISION_DOCKET_NUMBER\"",\""text\"":\"" C15516\""},{\""type\"":\""DECISION_DOCKET_NUMBER\"",\""text\"":\""c15183\""},{\""type\"":\""JURISDICTION_NAME\"",\""text\"":\""Ontario\""},{\""type\"":\""COLLECTION_NAME\"",\""text\"":\""Court of Appeal for Ontario\""}]"",
    ""jurisdictionId"": ""on"",
    ""citedCount"": 158
  }
]"
https://canlii.ca/t/6jzf,"[
  {
    ""id"": ""1994onca10023"",
    ""docType"": ""DECISION"",
    ""path"": ""/en/on/onca/doc/1994/1994canlii608/1994canlii608.html"",
    ""docTitle"": ""Rasanen v. Rosemount Instruments Ltd."",
    ""autoCompletions"": ""[{\""type\"":\""DECISION_CANLII_REFERENCE\"",\""text\"":\""1994 CanLII 608 (ON CA)\""},{\""type\"":\""MAIN_TITLE\"",\""text\"":\""Rasanen v. Rosemount Instruments Ltd.\""},{\""type\"":\""DECISION_OTHER_REFERENCES\"",\""text\"":\""17 OR (3d) 267\""},{\""type\"":\""DECISION_OTHER_REFERENCES\"",\""text\"":\"" 112 DLR (4th) 683\""},{\""type\"":\""DECISION_OTHER_REFERENCES\"",\""text\"":\"" 45 ACWS (3d) 666\""},{\""type\"":\""DECISION_OTHER_REFERENCES\"",\""text\"":\"" 68 OAC 284\""},{\""type\"":\""DECISION_OTHER_REFERENCES\"",\""text\"":\"" 1 CCEL (2d) 161\""},{\""type\"":\""DECISION_OTHER_REFERENCES\"",\""text\"":\"" [1994] CarswellOnt 960\""},{\""type\"":\""DECISION_OTHER_REFERENCES\"",\""text\"":\"" [1994] OJ No 200 (QL)\""},{\""type\"":\""DECISION_DOCKET_NUMBER\"",\""text\"":\""c9813\""},{\""type\"":\""JURISDICTION_NAME\"",\""text\"":\""Ontario\""},{\""type\"":\""COLLECTION_NAME\"",\""text\"":\""Court of Appeal for Ontario\""}]"",
    ""jurisdictionId"": ""on"",
    ""citedCount"": 235
  }
]"
https://canlii.ca/t/7n524,"[
  {
    ""id"": ""d214564!d214564"",
    ""docType"": ""DOCTRINE"",
    ""path"": ""/en/commentary/doc/2014CanLIIDocs33718"",
    ""docTitle"": ""Can There Be Too Much Context in Administrative Law: Setting the Standard of Review in Canadian Administrative Law"",
    ""autoCompletions"": ""[{\""type\"":\""MAIN_TITLE\"",\""text\"":\""Can There Be Too Much Context in Administrative Law: Setting the Standard of Review in Canadian Administrative Law\""},{\""type\"":\""DOCTRINE_LARGER_WORK\"",\""text\"":\""UBC Law Review\""},{\""type\"":\""DOCTRINE_REFERENCE\"",\""text\"":\""2014 CanLIIDocs 33718\""},{\""type\"":\""DOCTRINE_LARGER_WORK_REFERENCE\"",\""text\"":\""2014 CanLIIDocs 33678\""},{\""type\"":\""DOCTRINE_AUTHOR\"",\""text\"":\""Andrew Green\""},{\""type\"":\""DOCTRINE_SUBJECT\"",\""text\"":\""Administrative remedies\""},{\""type\"":\""DOCTRINE_SUBJECT_TRANSLATED\"",\""text\"":\""Recours administratifs\""}]"",
    ""jurisdictionId"": ""unspecified"",
    ""citedCount"": 0
  }
]"
https://canlii.ca/t/7n8hl,"[
  {
    ""id"": ""d217668!d217668"",
    ""docType"": ""DOCTRINE"",
    ""path"": ""/en/commentary/doc/2022CanLIIDocs4622"",
    ""docTitle"": ""The Limits of the Declaratory Judgment"",
    ""autoCompletions"": ""[{\""type\"":\""MAIN_TITLE\"",\""text\"":\""The Limits of the Declaratory Judgment\""},{\""type\"":\""DOCTRINE_LARGER_WORK\"",\""text\"":\""McGill Law Journal\""},{\""type\"":\""DOCTRINE_LARGER_WORK\"",\""text\"":\""Revue de droit de McGill\""},{\""type\"":\""DOCTRINE_REFERENCE\"",\""text\"":\""2022 CanLIIDocs 4622\""},{\""type\"":\""DOCTRINE_LARGER_WORK_REFERENCE\"",\""text\"":\""2022 CanLIIDocs 4619\""},{\""type\"":\""DOCTRINE_AUTHOR\"",\""text\"":\""Malcolm Rowe\""},{\""type\"":\""DOCTRINE_AUTHOR\"",\""text\"":\""Diane Shnier\""},{\""type\"":\""DOCTRINE_SUBJECT\"",\""text\"":\""Evidence and procedure\""},{\""type\"":\""DOCTRINE_SUBJECT\"",\""text\"":\""Legal theory\""},{\""type\"":\""DOCTRINE_SUBJECT_TRANSLATED\"",\""text\"":\""Preuve et procédure\""},{\""type\"":\""DOCTRINE_SUBJECT_TRANSLATED\"",\""text\"":\""Théorie du droit\""}]"",
    ""jurisdictionId"": ""unspecified"",
    ""citedCount"": 0
  }
]"
https://canlii.ca/t/7nf1w,"[
  {
    ""id"": ""d221757!d221757"",
    ""docType"": ""DOCTRINE"",
    ""path"": ""/en/commentary/doc/1992CanLIIDocs446"",
    ""docTitle"": ""Paedophilia: The Criminal Responsibility of Canada's Churches"",
    ""autoCompletions"": ""[{\""type\"":\""MAIN_TITLE\"",\""text\"":\""Paedophilia: The Criminal Responsibility of Canada's Churches\""},{\""type\"":\""DOCTRINE_LARGER_WORK\"",\""text\"":\""Dalhousie Law Journal\""},{\""type\"":\""DOCTRINE_LARGER_WORK\"",\""text\"":\""Dalhousie Law Journal\""},{\""type\"":\""DOCTRINE_REFERENCE\"",\""text\"":\""1992 CanLIIDocs 446\""},{\""type\"":\""DOCTRINE_LARGER_WORK_REFERENCE\"",\""text\"":\""1992 CanLIIDocs 440\""},{\""type\"":\""DOCTRINE_AUTHOR\"",\""text\"":\""Dawn Russell\""},{\""type\"":\""DOCTRINE_SUBJECT\"",\""text\"":\""Criminal or statutory infractions\""},{\""type\"":\""DOCTRINE_SUBJECT_TRANSLATED\"",\""text\"":\""Infractions criminelles ou pénales\""}]"",
    ""jurisdictionId"": ""unspecified"",
    ""citedCount"": 0
  }
]"
https://canlii.ca/t/7npz7,"[
  {
    ""id"": ""d229777!d229777"",
    ""docType"": ""DOCTRINE"",
    ""path"": ""/en/commentary/doc/2010CanLIIDocs833"",
    ""docTitle"": ""Reconciliation and Third-Party Interests: Tsilhqot’in Nation v. British Columbia"",
    ""autoCompletions"": ""[{\""type\"":\""MAIN_TITLE\"",\""text\"":\""Reconciliation and Third-Party Interests: Tsilhqot’in Nation v. British Columbia\""},{\""type\"":\""DOCTRINE_LARGER_WORK\"",\""text\"":\""Indigenous Law Journal\""},{\""type\"":\""DOCTRINE_REFERENCE\"",\""text\"":\""2010 CanLIIDocs 833\""},{\""type\"":\""DOCTRINE_LARGER_WORK_REFERENCE\"",\""text\"":\""2010 CanLIIDocs 831\""},{\""type\"":\""DOCTRINE_AUTHOR\"",\""text\"":\""Kent McNeil\""},{\""type\"":\""DOCTRINE_SUBJECT\"",\""text\"":\""Indigenous peoples\""},{\""type\"":\""DOCTRINE_SUBJECT_TRANSLATED\"",\""text\"":\""Peuples autochtones\""}]"",
    ""jurisdictionId"": ""unspecified"",
    ""citedCount"": 0
  }
]"
https://canlii.ca/t/dlx,"[
  {
    ""id"": ""2003csc-scc63"",
    ""docType"": ""DECISION"",
    ""path"": ""/en/ca/scc/doc/2003/2003scc63/2003scc63.html"",
    ""docTitle"": ""Toronto (City) v. C.U.P.E., Local 79"",
    ""autoCompletions"": ""[{\""type\"":\""DECISION_NEUTRAL_CITATION\"",\""text\"":\""2003 SCC 63\""},{\""type\"":\""DECISION_NEUTRAL_CITATION\"",\""text\"":\""2003 CSC 63\""},{\""type\"":\""DECISION_CANLII_REFERENCE\"",\""text\"":\""2003 SCC 63 (CanLII)\""},{\""type\"":\""DECISION_CANLII_REFERENCE\"",\""text\"":\""2003 CSC 63 (CanLII)\""},{\""type\"":\""MAIN_TITLE\"",\""text\"":\""Toronto (City) v. C.U.P.E., Local 79\""},{\""type\"":\""DECISION_OFFICIAL_REPORT_REFERENCE\"",\""text\"":\""[2003] 3 SCR 77\""},{\""type\"":\""DECISION_OFFICIAL_REPORT_REFERENCE\"",\""text\"":\""[2003] 3 RCS 77\""},{\""type\"":\""DECISION_OTHER_REFERENCES\"",\""text\"":\"" REJB 2003-49439\""},{\""type\"":\""DECISION_OTHER_REFERENCES\"",\""text\"":\""68 OR (3d) 799\""},{\""type\"":\""DECISION_OTHER_REFERENCES\"",\""text\"":\"" 232 DLR (4th) 385\""},{\""type\"":\""DECISION_OTHER_REFERENCES\"",\""text\"":\"" 311 NR 201\""},{\""type\"":\""DECISION_OTHER_REFERENCES\"",\""text\"":\"" 179 OAC 291\""},{\""type\"":\""DECISION_OTHER_REFERENCES\"",\""text\"":\"" AZ-50205278\""},{\""type\"":\""DECISION_OTHER_REFERENCES\"",\""text\"":\"" 17 CR (6th) 276\""},{\""type\"":\""DECISION_OTHER_REFERENCES\"",\""text\"":\"" 120 LAC (4th) 225\""},{\""type\"":\""DECISION_OTHER_REFERENCES\"",\""text\"":\"" 31 CCEL (3d) 216\""},{\""type\"":\""DECISION_OTHER_REFERENCES\"",\""text\"":\"" 9 Admin LR (4th) 161\""},{\""type\"":\""DECISION_OTHER_REFERENCES\"",\""text\"":\"" [2003] CarswellOnt 4328\""},{\""type\"":\""DECISION_OTHER_REFERENCES\"",\""text\"":\"" EYB 2003-49439\""},{\""type\"":\""DECISION_OTHER_REFERENCES\"",\""text\"":\"" JE 2003-2108\""},{\""type\"":\""DECISION_OTHER_REFERENCES\"",\""text\"":\"" [2003] SCJ No 64 (QL)\""},{\""type\"":\""DECISION_OTHER_REFERENCES\"",\""text\"":\"" [2003] ACS no 64\""},{\""type\"":\""DECISION_OTHER_REFERENCES\"",\""text\"":\"" 31 RCDT (3d) 216\""},{\""type\"":\""DECISION_ALTERNATE_TITLE\"",\""text\"":\""Toronto (City) v. Canadian Union of Public Employees, Local 79\""},{\""type\"":\""DECISION_ALTERNATE_TITLE\"",\""text\"":\""Toronto (City) et al. v. Canadian Union of Public Employees, Local 79 et al.\""},{\""type\"":\""DECISION_ALTERNATE_TITLE\"",\""text\"":\""Toronto (Ville) c. S.C.F.P., section locale 79\""},{\""type\"":\""DECISION_DOCKET_NUMBER\"",\""text\"":\""28840\""},{\""type\"":\""JURISDICTION_NAME\"",\""text\"":\""Canada (Federal)\""},{\""type\"":\""COLLECTION_NAME\"",\""text\"":\""Supreme Court of Canada\""}]"",
    ""jurisdictionId"": ""ca"",
    ""citedCount"": 3887
  }
]"
https://canlii.ca/t/f6c,"[
  {
    ""id"": ""2003nlca56"",
    ""docType"": ""DECISION"",
    ""path"": ""/en/nl/nlca/doc/2003/2003nlca56/2003nlca56.html"",
    ""docTitle"": ""Ledrew v. Conception Bay South (Town)"",
    ""autoCompletions"": ""[{\""type\"":\""DECISION_NEUTRAL_CITATION\"",\""text\"":\""2003 NLCA 56\""},{\""type\"":\""DECISION_CANLII_REFERENCE\"",\""text\"":\""2003 NLCA 56 (CanLII)\""},{\""type\"":\""MAIN_TITLE\"",\""text\"":\""Ledrew v. Conception Bay South (Town)\""},{\""type\"":\""DECISION_OTHER_REFERENCES\"",\""text\"":\""231 Nfld & PEIR 61\""},{\""type\"":\""DECISION_OTHER_REFERENCES\"",\""text\"":\"" 686 APR 61\""},{\""type\"":\""DECISION_OTHER_REFERENCES\"",\""text\"":\"" [2003] NJ No 276 (QL)\""},{\""type\"":\""DECISION_OTHER_REFERENCES\"",\""text\"":\"" 43 MPLR (3d) 28\""},{\""type\"":\""DECISION_ALTERNATE_TITLE\"",\""text\"":\""LeDrew et al. v. Conception Bay South (Town)\""},{\""type\"":\""DECISION_DOCKET_NUMBER\"",\""text\"":\""03_25\""},{\""type\"":\""JURISDICTION_NAME\"",\""text\"":\""Newfoundland and Labrador\""},{\""type\"":\""COLLECTION_NAME\"",\""text\"":\""Court of Appeal of Newfoundland and Labrador\""}]"",
    ""jurisdictionId"": ""nl"",
    ""citedCount"": 37
  }
]"
https://canlii.ca/t/fl63q,"[
  {
    ""id"": ""2011csc-scc20"",
    ""docType"": ""DECISION"",
    ""path"": ""/en/ca/scc/doc/2011/2011scc20/2011scc20.html"",
    ""docTitle"": ""Ontario (Attorney General) v. Fraser"",
    ""autoCompletions"": ""[{\""type\"":\""DECISION_NEUTRAL_CITATION\"",\""text\"":\""2011 SCC 20\""},{\""type\"":\""DECISION_NEUTRAL_CITATION\"",\""text\"":\""2011 CSC 20\""},{\""type\"":\""DECISION_CANLII_REFERENCE\"",\""text\"":\""2011 SCC 20 (CanLII)\""},{\""type\"":\""DECISION_CANLII_REFERENCE\"",\""text\"":\""2011 CSC 20 (CanLII)\""},{\""type\"":\""MAIN_TITLE\"",\""text\"":\""Ontario (Attorney General) v. Fraser\""},{\""type\"":\""DECISION_OFFICIAL_REPORT_REFERENCE\"",\""text\"":\""[2011] 2 SCR 3\""},{\""type\"":\""DECISION_OFFICIAL_REPORT_REFERENCE\"",\""text\"":\""[2011] 2 RCS 3\""},{\""type\"":\""DECISION_OTHER_REFERENCES\"",\""text\"":\""331 DLR (4th) 64\""},{\""type\"":\""DECISION_OTHER_REFERENCES\"",\""text\"":\"" 415 NR 200\""},{\""type\"":\""DECISION_OTHER_REFERENCES\"",\""text\"":\"" 275 OAC 205\""},{\""type\"":\""DECISION_OTHER_REFERENCES\"",\""text\"":\"" [2011] EXP 1378\""},{\""type\"":\""DECISION_OTHER_REFERENCES\"",\""text\"":\"" [2011] EXPT 828\""},{\""type\"":\""DECISION_OTHER_REFERENCES\"",\""text\"":\"" 233 CRR (2d) 237\""},{\""type\"":\""DECISION_OTHER_REFERENCES\"",\""text\"":\"" 91 CCEL (3d) 1\""},{\""type\"":\""DECISION_OTHER_REFERENCES\"",\""text\"":\"" DTE 2011T-294\""},{\""type\"":\""DECISION_OTHER_REFERENCES\"",\""text\"":\"" JE 2011-751\""},{\""type\"":\""DECISION_OTHER_REFERENCES\"",\""text\"":\"" [2011] SCJ No 20 (QL)\""},{\""type\"":\""DECISION_OTHER_REFERENCES\"",\""text\"":\"" 91 RCDT (3d) 1\""},{\""type\"":\""DECISION_ALTERNATE_TITLE\"",\""text\"":\""Ontario (Procureur général) c. Fraser\""},{\""type\"":\""DECISION_DOCKET_NUMBER\"",\""text\"":\""32968\""},{\""type\"":\""JURISDICTION_NAME\"",\""text\"":\""Canada (Federal)\""},{\""type\"":\""COLLECTION_NAME\"",\""text\"":\""Supreme Court of Canada\""}]"",
    ""jurisdictionId"": ""ca"",
    ""citedCount"": 443
  }
]"
https://canlii.ca/t/fld60,"[
  {
    ""id"": ""2011csc-scc25"",
    ""docType"": ""DECISION"",
    ""path"": ""/en/ca/scc/doc/2011/2011scc25/2011scc25.html"",
    ""docTitle"": ""Canada (Information Commissioner) v. Canada (Minister of National Defence)"",
    ""autoCompletions"": ""[{\""type\"":\""DECISION_NEUTRAL_CITATION\"",\""text\"":\""2011 SCC 25\""},{\""type\"":\""DECISION_NEUTRAL_CITATION\"",\""text\"":\""2011 CSC 25\""},{\""type\"":\""DECISION_CANLII_REFERENCE\"",\""text\"":\""2011 SCC 25 (CanLII)\""},{\""type\"":\""DECISION_CANLII_REFERENCE\"",\""text\"":\""2011 CSC 25 (CanLII)\""},{\""type\"":\""MAIN_TITLE\"",\""text\"":\""Canada (Information Commissioner) v. Canada (Minister of National Defence)\""},{\""type\"":\""DECISION_OFFICIAL_REPORT_REFERENCE\"",\""text\"":\""[2011] 2 SCR 306\""},{\""type\"":\""DECISION_OFFICIAL_REPORT_REFERENCE\"",\""text\"":\""[2011] 2 RCS 306\""},{\""type\"":\""DECISION_OTHER_REFERENCES\"",\""text\"":\""331 DLR (4th) 513\""},{\""type\"":\""DECISION_OTHER_REFERENCES\"",\""text\"":\"" 416 NR 105\""},{\""type\"":\""DECISION_OTHER_REFERENCES\"",\""text\"":\"" 201 ACWS (3d) 425\""},{\""type\"":\""DECISION_OTHER_REFERENCES\"",\""text\"":\"" AZ-50751769\""},{\""type\"":\""DECISION_OTHER_REFERENCES\"",\""text\"":\"" [2011] EXP 1524\""},{\""type\"":\""DECISION_OTHER_REFERENCES\"",\""text\"":\"" 18 Admin LR (5th) 181\""},{\""type\"":\""DECISION_OTHER_REFERENCES\"",\""text\"":\"" JE 2011-834\""},{\""type\"":\""DECISION_OTHER_REFERENCES\"",\""text\"":\"" [2011] SCJ No 25 (QL)\""},{\""type\"":\""DECISION_OTHER_REFERENCES\"",\""text\"":\"" [2011] ACS no 25\""},{\""type\"":\""DECISION_ALTERNATE_TITLE\"",\""text\"":\""Canada (Commissaire à l'information) c. Canada (Ministre de la Défense nationale)\""},{\""type\"":\""DECISION_DOCKET_NUMBER\"",\""text\"":\"" 33297\""},{\""type\"":\""DECISION_DOCKET_NUMBER\"",\""text\"":\"" 33300\""},{\""type\"":\""DECISION_DOCKET_NUMBER\"",\""text\"":\"" 33299\""},{\""type\"":\""DECISION_DOCKET_NUMBER\"",\""text\"":\""33296\""},{\""type\"":\""JURISDICTION_NAME\"",\""text\"":\""Canada (Federal)\""},{\""type\"":\""COLLECTION_NAME\"",\""text\"":\""Supreme Court of Canada\""}]"",
    ""jurisdictionId"": ""ca"",
    ""citedCount"": 415
  }
]"
https://canlii.ca/t/fnk4z,"[
  {
    ""id"": ""2011skca120"",
    ""docType"": ""DECISION"",
    ""path"": ""/en/sk/skca/doc/2011/2011skca120/2011skca120.html"",
    ""docTitle"": ""Mosaic Potash Esterhazy Limited Partnership v Potash Corporation of Saskatchewan Inc"",
    ""autoCompletions"": ""[{\""type\"":\""DECISION_NEUTRAL_CITATION\"",\""text\"":\""2011 SKCA 120\""},{\""type\"":\""DECISION_CANLII_REFERENCE\"",\""text\"":\""2011 SKCA 120 (CanLII)\""},{\""type\"":\""MAIN_TITLE\"",\""text\"":\""Mosaic Potash Esterhazy Limited Partnership v Potash Corporation of Saskatchewan Inc\""},{\""type\"":\""DECISION_OTHER_REFERENCES\"",\""text\"":\""341 DLR (4th) 407\""},{\""type\"":\""DECISION_OTHER_REFERENCES\"",\""text\"":\"" [2012] 2 WWR 659\""},{\""type\"":\""DECISION_OTHER_REFERENCES\"",\""text\"":\"" 377 Sask R 78\""},{\""type\"":\""DECISION_OTHER_REFERENCES\"",\""text\"":\"" [2011] SJ No 627 (QL)\""},{\""type\"":\""DECISION_DOCKET_NUMBER\"",\""text\"":\""CACV2137\""},{\""type\"":\""JURISDICTION_NAME\"",\""text\"":\""Saskatchewan\""},{\""type\"":\""COLLECTION_NAME\"",\""text\"":\""Court of Appeal for Saskatchewan\""}]"",
    ""jurisdictionId"": ""sk"",
    ""citedCount"": 191
  }
]"
https://canlii.ca/t/fnkl2,"[
  {
    ""id"": ""2011csc-scc52"",
    ""docType"": ""DECISION"",
    ""path"": ""/en/ca/scc/doc/2011/2011scc52/2011scc52.html"",
    ""docTitle"": ""British Columbia (Workers' Compensation Board) v. Figliola"",
    ""autoCompletions"": ""[{\""type\"":\""DECISION_NEUTRAL_CITATION\"",\""text\"":\""2011 SCC 52\""},{\""type\"":\""DECISION_NEUTRAL_CITATION\"",\""text\"":\""2011 CSC 52\""},{\""type\"":\""DECISION_CANLII_REFERENCE\"",\""text\"":\""2011 SCC 52 (CanLII)\""},{\""type\"":\""DECISION_CANLII_REFERENCE\"",\""text\"":\""2011 CSC 52 (CanLII)\""},{\""type\"":\""MAIN_TITLE\"",\""text\"":\""British Columbia (Workers' Compensation Board) v. Figliola\""},{\""type\"":\""DECISION_OFFICIAL_REPORT_REFERENCE\"",\""text\"":\""[2011] 3 SCR 422\""},{\""type\"":\""DECISION_OFFICIAL_REPORT_REFERENCE\"",\""text\"":\""[2011] 3 RCS 422\""},{\""type\"":\""DECISION_OTHER_REFERENCES\"",\""text\"":\"" REJB 2011-197334\""},{\""type\"":\""DECISION_OTHER_REFERENCES\"",\""text\"":\""337 DLR (4th) 413\""},{\""type\"":\""DECISION_OTHER_REFERENCES\"",\""text\"":\"" 421 NR 338\""},{\""type\"":\""DECISION_OTHER_REFERENCES\"",\""text\"":\"" [2011] 12 WWR 1\""},{\""type\"":\""DECISION_OTHER_REFERENCES\"",\""text\"":\"" 506 WAC 154\""},{\""type\"":\""DECISION_OTHER_REFERENCES\"",\""text\"":\"" [2011] BCWLD 7337\""},{\""type\"":\""DECISION_OTHER_REFERENCES\"",\""text\"":\"" [2011] EXP 3240\""},{\""type\"":\""DECISION_OTHER_REFERENCES\"",\""text\"":\"" 23 BCLR (5th) 1\""},{\""type\"":\""DECISION_OTHER_REFERENCES\"",\""text\"":\"" 267 CCC (3d) 143\""},{\""type\"":\""DECISION_OTHER_REFERENCES\"",\""text\"":\"" 311 BCAC 1\""},{\""type\"":\""DECISION_OTHER_REFERENCES\"",\""text\"":\"" [2011] EXPT 1935\""},{\""type\"":\""DECISION_OTHER_REFERENCES\"",\""text\"":\"" 25 Admin LR (5th) 173\""},{\""type\"":\""DECISION_OTHER_REFERENCES\"",\""text\"":\"" 73 CHRR 1\""},{\""type\"":\""DECISION_OTHER_REFERENCES\"",\""text\"":\"" 92 WCB (2d) 822\""},{\""type\"":\""DECISION_OTHER_REFERENCES\"",\""text\"":\"" 95 CCEL (3d) 169\""},{\""type\"":\""DECISION_OTHER_REFERENCES\"",\""text\"":\"" DTE 2011T-707\""},{\""type\"":\""DECISION_OTHER_REFERENCES\"",\""text\"":\"" [2011] CarswellBC 2702\""},{\""type\"":\""DECISION_OTHER_REFERENCES\"",\""text\"":\"" EYB 2011-197334\""},{\""type\"":\""DECISION_OTHER_REFERENCES\"",\""text\"":\"" JE 2011-1805\""},{\""type\"":\""DECISION_OTHER_REFERENCES\"",\""text\"":\"" [2011] SCJ No 52 (QL)\""},{\""type\"":\""DECISION_OTHER_REFERENCES\"",\""text\"":\"" [2011] SJ No 52 (QL)\""},{\""type\"":\""DECISION_OTHER_REFERENCES\"",\""text\"":\"" 95 RCDT (3d) 169\""},{\""type\"":\""DECISION_ALTERNATE_TITLE\"",\""text\"":\""Colombie-Britannique (Workers' Compensation Board) c. Figliola\""},{\""type\"":\""DECISION_DOCKET_NUMBER\"",\""text\"":\""33648\""},{\""type\"":\""JURISDICTION_NAME\"",\""text\"":\""Canada (Federal)\""},{\""type\"":\""COLLECTION_NAME\"",\""text\"":\""Supreme Court of Canada\""}]"",
    ""jurisdictionId"": ""ca"",
    ""citedCount"": 1283
  }
]"
https://canlii.ca/t/fnl47,"[
  {
    ""id"": ""2011csc-scc53"",
    ""docType"": ""DECISION"",
    ""path"": ""/en/ca/scc/doc/2011/2011scc53/2011scc53.html"",
    ""docTitle"": ""Canada (Canadian Human Rights Commission) v. Canada (Attorney General)"",
    ""autoCompletions"": ""[{\""type\"":\""DECISION_NEUTRAL_CITATION\"",\""text\"":\""2011 SCC 53\""},{\""type\"":\""DECISION_NEUTRAL_CITATION\"",\""text\"":\""2011 CSC 53\""},{\""type\"":\""DECISION_CANLII_REFERENCE\"",\""text\"":\""2011 SCC 53 (CanLII)\""},{\""type\"":\""DECISION_CANLII_REFERENCE\"",\""text\"":\""2011 CSC 53 (CanLII)\""},{\""type\"":\""MAIN_TITLE\"",\""text\"":\""Canada (Canadian Human Rights Commission) v. Canada (Attorney General)\""},{\""type\"":\""DECISION_OFFICIAL_REPORT_REFERENCE\"",\""text\"":\""[2011] 3 SCR 471\""},{\""type\"":\""DECISION_OFFICIAL_REPORT_REFERENCE\"",\""text\"":\""[2011] 3 RCS 471\""},{\""type\"":\""DECISION_OTHER_REFERENCES\"",\""text\"":\""337 DLR (4th) 385\""},{\""type\"":\""DECISION_OTHER_REFERENCES\"",\""text\"":\"" 422 NR 248\""},{\""type\"":\""DECISION_OTHER_REFERENCES\"",\""text\"":\"" 207 ACWS (3d) 185\""},{\""type\"":\""DECISION_OTHER_REFERENCES\"",\""text\"":\"" 26 Admin LR (5th) 1\""},{\""type\"":\""DECISION_OTHER_REFERENCES\"",\""text\"":\"" 73 CHRR 30\""},{\""type\"":\""DECISION_OTHER_REFERENCES\"",\""text\"":\"" [2011] SCJ No 53 (QL)\""},{\""type\"":\""DECISION_OTHER_REFERENCES\"",\""text\"":\"" [2011] ACS no 53\""},{\""type\"":\""DECISION_ALTERNATE_TITLE\"",\""text\"":\""Canada (Commission canadienne des droits de la personne) c. Canada (Procureur général)\""},{\""type\"":\""DECISION_DOCKET_NUMBER\"",\""text\"":\""33507\""},{\""type\"":\""JURISDICTION_NAME\"",\""text\"":\""Canada (Federal)\""},{\""type\"":\""COLLECTION_NAME\"",\""text\"":\""Supreme Court of Canada\""}]"",
    ""jurisdictionId"": ""ca"",
    ""citedCount"": 1065
  }
]"
https://canlii.ca/t/fnr69,"[
  {
    ""id"": ""2011csc-scc56"",
    ""docType"": ""DECISION"",
    ""path"": ""/en/ca/scc/doc/2011/2011scc56/2011scc56.html"",
    ""docTitle"": ""Lax Kw'alaams Indian Band v. Canada (Attorney General)"",
    ""autoCompletions"": ""[{\""type\"":\""DECISION_NEUTRAL_CITATION\"",\""text\"":\""2011 SCC 56\""},{\""type\"":\""DECISION_NEUTRAL_CITATION\"",\""text\"":\""2011 CSC 56\""},{\""type\"":\""DECISION_CANLII_REFERENCE\"",\""text\"":\""2011 SCC 56 (CanLII)\""},{\""type\"":\""DECISION_CANLII_REFERENCE\"",\""text\"":\""2011 CSC 56 (CanLII)\""},{\""type\"":\""MAIN_TITLE\"",\""text\"":\""Lax Kw'alaams Indian Band v. Canada (Attorney General)\""},{\""type\"":\""DECISION_OFFICIAL_REPORT_REFERENCE\"",\""text\"":\""[2011] 3 SCR 535\""},{\""type\"":\""DECISION_OFFICIAL_REPORT_REFERENCE\"",\""text\"":\""[2011] 3 RCS 535\""},{\""type\"":\""DECISION_OTHER_REFERENCES\"",\""text\"":\"" REJB 2011-198020\""},{\""type\"":\""DECISION_OTHER_REFERENCES\"",\""text\"":\""338 DLR (4th) 193\""},{\""type\"":\""DECISION_OTHER_REFERENCES\"",\""text\"":\"" 423 NR 3\""},{\""type\"":\""DECISION_OTHER_REFERENCES\"",\""text\"":\"" 207 ACWS (3d) 180\""},{\""type\"":\""DECISION_OTHER_REFERENCES\"",\""text\"":\"" [2011] 12 WWR 209\""},{\""type\"":\""DECISION_OTHER_REFERENCES\"",\""text\"":\"" [2011] EXP 3407\""},{\""type\"":\""DECISION_OTHER_REFERENCES\"",\""text\"":\"" 23 BCLR (5th) 217\""},{\""type\"":\""DECISION_OTHER_REFERENCES\"",\""text\"":\"" 313 BCAC 3\""},{\""type\"":\""DECISION_OTHER_REFERENCES\"",\""text\"":\"" 62 CELR (3d) 1\""},{\""type\"":\""DECISION_OTHER_REFERENCES\"",\""text\"":\"" [2011] 4 CNLR 346\""},{\""type\"":\""DECISION_OTHER_REFERENCES\"",\""text\"":\"" EYB 2011-198020\""},{\""type\"":\""DECISION_OTHER_REFERENCES\"",\""text\"":\"" JE 2011-1898\""},{\""type\"":\""DECISION_OTHER_REFERENCES\"",\""text\"":\"" [2011] SCJ No 56 (QL)\""},{\""type\"":\""DECISION_OTHER_REFERENCES\"",\""text\"":\"" [2011] ACS no 56\""},{\""type\"":\""DECISION_ALTERNATE_TITLE\"",\""text\"":\""Bande indienne des Lax Kw'alaams c. Canada (Procureur général)\""},{\""type\"":\""DECISION_DOCKET_NUMBER\"",\""text\"":\""33581\""},{\""type\"":\""JURISDICTION_NAME\"",\""text\"":\""Canada (Federal)\""},{\""type\"":\""COLLECTION_NAME\"",\""text\"":\""Supreme Court of Canada\""}]"",
    ""jurisdictionId"": ""ca"",
    ""citedCount"": 251
  }
]"
https://canlii.ca/t/fp44f,"[
  {
    ""id"": ""2011csc-scc59"",
    ""docType"": ""DECISION"",
    ""path"": ""/en/ca/scc/doc/2011/2011scc59/2011scc59.html"",
    ""docTitle"": ""Nor-Man Regional Health Authority Inc. v. Manitoba Association of Health Care Professionals"",
    ""autoCompletions"": ""[{\""type\"":\""DECISION_NEUTRAL_CITATION\"",\""text\"":\""2011 SCC 59\""},{\""type\"":\""DECISION_NEUTRAL_CITATION\"",\""text\"":\""2011 CSC 59\""},{\""type\"":\""DECISION_CANLII_REFERENCE\"",\""text\"":\""2011 SCC 59 (CanLII)\""},{\""type\"":\""DECISION_CANLII_REFERENCE\"",\""text\"":\""2011 CSC 59 (CanLII)\""},{\""type\"":\""MAIN_TITLE\"",\""text\"":\""Nor-Man Regional Health Authority Inc. v. Manitoba Association of Health Care Professionals\""},{\""type\"":\""DECISION_OFFICIAL_REPORT_REFERENCE\"",\""text\"":\""[2011] 3 SCR 616\""},{\""type\"":\""DECISION_OFFICIAL_REPORT_REFERENCE\"",\""text\"":\""[2011] 3 RCS 616\""},{\""type\"":\""DECISION_OTHER_REFERENCES\"",\""text\"":\""340 DLR (4th) 1\""},{\""type\"":\""DECISION_OTHER_REFERENCES\"",\""text\"":\"" 423 NR 95\""},{\""type\"":\""DECISION_OTHER_REFERENCES\"",\""text\"":\"" [2012] 2 WWR 619\""},{\""type\"":\""DECISION_OTHER_REFERENCES\"",\""text\"":\"" AZ-50809290\""},{\""type\"":\""DECISION_OTHER_REFERENCES\"",\""text\"":\"" [2011] EXP 3790\""},{\""type\"":\""DECISION_OTHER_REFERENCES\"",\""text\"":\"" 275 Man R (2d) 16\""},{\""type\"":\""DECISION_OTHER_REFERENCES\"",\""text\"":\"" [2011] EXPT 2180\""},{\""type\"":\""DECISION_OTHER_REFERENCES\"",\""text\"":\"" 212 LAC (4th) 93\""},{\""type\"":\""DECISION_OTHER_REFERENCES\"",\""text\"":\"" DTE 2011T-803\""},{\""type\"":\""DECISION_OTHER_REFERENCES\"",\""text\"":\"" [2011] CarswellMan 606\""},{\""type\"":\""DECISION_OTHER_REFERENCES\"",\""text\"":\"" JE 2011-2079\""},{\""type\"":\""DECISION_OTHER_REFERENCES\"",\""text\"":\"" [2011] SCJ No 59 (QL)\""},{\""type\"":\""DECISION_OTHER_REFERENCES\"",\""text\"":\"" [2011] ACS no 59\""},{\""type\"":\""DECISION_ALTERNATE_TITLE\"",\""text\"":\""Nor-Man Regional Health Authority Inc. c. Manitoba Association of Health Care Professionals\""},{\""type\"":\""DECISION_DOCKET_NUMBER\"",\""text\"":\""33795\""},{\""type\"":\""JURISDICTION_NAME\"",\""text\"":\""Canada (Federal)\""},{\""type\"":\""COLLECTION_NAME\"",\""text\"":\""Supreme Court of Canada\""}]"",
    ""jurisdictionId"": ""ca"",
    ""citedCount"": 901
  }
]"
https://canlii.ca/t/fpb49,"[
  {
    ""id"": ""2011csc-scc61"",
    ""docType"": ""DECISION"",
    ""path"": ""/en/ca/scc/doc/2011/2011scc61/2011scc61.html"",
    ""docTitle"": ""Alberta (Information and Privacy Commissioner) v. Alberta Teachers' Association"",
    ""autoCompletions"": ""[{\""type\"":\""DECISION_NEUTRAL_CITATION\"",\""text\"":\""2011 SCC 61\""},{\""type\"":\""DECISION_NEUTRAL_CITATION\"",\""text\"":\""2011 CSC 61\""},{\""type\"":\""DECISION_CANLII_REFERENCE\"",\""text\"":\""2011 SCC 61 (CanLII)\""},{\""type\"":\""DECISION_CANLII_REFERENCE\"",\""text\"":\""2011 CSC 61 (CanLII)\""},{\""type\"":\""MAIN_TITLE\"",\""text\"":\""Alberta (Information and Privacy Commissioner) v. Alberta Teachers' Association\""},{\""type\"":\""DECISION_OFFICIAL_REPORT_REFERENCE\"",\""text\"":\""[2011] 3 SCR 654\""},{\""type\"":\""DECISION_OFFICIAL_REPORT_REFERENCE\"",\""text\"":\""[2011] 3 RCS 654\""},{\""type\"":\""DECISION_OTHER_REFERENCES\"",\""text\"":\""339 DLR (4th) 428\""},{\""type\"":\""DECISION_OTHER_REFERENCES\"",\""text\"":\"" 424 NR 70\""},{\""type\"":\""DECISION_OTHER_REFERENCES\"",\""text\"":\"" 208 ACWS (3d) 434\""},{\""type\"":\""DECISION_OTHER_REFERENCES\"",\""text\"":\"" [2012] 2 WWR 434\""},{\""type\"":\""DECISION_OTHER_REFERENCES\"",\""text\"":\"" 539 WAC 1\""},{\""type\"":\""DECISION_OTHER_REFERENCES\"",\""text\"":\"" AZ-50812838\""},{\""type\"":\""DECISION_OTHER_REFERENCES\"",\""text\"":\"" [2011] EXP 3798\""},{\""type\"":\""DECISION_OTHER_REFERENCES\"",\""text\"":\"" 519 AR 1\""},{\""type\"":\""DECISION_OTHER_REFERENCES\"",\""text\"":\"" 52 Alta LR (5th) 1\""},{\""type\"":\""DECISION_OTHER_REFERENCES\"",\""text\"":\"" 35 CR (6th) 654\""},{\""type\"":\""DECISION_OTHER_REFERENCES\"",\""text\"":\"" 28 Admin LR (5th) 177\""},{\""type\"":\""DECISION_OTHER_REFERENCES\"",\""text\"":\"" [2011] CarswellAlta 2068\""},{\""type\"":\""DECISION_OTHER_REFERENCES\"",\""text\"":\"" JE 2011-2083\""},{\""type\"":\""DECISION_OTHER_REFERENCES\"",\""text\"":\"" [2011] SCJ No 61 (QL)\""},{\""type\"":\""DECISION_OTHER_REFERENCES\"",\""text\"":\"" [2011] ACS no 61\""},{\""type\"":\""DECISION_ALTERNATE_TITLE\"",\""text\"":\""Alberta (Information and Privacy Commissioner) c. Alberta Teachers' Association\""},{\""type\"":\""DECISION_DOCKET_NUMBER\"",\""text\"":\""33620\""},{\""type\"":\""JURISDICTION_NAME\"",\""text\"":\""Canada (Federal)\""},{\""type\"":\""COLLECTION_NAME\"",\""text\"":\""Supreme Court of Canada\""}]"",
    ""jurisdictionId"": ""ca"",
    ""citedCount"": 2610
  }
]"
https://canlii.ca/t/fpbh9,"[
  {
    ""id"": ""2011csc-scc62"",
    ""docType"": ""DECISION"",
    ""path"": ""/en/ca/scc/doc/2011/2011scc62/2011scc62.html"",
    ""docTitle"": ""Newfoundland and Labrador Nurses' Union v. Newfoundland and Labrador (Treasury Board)"",
    ""autoCompletions"": ""[{\""type\"":\""DECISION_NEUTRAL_CITATION\"",\""text\"":\""2011 SCC 62\""},{\""type\"":\""DECISION_NEUTRAL_CITATION\"",\""text\"":\""2011 CSC 62\""},{\""type\"":\""DECISION_CANLII_REFERENCE\"",\""text\"":\""2011 SCC 62 (CanLII)\""},{\""type\"":\""DECISION_CANLII_REFERENCE\"",\""text\"":\""2011 CSC 62 (CanLII)\""},{\""type\"":\""MAIN_TITLE\"",\""text\"":\""Newfoundland and Labrador Nurses' Union v. Newfoundland and Labrador (Treasury Board)\""},{\""type\"":\""DECISION_OFFICIAL_REPORT_REFERENCE\"",\""text\"":\""[2011] 3 SCR 708\""},{\""type\"":\""DECISION_OFFICIAL_REPORT_REFERENCE\"",\""text\"":\""[2011] 3 RCS 708\""},{\""type\"":\""DECISION_OTHER_REFERENCES\"",\""text\"":\"" REJB 2011-199662\""},{\""type\"":\""DECISION_OTHER_REFERENCES\"",\""text\"":\""[2011] 3 FCR 708\""},{\""type\"":\""DECISION_OTHER_REFERENCES\"",\""text\"":\"" 317 Nfld & PEIR 340\""},{\""type\"":\""DECISION_OTHER_REFERENCES\"",\""text\"":\"" 340 DLR (4th) 17\""},{\""type\"":\""DECISION_OTHER_REFERENCES\"",\""text\"":\"" 424 NR 220\""},{\""type\"":\""DECISION_OTHER_REFERENCES\"",\""text\"":\"" 208 ACWS (3d) 435\""},{\""type\"":\""DECISION_OTHER_REFERENCES\"",\""text\"":\"" 986 APR 340\""},{\""type\"":\""DECISION_OTHER_REFERENCES\"",\""text\"":\"" AZ-50813300\""},{\""type\"":\""DECISION_OTHER_REFERENCES\"",\""text\"":\"" [2012] EXP 65\""},{\""type\"":\""DECISION_OTHER_REFERENCES\"",\""text\"":\"" [2012] EXPT 54\""},{\""type\"":\""DECISION_OTHER_REFERENCES\"",\""text\"":\"" 213 LAC (4th) 95\""},{\""type\"":\""DECISION_OTHER_REFERENCES\"",\""text\"":\"" 38 Admin LR (5th) 255\""},{\""type\"":\""DECISION_OTHER_REFERENCES\"",\""text\"":\"" 97 CCEL (3d) 199\""},{\""type\"":\""DECISION_OTHER_REFERENCES\"",\""text\"":\"" DTE 2012T-7\""},{\""type\"":\""DECISION_OTHER_REFERENCES\"",\""text\"":\"" EYB 2011-199662\""},{\""type\"":\""DECISION_OTHER_REFERENCES\"",\""text\"":\"" JE 2012-46\""},{\""type\"":\""DECISION_OTHER_REFERENCES\"",\""text\"":\"" [2011] FCJ No 62 (QL)\""},{\""type\"":\""DECISION_OTHER_REFERENCES\"",\""text\"":\"" [2011] SCJ No 62 (QL)\""},{\""type\"":\""DECISION_OTHER_REFERENCES\"",\""text\"":\"" [2011] ACS no 62\""},{\""type\"":\""DECISION_OTHER_REFERENCES\"",\""text\"":\""[2011] 3 RCF 708\""},{\""type\"":\""DECISION_OTHER_REFERENCES\"",\""text\"":\"" 97 RCDT (3d) 199\""},{\""type\"":\""DECISION_OTHER_REFERENCES\"",\""text\"":\"" [2011] ACF No 62 (QL)\""},{\""type\"":\""DECISION_ALTERNATE_TITLE\"",\""text\"":\""Newfoundland and Labrador Nurses' Union c. Terre-Neuve-et-Labrador (Conseil du Trésor)\""},{\""type\"":\""DECISION_DOCKET_NUMBER\"",\""text\"":\""33659\""},{\""type\"":\""JURISDICTION_NAME\"",\""text\"":\""Canada (Federal)\""},{\""type\"":\""COLLECTION_NAME\"",\""text\"":\""Supreme Court of Canada\""}]"",
    ""jurisdictionId"": ""ca"",
    ""citedCount"": 5297
  }
]"
https://canlii.ca/t/fpph9,"[
  {
    ""id"": ""2012csc-scc2"",
    ""docType"": ""DECISION"",
    ""path"": ""/en/ca/scc/doc/2012/2012scc2/2012scc2.html"",
    ""docTitle"": ""Catalyst Paper Corp. v. North Cowichan (District)"",
    ""autoCompletions"": ""[{\""type\"":\""DECISION_NEUTRAL_CITATION\"",\""text\"":\""2012 SCC 2\""},{\""type\"":\""DECISION_NEUTRAL_CITATION\"",\""text\"":\""2012 CSC 2\""},{\""type\"":\""DECISION_CANLII_REFERENCE\"",\""text\"":\""2012 SCC 2 (CanLII)\""},{\""type\"":\""DECISION_CANLII_REFERENCE\"",\""text\"":\""2012 CSC 2 (CanLII)\""},{\""type\"":\""MAIN_TITLE\"",\""text\"":\""Catalyst Paper Corp. v. North Cowichan (District)\""},{\""type\"":\""DECISION_OFFICIAL_REPORT_REFERENCE\"",\""text\"":\""[2012] 1 SCR 5\""},{\""type\"":\""DECISION_OFFICIAL_REPORT_REFERENCE\"",\""text\"":\""[2012] 1 RCS 5\""},{\""type\"":\""DECISION_OTHER_REFERENCES\"",\""text\"":\""340 DLR (4th) 385\""},{\""type\"":\""DECISION_OTHER_REFERENCES\"",\""text\"":\"" 425 NR 22\""},{\""type\"":\""DECISION_OTHER_REFERENCES\"",\""text\"":\"" 209 ACWS (3d) 697\""},{\""type\"":\""DECISION_OTHER_REFERENCES\"",\""text\"":\"" [2012] 2 WWR 415\""},{\""type\"":\""DECISION_OTHER_REFERENCES\"",\""text\"":\"" AZ-50822035\""},{\""type\"":\""DECISION_OTHER_REFERENCES\"",\""text\"":\"" [2012] EXP 207\""},{\""type\"":\""DECISION_OTHER_REFERENCES\"",\""text\"":\"" 26 BCLR (5th) 1\""},{\""type\"":\""DECISION_OTHER_REFERENCES\"",\""text\"":\"" 316 BCAC 1\""},{\""type\"":\""DECISION_OTHER_REFERENCES\"",\""text\"":\"" 34 Admin LR (5th) 175\""},{\""type\"":\""DECISION_OTHER_REFERENCES\"",\""text\"":\"" [2012] CarswellBC 17\""},{\""type\"":\""DECISION_OTHER_REFERENCES\"",\""text\"":\"" JE 2012-126\""},{\""type\"":\""DECISION_OTHER_REFERENCES\"",\""text\"":\"" [2012] SCJ No 2 (QL)\""},{\""type\"":\""DECISION_OTHER_REFERENCES\"",\""text\"":\"" 11 RPR (5th) 1\""},{\""type\"":\""DECISION_OTHER_REFERENCES\"",\""text\"":\"" [2012] ACS no 2\""},{\""type\"":\""DECISION_OTHER_REFERENCES\"",\""text\"":\"" 93 MPLR (4th) 1\""},{\""type\"":\""DECISION_ALTERNATE_TITLE\"",\""text\"":\""Catalyst Paper Corp. c. North Cowichan (District)\""},{\""type\"":\""DECISION_DOCKET_NUMBER\"",\""text\"":\""33744\""},{\""type\"":\""JURISDICTION_NAME\"",\""text\"":\""Canada (Federal)\""},{\""type\"":\""COLLECTION_NAME\"",\""text\"":\""Supreme Court of Canada\""}]"",
    ""jurisdictionId"": ""ca"",
    ""citedCount"": 957
  }
]"
https://canlii.ca/t/fql7l,"[
  {
    ""id"": ""2012csc-scc10"",
    ""docType"": ""DECISION"",
    ""path"": ""/en/ca/scc/doc/2012/2012scc10/2012scc10.html"",
    ""docTitle"": ""Halifax (Regional Municipality) v. Nova Scotia (Human Rights Commission)"",
    ""autoCompletions"": ""[{\""type\"":\""DECISION_NEUTRAL_CITATION\"",\""text\"":\""2012 SCC 10\""},{\""type\"":\""DECISION_NEUTRAL_CITATION\"",\""text\"":\""2012 CSC 10\""},{\""type\"":\""DECISION_CANLII_REFERENCE\"",\""text\"":\""2012 SCC 10 (CanLII)\""},{\""type\"":\""DECISION_CANLII_REFERENCE\"",\""text\"":\""2012 CSC 10 (CanLII)\""},{\""type\"":\""MAIN_TITLE\"",\""text\"":\""Halifax (Regional Municipality) v. Nova Scotia (Human Rights Commission)\""},{\""type\"":\""DECISION_OFFICIAL_REPORT_REFERENCE\"",\""text\"":\""[2012] 1 SCR 364\""},{\""type\"":\""DECISION_OFFICIAL_REPORT_REFERENCE\"",\""text\"":\""[2012] 1 RCS 364\""},{\""type\"":\""DECISION_OTHER_REFERENCES\"",\""text\"":\""343 DLR (4th) 385\""},{\""type\"":\""DECISION_OTHER_REFERENCES\"",\""text\"":\"" 428 NR 107\""},{\""type\"":\""DECISION_OTHER_REFERENCES\"",\""text\"":\"" 39 ACWS (3d) 1223\""},{\""type\"":\""DECISION_OTHER_REFERENCES\"",\""text\"":\"" 1002 APR 1\""},{\""type\"":\""DECISION_OTHER_REFERENCES\"",\""text\"":\"" 316 NSR (2d) 1\""},{\""type\"":\""DECISION_OTHER_REFERENCES\"",\""text\"":\"" 74 CHRR 7\""},{\""type\"":\""DECISION_OTHER_REFERENCES\"",\""text\"":\"" [2012] CarswellNS 124\""},{\""type\"":\""DECISION_OTHER_REFERENCES\"",\""text\"":\"" [2012] SCJ No 10 (QL)\""},{\""type\"":\""DECISION_OTHER_REFERENCES\"",\""text\"":\"" [2012] ACS no 10\""},{\""type\"":\""DECISION_ALTERNATE_TITLE\"",\""text\"":\""Halifax (Regional Municipality) c. Nouvelle-Écosse (Human Rights Commission)\""},{\""type\"":\""DECISION_DOCKET_NUMBER\"",\""text\"":\""33651\""},{\""type\"":\""JURISDICTION_NAME\"",\""text\"":\""Canada (Federal)\""},{\""type\"":\""COLLECTION_NAME\"",\""text\"":\""Supreme Court of Canada\""}]"",
    ""jurisdictionId"": ""ca"",
    ""citedCount"": 462
  }
]"
https://canlii.ca/t/fqn88,"[
  {
    ""id"": ""2012csc-scc12"",
    ""docType"": ""DECISION"",
    ""path"": ""/en/ca/scc/doc/2012/2012scc12/2012scc12.html"",
    ""docTitle"": ""Doré v. Barreau du Québec"",
    ""autoCompletions"": ""[{\""type\"":\""DECISION_NEUTRAL_CITATION\"",\""text\"":\""2012 SCC 12\""},{\""type\"":\""DECISION_NEUTRAL_CITATION\"",\""text\"":\""2012 CSC 12\""},{\""type\"":\""DECISION_CANLII_REFERENCE\"",\""text\"":\""2012 SCC 12 (CanLII)\""},{\""type\"":\""DECISION_CANLII_REFERENCE\"",\""text\"":\""2012 CSC 12 (CanLII)\""},{\""type\"":\""MAIN_TITLE\"",\""text\"":\""Doré v. Barreau du Québec\""},{\""type\"":\""DECISION_OFFICIAL_REPORT_REFERENCE\"",\""text\"":\""[2012] 1 SCR 395\""},{\""type\"":\""DECISION_OFFICIAL_REPORT_REFERENCE\"",\""text\"":\""[2012] 1 RCS 395\""},{\""type\"":\""DECISION_OTHER_REFERENCES\"",\""text\"":\"" REJB 2012-203967\""},{\""type\"":\""DECISION_OTHER_REFERENCES\"",\""text\"":\""343 DLR (4th) 193\""},{\""type\"":\""DECISION_OTHER_REFERENCES\"",\""text\"":\"" 428 NR 146\""},{\""type\"":\""DECISION_OTHER_REFERENCES\"",\""text\"":\"" 211 ACWS (3d) 852\""},{\""type\"":\""DECISION_OTHER_REFERENCES\"",\""text\"":\"" AZ-50841558\""},{\""type\"":\""DECISION_OTHER_REFERENCES\"",\""text\"":\"" [2012] EXP 1231\""},{\""type\"":\""DECISION_OTHER_REFERENCES\"",\""text\"":\"" 255 CRR (2d) 289\""},{\""type\"":\""DECISION_OTHER_REFERENCES\"",\""text\"":\"" 34 Admin LR (5th) 1\""},{\""type\"":\""DECISION_OTHER_REFERENCES\"",\""text\"":\"" EYB 2012-203967\""},{\""type\"":\""DECISION_OTHER_REFERENCES\"",\""text\"":\"" JE 2012-672\""},{\""type\"":\""DECISION_OTHER_REFERENCES\"",\""text\"":\"" [2012] SCJ No 12 (QL)\""},{\""type\"":\""DECISION_OTHER_REFERENCES\"",\""text\"":\"" [2012] ACS no 12\""},{\""type\"":\""DECISION_ALTERNATE_TITLE\"",\""text\"":\""Doré c. Barreau du Québec\""},{\""type\"":\""DECISION_DOCKET_NUMBER\"",\""text\"":\""33594\""},{\""type\"":\""JURISDICTION_NAME\"",\""text\"":\""Canada (Federal)\""},{\""type\"":\""COLLECTION_NAME\"",\""text\"":\""Supreme Court of Canada\""}]"",
    ""jurisdictionId"": ""ca"",
    ""citedCount"": 13602
  }
]"
https://canlii.ca/t/frpvf,"[
  {
    ""id"": ""2012csc-scc29"",
    ""docType"": ""DECISION"",
    ""path"": ""/en/ca/scc/doc/2012/2012scc29/2012scc29.html"",
    ""docTitle"": ""Halifax (Regional Municipality) v. Canada (Public Works and Government Services)"",
    ""autoCompletions"": ""[{\""type\"":\""DECISION_NEUTRAL_CITATION\"",\""text\"":\""2012 SCC 29\""},{\""type\"":\""DECISION_NEUTRAL_CITATION\"",\""text\"":\""2012 CSC 29\""},{\""type\"":\""DECISION_CANLII_REFERENCE\"",\""text\"":\""2012 SCC 29 (CanLII)\""},{\""type\"":\""DECISION_CANLII_REFERENCE\"",\""text\"":\""2012 CSC 29 (CanLII)\""},{\""type\"":\""MAIN_TITLE\"",\""text\"":\""Halifax (Regional Municipality) v. Canada (Public Works and Government Services)\""},{\""type\"":\""DECISION_OFFICIAL_REPORT_REFERENCE\"",\""text\"":\""[2012] 2 SCR 108\""},{\""type\"":\""DECISION_OFFICIAL_REPORT_REFERENCE\"",\""text\"":\""[2012] 2 RCS 108\""},{\""type\"":\""DECISION_OTHER_REFERENCES\"",\""text\"":\"" REJB 2012-207733\""},{\""type\"":\""DECISION_OTHER_REFERENCES\"",\""text\"":\""345 DLR (4th) 577\""},{\""type\"":\""DECISION_OTHER_REFERENCES\"",\""text\"":\"" 431 NR 10\""},{\""type\"":\""DECISION_OTHER_REFERENCES\"",\""text\"":\"" 215 ACWS (3d) 20\""},{\""type\"":\""DECISION_OTHER_REFERENCES\"",\""text\"":\"" [2012] EXP 2260\""},{\""type\"":\""DECISION_OTHER_REFERENCES\"",\""text\"":\"" 36 Admin LR (5th) 1\""},{\""type\"":\""DECISION_OTHER_REFERENCES\"",\""text\"":\"" EYB 2012-207733\""},{\""type\"":\""DECISION_OTHER_REFERENCES\"",\""text\"":\"" JE 2012-1182\""},{\""type\"":\""DECISION_OTHER_REFERENCES\"",\""text\"":\"" [2012] SCJ No 29 (QL)\""},{\""type\"":\""DECISION_OTHER_REFERENCES\"",\""text\"":\"" 17 RPR (5th) 1\""},{\""type\"":\""DECISION_OTHER_REFERENCES\"",\""text\"":\"" 97 MPLR (4th) 1\""},{\""type\"":\""DECISION_ALTERNATE_TITLE\"",\""text\"":\""Halifax (Regional Municipality) c. Canada (Travaux publics et Services gouvernementaux)\""},{\""type\"":\""DECISION_DOCKET_NUMBER\"",\""text\"":\""33876\""},{\""type\"":\""JURISDICTION_NAME\"",\""text\"":\""Canada (Federal)\""},{\""type\"":\""COLLECTION_NAME\"",\""text\"":\""Supreme Court of Canada\""}]"",
    ""jurisdictionId"": ""ca"",
    ""citedCount"": 95
  }
]"
https://canlii.ca/t/frt8m,"[
  {
    ""id"": ""2012bcca285"",
    ""docType"": ""DECISION"",
    ""path"": ""/en/bc/bcca/doc/2012/2012bcca285/2012bcca285.html"",
    ""docTitle"": ""William v. British Columbia"",
    ""autoCompletions"": ""[{\""type\"":\""DECISION_NEUTRAL_CITATION\"",\""text\"":\""2012 BCCA 285\""},{\""type\"":\""DECISION_CANLII_REFERENCE\"",\""text\"":\""2012 BCCA 285 (CanLII)\""},{\""type\"":\""MAIN_TITLE\"",\""text\"":\""William v. British Columbia\""},{\""type\"":\""DECISION_OTHER_REFERENCES\"",\""text\"":\""[2012] 10 WWR 639\""},{\""type\"":\""DECISION_OTHER_REFERENCES\"",\""text\"":\"" 551 WAC 214\""},{\""type\"":\""DECISION_OTHER_REFERENCES\"",\""text\"":\"" 33 BCLR (5th) 260\""},{\""type\"":\""DECISION_OTHER_REFERENCES\"",\""text\"":\"" 324 BCAC 214\""},{\""type\"":\""DECISION_OTHER_REFERENCES\"",\""text\"":\"" [2012] 3 CNLR 333\""},{\""type\"":\""DECISION_OTHER_REFERENCES\"",\""text\"":\"" [2012] CarswellBC 1860\""},{\""type\"":\""DECISION_OTHER_REFERENCES\"",\""text\"":\"" [2012] BCJ No 1302 (QL)\""},{\""type\"":\""DECISION_OTHER_REFERENCES\"",\""text\"":\"" 26 RPR (5th) 67\""},{\""type\"":\""DECISION_DOCKET_NUMBER\"",\""text\"":\"" CA035618\""},{\""type\"":\""DECISION_DOCKET_NUMBER\"",\""text\"":\""CA035617\""},{\""type\"":\""JURISDICTION_NAME\"",\""text\"":\""British Columbia\""},{\""type\"":\""COLLECTION_NAME\"",\""text\"":\""Court of Appeal for British Columbia\""}]"",
    ""jurisdictionId"": ""bc"",
    ""citedCount"": 104
  }
]"
https://canlii.ca/t/fs0v9,"[
  {
    ""id"": ""2012csc-scc35"",
    ""docType"": ""DECISION"",
    ""path"": ""/en/ca/scc/doc/2012/2012scc35/2012scc35.html"",
    ""docTitle"": ""Rogers Communications Inc. v. Society of Composers, Authors and Music Publishers of Canada"",
    ""autoCompletions"": ""[{\""type\"":\""DECISION_NEUTRAL_CITATION\"",\""text\"":\""2012 SCC 35\""},{\""type\"":\""DECISION_NEUTRAL_CITATION\"",\""text\"":\""2012 CSC 35\""},{\""type\"":\""DECISION_CANLII_REFERENCE\"",\""text\"":\""2012 SCC 35 (CanLII)\""},{\""type\"":\""DECISION_CANLII_REFERENCE\"",\""text\"":\""2012 CSC 35 (CanLII)\""},{\""type\"":\""MAIN_TITLE\"",\""text\"":\""Rogers Communications Inc. v. Society of Composers, Authors and Music Publishers of Canada\""},{\""type\"":\""DECISION_OFFICIAL_REPORT_REFERENCE\"",\""text\"":\""[2012] 2 SCR 283\""},{\""type\"":\""DECISION_OFFICIAL_REPORT_REFERENCE\"",\""text\"":\""[2012] 2 RCS 283\""},{\""type\"":\""DECISION_OTHER_REFERENCES\"",\""text\"":\"" REJB 2012-208930\""},{\""type\"":\""DECISION_OTHER_REFERENCES\"",\""text\"":\""347 DLR (4th) 235\""},{\""type\"":\""DECISION_OTHER_REFERENCES\"",\""text\"":\"" 432 NR 1\""},{\""type\"":\""DECISION_OTHER_REFERENCES\"",\""text\"":\"" 216 ACWS (3d) 219\""},{\""type\"":\""DECISION_OTHER_REFERENCES\"",\""text\"":\"" [2012] EXP 2624\""},{\""type\"":\""DECISION_OTHER_REFERENCES\"",\""text\"":\"" 100 CPR (4th) 204\""},{\""type\"":\""DECISION_OTHER_REFERENCES\"",\""text\"":\"" 38 Admin LR (5th) 1\""},{\""type\"":\""DECISION_OTHER_REFERENCES\"",\""text\"":\"" EYB 2012-208930\""},{\""type\"":\""DECISION_OTHER_REFERENCES\"",\""text\"":\"" JE 2012-1380\""},{\""type\"":\""DECISION_OTHER_REFERENCES\"",\""text\"":\"" [2012] SCJ No 35 (QL)\""},{\""type\"":\""DECISION_ALTERNATE_TITLE\"",\""text\"":\""Rogers Communications Inc. c. Société canadienne des auteurs, compositeurs et éditeurs de musique\""},{\""type\"":\""DECISION_DOCKET_NUMBER\"",\""text\"":\""33922\""},{\""type\"":\""JURISDICTION_NAME\"",\""text\"":\""Canada (Federal)\""},{\""type\"":\""COLLECTION_NAME\"",\""text\"":\""Supreme Court of Canada\""}]"",
    ""jurisdictionId"": ""ca"",
    ""citedCount"": 311
  }
]"
https://canlii.ca/t/fs6sb,"[
  {
    ""id"": ""2012csc-scc43"",
    ""docType"": ""DECISION"",
    ""path"": ""/en/ca/scc/doc/2012/2012scc43/2012scc43.html"",
    ""docTitle"": ""Canada v. Craig"",
    ""autoCompletions"": ""[{\""type\"":\""DECISION_NEUTRAL_CITATION\"",\""text\"":\""2012 SCC 43\""},{\""type\"":\""DECISION_NEUTRAL_CITATION\"",\""text\"":\""2012 CSC 43\""},{\""type\"":\""DECISION_CANLII_REFERENCE\"",\""text\"":\""2012 SCC 43 (CanLII)\""},{\""type\"":\""DECISION_CANLII_REFERENCE\"",\""text\"":\""2012 CSC 43 (CanLII)\""},{\""type\"":\""MAIN_TITLE\"",\""text\"":\""Canada v. Craig\""},{\""type\"":\""DECISION_OFFICIAL_REPORT_REFERENCE\"",\""text\"":\""[2012] 2 SCR 489\""},{\""type\"":\""DECISION_OFFICIAL_REPORT_REFERENCE\"",\""text\"":\""[2012] 2 RCS 489\""},{\""type\"":\""DECISION_OTHER_REFERENCES\"",\""text\"":\""347 DLR (4th) 385\""},{\""type\"":\""DECISION_OTHER_REFERENCES\"",\""text\"":\"" 433 NR 111\""},{\""type\"":\""DECISION_OTHER_REFERENCES\"",\""text\"":\"" [2012] EXP 2757\""},{\""type\"":\""DECISION_OTHER_REFERENCES\"",\""text\"":\"" JE 2012-1453\""},{\""type\"":\""DECISION_OTHER_REFERENCES\"",\""text\"":\"" [2012] SCJ No 43 (QL)\""},{\""type\"":\""DECISION_OTHER_REFERENCES\"",\""text\"":\"" [2012] ACS no 43\""},{\""type\"":\""DECISION_OTHER_REFERENCES\"",\""text\"":\"" [2012] DTC 5115\""},{\""type\"":\""DECISION_ALTERNATE_TITLE\"",\""text\"":\""Canada c. Craig\""},{\""type\"":\""DECISION_DOCKET_NUMBER\"",\""text\"":\""34144\""},{\""type\"":\""JURISDICTION_NAME\"",\""text\"":\""Canada (Federal)\""},{\""type\"":\""COLLECTION_NAME\"",\""text\"":\""Supreme Court of Canada\""}]"",
    ""jurisdictionId"": ""ca"",
    ""citedCount"": 177
  }
]"
https://canlii.ca/t/fsm1s,"[
  {
    ""id"": ""1917csc-scc1000040"",
    ""docType"": ""DECISION"",
    ""path"": ""/en/ca/scc/doc/1917/1917canlii69/1917canlii69.html"",
    ""docTitle"": ""Fafard v. La Cité de Québec"",
    ""autoCompletions"": ""[{\""type\"":\""DECISION_CANLII_REFERENCE\"",\""text\"":\""1917 CanLII 69 (SCC)\""},{\""type\"":\""MAIN_TITLE\"",\""text\"":\""Fafard v. La Cité de Québec\""},{\""type\"":\""DECISION_OFFICIAL_REPORT_REFERENCE\"",\""text\"":\""55 SCR 615\""},{\""type\"":\""DECISION_OTHER_REFERENCES\"",\""text\"":\""39 DLR 717\""},{\""type\"":\""DECISION_ALTERNATE_TITLE\"",\""text\"":\""Fafard v. City of Quebec\""},{\""type\"":\""JURISDICTION_NAME\"",\""text\"":\""Canada (Federal)\""},{\""type\"":\""COLLECTION_NAME\"",\""text\"":\""Supreme Court of Canada\""}]"",
    ""jurisdictionId"": ""ca"",
    ""citedCount"": 32
  }
]"
https://canlii.ca/t/fsxn2,"[
  {
    ""id"": ""1991nlca1000007"",
    ""docType"": ""DECISION"",
    ""path"": ""/en/nl/nlca/doc/1991/1991canlii6839/1991canlii6839.html"",
    ""docTitle"": ""R v Sullivan"",
    ""autoCompletions"": ""[{\""type\"":\""DECISION_CANLII_REFERENCE\"",\""text\"":\""1991 CanLII 6839 (NL CA)\""},{\""type\"":\""MAIN_TITLE\"",\""text\"":\""R v Sullivan\""},{\""type\"":\""DECISION_OTHER_REFERENCES\"",\""text\"":\""96 Nfld & PEIR 7\""},{\""type\"":\""DECISION_OTHER_REFERENCES\"",\""text\"":\"" 305 APR 7\""},{\""type\"":\""DECISION_OTHER_REFERENCES\"",\""text\"":\"" 13 WCB (2d) 547\""},{\""type\"":\""DECISION_ALTERNATE_TITLE\"",\""text\"":\""R. v. Sullivan\""},{\""type\"":\""DECISION_DOCKET_NUMBER\"",\""text\"":\""1990 No. 55\""},{\""type\"":\""JURISDICTION_NAME\"",\""text\"":\""Newfoundland and Labrador\""},{\""type\"":\""COLLECTION_NAME\"",\""text\"":\""Court of Appeal of Newfoundland and Labrador\""}]"",
    ""jurisdictionId"": ""nl"",
    ""citedCount"": 3
  }
]"
https://canlii.ca/t/ftp16,"[
  {
    ""id"": ""2012csc-scc61"",
    ""docType"": ""DECISION"",
    ""path"": ""/en/ca/scc/doc/2012/2012scc61/2012scc61.html"",
    ""docTitle"": ""Moore v. British Columbia (Education)"",
    ""autoCompletions"": ""[{\""type\"":\""DECISION_NEUTRAL_CITATION\"",\""text\"":\""2012 SCC 61\""},{\""type\"":\""DECISION_NEUTRAL_CITATION\"",\""text\"":\""2012 CSC 61\""},{\""type\"":\""DECISION_CANLII_REFERENCE\"",\""text\"":\""2012 SCC 61 (CanLII)\""},{\""type\"":\""DECISION_CANLII_REFERENCE\"",\""text\"":\""2012 CSC 61 (CanLII)\""},{\""type\"":\""MAIN_TITLE\"",\""text\"":\""Moore v. British Columbia (Education)\""},{\""type\"":\""DECISION_OFFICIAL_REPORT_REFERENCE\"",\""text\"":\""[2012] 3 SCR 360\""},{\""type\"":\""DECISION_OFFICIAL_REPORT_REFERENCE\"",\""text\"":\""[2012] 3 RCS 360\""},{\""type\"":\""DECISION_OTHER_REFERENCES\"",\""text\"":\""351 DLR (4th) 451\""},{\""type\"":\""DECISION_OTHER_REFERENCES\"",\""text\"":\"" 436 NR 152\""},{\""type\"":\""DECISION_OTHER_REFERENCES\"",\""text\"":\"" 220 ACWS (3d) 390\""},{\""type\"":\""DECISION_OTHER_REFERENCES\"",\""text\"":\"" [2012] 12 WWR 637\""},{\""type\"":\""DECISION_OTHER_REFERENCES\"",\""text\"":\"" [2012] EXP 3940\""},{\""type\"":\""DECISION_OTHER_REFERENCES\"",\""text\"":\"" 38 BCLR (5th) 1\""},{\""type\"":\""DECISION_OTHER_REFERENCES\"",\""text\"":\"" 328 BCAC 1\""},{\""type\"":\""DECISION_OTHER_REFERENCES\"",\""text\"":\"" 75 CHRR 369\""},{\""type\"":\""DECISION_OTHER_REFERENCES\"",\""text\"":\"" [2012] CarswellBC 3446\""},{\""type\"":\""DECISION_OTHER_REFERENCES\"",\""text\"":\"" JE 2012-2104\""},{\""type\"":\""DECISION_OTHER_REFERENCES\"",\""text\"":\"" [2012] SCJ No 61 (QL)\""},{\""type\"":\""DECISION_OTHER_REFERENCES\"",\""text\"":\"" [2012] ACS no 61\""},{\""type\"":\""DECISION_ALTERNATE_TITLE\"",\""text\"":\""Moore c. Colombie‑Britannique (Éducation)\""},{\""type\"":\""DECISION_DOCKET_NUMBER\"",\""text\"":\"" 34040\""},{\""type\"":\""DECISION_DOCKET_NUMBER\"",\""text\"":\""34041\""},{\""type\"":\""JURISDICTION_NAME\"",\""text\"":\""Canada (Federal)\""},{\""type\"":\""COLLECTION_NAME\"",\""text\"":\""Supreme Court of Canada\""}]"",
    ""jurisdictionId"": ""ca"",
    ""citedCount"": 3056
  }
]"
https://canlii.ca/t/ftz0g,"[
  {
    ""id"": ""2012csc-scc65"",
    ""docType"": ""DECISION"",
    ""path"": ""/en/ca/scc/doc/2012/2012scc65/2012scc65.html"",
    ""docTitle"": ""Construction Labour Relations v. Driver Iron Inc."",
    ""autoCompletions"": ""[{\""type\"":\""DECISION_NEUTRAL_CITATION\"",\""text\"":\""2012 SCC 65\""},{\""type\"":\""DECISION_NEUTRAL_CITATION\"",\""text\"":\""2012 CSC 65\""},{\""type\"":\""DECISION_CANLII_REFERENCE\"",\""text\"":\""2012 SCC 65 (CanLII)\""},{\""type\"":\""DECISION_CANLII_REFERENCE\"",\""text\"":\""2012 CSC 65 (CanLII)\""},{\""type\"":\""MAIN_TITLE\"",\""text\"":\""Construction Labour Relations v. Driver Iron Inc.\""},{\""type\"":\""DECISION_OFFICIAL_REPORT_REFERENCE\"",\""text\"":\""[2012] 3 SCR 405\""},{\""type\"":\""DECISION_OFFICIAL_REPORT_REFERENCE\"",\""text\"":\""[2012] 3 RCS 405\""},{\""type\"":\""DECISION_OTHER_REFERENCES\"",\""text\"":\"" REJB 2012-214614\""},{\""type\"":\""DECISION_OTHER_REFERENCES\"",\""text\"":\""352 DLR (4th) 487\""},{\""type\"":\""DECISION_OTHER_REFERENCES\"",\""text\"":\"" 437 NR 202\""},{\""type\"":\""DECISION_OTHER_REFERENCES\"",\""text\"":\"" AZ-50917180\""},{\""type\"":\""DECISION_OTHER_REFERENCES\"",\""text\"":\"" [2012] EXP 4181\""},{\""type\"":\""DECISION_OTHER_REFERENCES\"",\""text\"":\"" 539 AR 17\""},{\""type\"":\""DECISION_OTHER_REFERENCES\"",\""text\"":\"" [2012] EXPT 2378\""},{\""type\"":\""DECISION_OTHER_REFERENCES\"",\""text\"":\"" 228 CLRBR (2d) (2d) 24\""},{\""type\"":\""DECISION_OTHER_REFERENCES\"",\""text\"":\"" 43 Admin LR (5th) 1\""},{\""type\"":\""DECISION_OTHER_REFERENCES\"",\""text\"":\"" DTE 2012T-839\""},{\""type\"":\""DECISION_OTHER_REFERENCES\"",\""text\"":\"" EYB 2012-214614\""},{\""type\"":\""DECISION_OTHER_REFERENCES\"",\""text\"":\"" JE 2012-2223\""},{\""type\"":\""DECISION_OTHER_REFERENCES\"",\""text\"":\"" [2012] SCJ No 65 (QL)\""},{\""type\"":\""DECISION_OTHER_REFERENCES\"",\""text\"":\"" [2012] ACS no 65\""},{\""type\"":\""DECISION_ALTERNATE_TITLE\"",\""text\"":\""Construction Labour Relations c. Driver Iron Inc.\""},{\""type\"":\""DECISION_DOCKET_NUMBER\"",\""text\"":\""34205\""},{\""type\"":\""JURISDICTION_NAME\"",\""text\"":\""Canada (Federal)\""},{\""type\"":\""COLLECTION_NAME\"",\""text\"":\""Supreme Court of Canada\""}]"",
    ""jurisdictionId"": ""ca"",
    ""citedCount"": 665
  }
]"
https://canlii.ca/t/fw1wn,"[
  {
    ""id"": ""1990nbqb1000103"",
    ""docType"": ""DECISION"",
    ""path"": ""/en/nb/nbqb/doc/1990/1990canlii6545/1990canlii6545.html"",
    ""docTitle"": ""Hughes v. Moncton (City)"",
    ""autoCompletions"": ""[{\""type\"":\""DECISION_CANLII_REFERENCE\"",\""text\"":\""1990 CanLII 6545 (NB QB)\""},{\""type\"":\""MAIN_TITLE\"",\""text\"":\""Hughes v. Moncton (City)\""},{\""type\"":\""DECISION_OTHER_REFERENCES\"",\""text\"":\""111 NBR (2d) 184\""},{\""type\"":\""DECISION_OTHER_REFERENCES\"",\""text\"":\"" 24 ACWS (3d) 187\""},{\""type\"":\""DECISION_OTHER_REFERENCES\"",\""text\"":\"" 277 APR 184\""},{\""type\"":\""DECISION_OTHER_REFERENCES\"",\""text\"":\"" 34 CCEL 201\""},{\""type\"":\""DECISION_OTHER_REFERENCES\"",\""text\"":\"" [1990] NBJ No 1106 (QL)\""},{\""type\"":\""DECISION_OTHER_REFERENCES\"",\""text\"":\"" 3 MPLR (2d) 288\""},{\""type\"":\""DECISION_OTHER_REFERENCES\"",\""text\"":\""111 RNB (2d) 184\""},{\""type\"":\""DECISION_OTHER_REFERENCES\"",\""text\"":\"" [1990] ANB No 1106 (QL)\""},{\""type\"":\""DECISION_ALTERNATE_TITLE\"",\""text\"":\""Hughes c. Moncton (City)\""},{\""type\"":\""DECISION_DOCKET_NUMBER\"",\""text\"":\""M/M/90/89\""},{\""type\"":\""JURISDICTION_NAME\"",\""text\"":\""New Brunswick\""},{\""type\"":\""COLLECTION_NAME\"",\""text\"":\""Court of King's Bench of New Brunswick\""},{\""type\"":\""TRIBUNAL_NAME\"",\""text\"":\""Court of Queen’s Bench of New Brunswick\""}]"",
    ""jurisdictionId"": ""nb"",
    ""citedCount"": 14
  }
]"
https://canlii.ca/t/fw8x4,"[
  {
    ""id"": ""2013csc-scc11"",
    ""docType"": ""DECISION"",
    ""path"": ""/en/ca/scc/doc/2013/2013scc11/2013scc11.html"",
    ""docTitle"": ""Saskatchewan (Human Rights Commission) v. Whatcott"",
    ""autoCompletions"": ""[{\""type\"":\""DECISION_NEUTRAL_CITATION\"",\""text\"":\""2013 SCC 11\""},{\""type\"":\""DECISION_NEUTRAL_CITATION\"",\""text\"":\""2013 CSC 11\""},{\""type\"":\""DECISION_CANLII_REFERENCE\"",\""text\"":\""2013 SCC 11 (CanLII)\""},{\""type\"":\""DECISION_CANLII_REFERENCE\"",\""text\"":\""2013 CSC 11 (CanLII)\""},{\""type\"":\""MAIN_TITLE\"",\""text\"":\""Saskatchewan (Human Rights Commission) v. Whatcott\""},{\""type\"":\""DECISION_OFFICIAL_REPORT_REFERENCE\"",\""text\"":\""[2013] 1 SCR 467\""},{\""type\"":\""DECISION_OFFICIAL_REPORT_REFERENCE\"",\""text\"":\""[2013] 1 RCS 467\""},{\""type\"":\""DECISION_OTHER_REFERENCES\"",\""text\"":\"" REJB 2013-218564\""},{\""type\"":\""DECISION_OTHER_REFERENCES\"",\""text\"":\""355 DLR (4th) 383\""},{\""type\"":\""DECISION_OTHER_REFERENCES\"",\""text\"":\"" 441 NR 1\""},{\""type\"":\""DECISION_OTHER_REFERENCES\"",\""text\"":\"" [2013] 4 WWR 429\""},{\""type\"":\""DECISION_OTHER_REFERENCES\"",\""text\"":\"" [2013] EXP 629\""},{\""type\"":\""DECISION_OTHER_REFERENCES\"",\""text\"":\"" 409 Sask R 75\""},{\""type\"":\""DECISION_OTHER_REFERENCES\"",\""text\"":\"" 276 CRR (2d) 270\""},{\""type\"":\""DECISION_OTHER_REFERENCES\"",\""text\"":\"" 76 CHRR 1\""},{\""type\"":\""DECISION_OTHER_REFERENCES\"",\""text\"":\"" EYB 2013-218564\""},{\""type\"":\""DECISION_OTHER_REFERENCES\"",\""text\"":\"" JE 2013-335\""},{\""type\"":\""DECISION_OTHER_REFERENCES\"",\""text\"":\"" [2013] SCJ No 11 (QL)\""},{\""type\"":\""DECISION_OTHER_REFERENCES\"",\""text\"":\"" [2013] ACS no 2011\""},{\""type\"":\""DECISION_ALTERNATE_TITLE\"",\""text\"":\""Saskatchewan (Human Rights Commission) c. Whatcott\""},{\""type\"":\""DECISION_DOCKET_NUMBER\"",\""text\"":\""33676\""},{\""type\"":\""JURISDICTION_NAME\"",\""text\"":\""Canada (Federal)\""},{\""type\"":\""COLLECTION_NAME\"",\""text\"":\""Supreme Court of Canada\""}]"",
    ""jurisdictionId"": ""ca"",
    ""citedCount"": 322
  }
]"
https://canlii.ca/t/fwffv,"[
  {
    ""id"": ""2013csc-scc14"",
    ""docType"": ""DECISION"",
    ""path"": ""/fr/ca/csc/doc/2013/2013csc14/2013csc14.html"",
    ""docTitle"": ""Manitoba Metis Federation Inc. c. Canada (Procureur général)"",
    ""autoCompletions"": ""[{\""type\"":\""DECISION_NEUTRAL_CITATION\"",\""text\"":\""2013 CSC 14\""},{\""type\"":\""DECISION_NEUTRAL_CITATION\"",\""text\"":\""2013 SCC 14\""},{\""type\"":\""DECISION_CANLII_REFERENCE\"",\""text\"":\""2013 CSC 14 (CanLII)\""},{\""type\"":\""DECISION_CANLII_REFERENCE\"",\""text\"":\""2013 SCC 14 (CanLII)\""},{\""type\"":\""MAIN_TITLE\"",\""text\"":\""Manitoba Metis Federation Inc. c. Canada (Procureur général)\""},{\""type\"":\""DECISION_OFFICIAL_REPORT_REFERENCE\"",\""text\"":\""[2013] 1 RCS 623\""},{\""type\"":\""DECISION_OFFICIAL_REPORT_REFERENCE\"",\""text\"":\""[2013] 1 SCR 623\""},{\""type\"":\""DECISION_OTHER_REFERENCES\"",\""text\"":\"" REJB 2013-219131\""},{\""type\"":\""DECISION_OTHER_REFERENCES\"",\""text\"":\""355 DLR (4th) 577\""},{\""type\"":\""DECISION_OTHER_REFERENCES\"",\""text\"":\"" 441 NR 209\""},{\""type\"":\""DECISION_OTHER_REFERENCES\"",\""text\"":\"" 223 ACWS (3d) 941\""},{\""type\"":\""DECISION_OTHER_REFERENCES\"",\""text\"":\"" [2013] 4 WWR 665\""},{\""type\"":\""DECISION_OTHER_REFERENCES\"",\""text\"":\"" 570 WAC 1\""},{\""type\"":\""DECISION_OTHER_REFERENCES\"",\""text\"":\"" [2013] EXP 799\""},{\""type\"":\""DECISION_OTHER_REFERENCES\"",\""text\"":\"" 291 Man R (2d) 1\""},{\""type\"":\""DECISION_OTHER_REFERENCES\"",\""text\"":\"" [2013] 2 CNLR 281\""},{\""type\"":\""DECISION_OTHER_REFERENCES\"",\""text\"":\"" [2013] CarswellMan 61\""},{\""type\"":\""DECISION_OTHER_REFERENCES\"",\""text\"":\"" EYB 2013-219131\""},{\""type\"":\""DECISION_OTHER_REFERENCES\"",\""text\"":\"" JE 2013-429\""},{\""type\"":\""DECISION_OTHER_REFERENCES\"",\""text\"":\"" [2013] SCJ No 14 (QL)\""},{\""type\"":\""DECISION_OTHER_REFERENCES\"",\""text\"":\"" [2013] ACS no 14\""},{\""type\"":\""DECISION_OTHER_REFERENCES\"",\""text\"":\"" 27 RPR (5th) 1\""},{\""type\"":\""DECISION_ALTERNATE_TITLE\"",\""text\"":\""Manitoba Metis Federation Inc. v. Canada (Attorney General)\""},{\""type\"":\""DECISION_DOCKET_NUMBER\"",\""text\"":\""33880\""},{\""type\"":\""JURISDICTION_NAME\"",\""text\"":\""Canada (fédéral)\""},{\""type\"":\""COLLECTION_NAME\"",\""text\"":\""Cour suprême du Canada\""}]"",
    ""jurisdictionId"": ""ca"",
    ""citedCount"": 524
  }
]"
https://canlii.ca/t/fxfls,"[
  {
    ""id"": ""2013fct431"",
    ""docType"": ""DECISION"",
    ""path"": ""/en/ca/fct/doc/2013/2013fc431/2013fc431.html"",
    ""docTitle"": ""Komolafe v. Canada (Citizenship and Immigration)"",
    ""autoCompletions"": ""[{\""type\"":\""DECISION_NEUTRAL_CITATION\"",\""text\"":\""2013 FC 431\""},{\""type\"":\""DECISION_NEUTRAL_CITATION\"",\""text\"":\""2013 CF 431\""},{\""type\"":\""DECISION_CANLII_REFERENCE\"",\""text\"":\""2013 FC 431 (CanLII)\""},{\""type\"":\""DECISION_CANLII_REFERENCE\"",\""text\"":\""2013 CF 431 (CanLII)\""},{\""type\"":\""MAIN_TITLE\"",\""text\"":\""Komolafe v. Canada (Citizenship and Immigration)\""},{\""type\"":\""DECISION_OTHER_REFERENCES\"",\""text\"":\""16 Imm LR (4th) 267\""},{\""type\"":\""DECISION_OTHER_REFERENCES\"",\""text\"":\"" [2013] FCJ No 449 (QL)\""},{\""type\"":\""DECISION_OTHER_REFERENCES\"",\""text\"":\"" [2013] ACF No 449 (QL)\""},{\""type\"":\""DECISION_ALTERNATE_TITLE\"",\""text\"":\""Komolafe c. Canada (Citoyenneté et Immigration)\""},{\""type\"":\""DECISION_DOCKET_NUMBER\"",\""text\"":\""IMM-4639-12\""},{\""type\"":\""JURISDICTION_NAME\"",\""text\"":\""Canada (Federal)\""},{\""type\"":\""COLLECTION_NAME\"",\""text\"":\""Federal Court\""}]"",
    ""jurisdictionId"": ""ca"",
    ""citedCount"": 267
  }
]"
https://canlii.ca/t/fz572,"[
  {
    ""id"": ""2013csc-scc33"",
    ""docType"": ""DECISION"",
    ""path"": ""/en/ca/scc/doc/2013/2013scc33/2013scc33.html"",
    ""docTitle"": ""Nishi v. Rascal Trucking Ltd."",
    ""autoCompletions"": ""[{\""type\"":\""DECISION_NEUTRAL_CITATION\"",\""text\"":\""2013 SCC 33\""},{\""type\"":\""DECISION_NEUTRAL_CITATION\"",\""text\"":\""2013 CSC 33\""},{\""type\"":\""DECISION_CANLII_REFERENCE\"",\""text\"":\""2013 SCC 33 (CanLII)\""},{\""type\"":\""DECISION_CANLII_REFERENCE\"",\""text\"":\""2013 CSC 33 (CanLII)\""},{\""type\"":\""MAIN_TITLE\"",\""text\"":\""Nishi v. Rascal Trucking Ltd.\""},{\""type\"":\""DECISION_OFFICIAL_REPORT_REFERENCE\"",\""text\"":\""[2013] 2 SCR 438\""},{\""type\"":\""DECISION_OFFICIAL_REPORT_REFERENCE\"",\""text\"":\""[2013] 2 RCS 438\""},{\""type\"":\""DECISION_OTHER_REFERENCES\"",\""text\"":\"" REJB 2013-223112\""},{\""type\"":\""DECISION_OTHER_REFERENCES\"",\""text\"":\""359 DLR (4th) 575\""},{\""type\"":\""DECISION_OTHER_REFERENCES\"",\""text\"":\"" 445 NR 293\""},{\""type\"":\""DECISION_OTHER_REFERENCES\"",\""text\"":\"" 228 ACWS (3d) 276\""},{\""type\"":\""DECISION_OTHER_REFERENCES\"",\""text\"":\"" [2013] 8 WWR 419\""},{\""type\"":\""DECISION_OTHER_REFERENCES\"",\""text\"":\"" [2013] EXP 1994\""},{\""type\"":\""DECISION_OTHER_REFERENCES\"",\""text\"":\"" 45 BCLR (5th) 1\""},{\""type\"":\""DECISION_OTHER_REFERENCES\"",\""text\"":\"" 16 BLR (5th) 1\""},{\""type\"":\""DECISION_OTHER_REFERENCES\"",\""text\"":\"" 336 BCAC 50\""},{\""type\"":\""DECISION_OTHER_REFERENCES\"",\""text\"":\"" 88 ETR (3d) 1\""},{\""type\"":\""DECISION_OTHER_REFERENCES\"",\""text\"":\"" [2013] CarswellBC 1716\""},{\""type\"":\""DECISION_OTHER_REFERENCES\"",\""text\"":\"" EYB 2013-223112\""},{\""type\"":\""DECISION_OTHER_REFERENCES\"",\""text\"":\"" JE 2013-1066\""},{\""type\"":\""DECISION_OTHER_REFERENCES\"",\""text\"":\"" [2013] SCJ No 33 (QL)\""},{\""type\"":\""DECISION_ALTERNATE_TITLE\"",\""text\"":\""Nishi c. Rascal Trucking Ltd.\""},{\""type\"":\""DECISION_DOCKET_NUMBER\"",\""text\"":\""34510\""},{\""type\"":\""JURISDICTION_NAME\"",\""text\"":\""Canada (Federal)\""},{\""type\"":\""COLLECTION_NAME\"",\""text\"":\""Supreme Court of Canada\""}]"",
    ""jurisdictionId"": ""ca"",
    ""citedCount"": 177
  }
]"
https://canlii.ca/t/fz5d5,"[
  {
    ""id"": ""2013csc-scc34"",
    ""docType"": ""DECISION"",
    ""path"": ""/en/ca/scc/doc/2013/2013scc34/2013scc34.html"",
    ""docTitle"": ""Communications, Energy and Paperworkers Union of Canada, Local 30 v. Irving Pulp & Paper, Ltd."",
    ""autoCompletions"": ""[{\""type\"":\""DECISION_NEUTRAL_CITATION\"",\""text\"":\""2013 SCC 34\""},{\""type\"":\""DECISION_NEUTRAL_CITATION\"",\""text\"":\""2013 CSC 34\""},{\""type\"":\""DECISION_CANLII_REFERENCE\"",\""text\"":\""2013 SCC 34 (CanLII)\""},{\""type\"":\""DECISION_CANLII_REFERENCE\"",\""text\"":\""2013 CSC 34 (CanLII)\""},{\""type\"":\""MAIN_TITLE\"",\""text\"":\""Communications, Energy and Paperworkers Union of Canada, Local 30 v. Irving Pulp & Paper, Ltd.\""},{\""type\"":\""DECISION_OFFICIAL_REPORT_REFERENCE\"",\""text\"":\""[2013] 2 SCR 458\""},{\""type\"":\""DECISION_OFFICIAL_REPORT_REFERENCE\"",\""text\"":\""[2013] 2 RCS 458\""},{\""type\"":\""DECISION_OTHER_REFERENCES\"",\""text\"":\""359 DLR (4th) 394\""},{\""type\"":\""DECISION_OTHER_REFERENCES\"",\""text\"":\"" 445 NR 1\""},{\""type\"":\""DECISION_OTHER_REFERENCES\"",\""text\"":\"" AZ-50976195\""},{\""type\"":\""DECISION_OTHER_REFERENCES\"",\""text\"":\"" [2013] EXP 2076\""},{\""type\"":\""DECISION_OTHER_REFERENCES\"",\""text\"":\"" [2013] EXPT 1167\""},{\""type\"":\""DECISION_OTHER_REFERENCES\"",\""text\"":\"" 285 CRR (2d) 150\""},{\""type\"":\""DECISION_OTHER_REFERENCES\"",\""text\"":\"" 77 CHRR 304\""},{\""type\"":\""DECISION_OTHER_REFERENCES\"",\""text\"":\"" DTE 2013T-418\""},{\""type\"":\""DECISION_OTHER_REFERENCES\"",\""text\"":\"" [2013] CarswellNB 275\""},{\""type\"":\""DECISION_OTHER_REFERENCES\"",\""text\"":\"" JE 2013-1102\""},{\""type\"":\""DECISION_OTHER_REFERENCES\"",\""text\"":\"" [2013] SCJ No 34 (QL)\""},{\""type\"":\""DECISION_OTHER_REFERENCES\"",\""text\"":\"" [2013] ACS no 34\""},{\""type\"":\""DECISION_ALTERNATE_TITLE\"",\""text\"":\""Syndicat canadien des communications, de l’énergie et du papier, section locale 30 c. Pâtes & Papier Irving, Ltée\""},{\""type\"":\""DECISION_DOCKET_NUMBER\"",\""text\"":\""34473\""},{\""type\"":\""JURISDICTION_NAME\"",\""text\"":\""Canada (Federal)\""},{\""type\"":\""COLLECTION_NAME\"",\""text\"":\""Supreme Court of Canada\""}]"",
    ""jurisdictionId"": ""ca"",
    ""citedCount"": 1217
  }
]"
https://canlii.ca/t/fz8c4,"[
  {
    ""id"": ""2013csc-scc36"",
    ""docType"": ""DECISION"",
    ""path"": ""/en/ca/scc/doc/2013/2013scc36/2013scc36.html"",
    ""docTitle"": ""Agraira v. Canada (Public Safety and Emergency Preparedness)"",
    ""autoCompletions"": ""[{\""type\"":\""DECISION_NEUTRAL_CITATION\"",\""text\"":\""2013 SCC 36\""},{\""type\"":\""DECISION_NEUTRAL_CITATION\"",\""text\"":\""2013 CSC 36\""},{\""type\"":\""DECISION_CANLII_REFERENCE\"",\""text\"":\""2013 SCC 36 (CanLII)\""},{\""type\"":\""DECISION_CANLII_REFERENCE\"",\""text\"":\""2013 CSC 36 (CanLII)\""},{\""type\"":\""MAIN_TITLE\"",\""text\"":\""Agraira v. Canada (Public Safety and Emergency Preparedness)\""},{\""type\"":\""DECISION_OFFICIAL_REPORT_REFERENCE\"",\""text\"":\""[2013] 2 SCR 559\""},{\""type\"":\""DECISION_OFFICIAL_REPORT_REFERENCE\"",\""text\"":\""[2013] 2 RCS 559\""},{\""type\"":\""DECISION_OTHER_REFERENCES\"",\""text\"":\"" REJB 2013-223432\""},{\""type\"":\""DECISION_OTHER_REFERENCES\"",\""text\"":\""360 DLR (4th) 411\""},{\""type\"":\""DECISION_OTHER_REFERENCES\"",\""text\"":\"" 446 NR 65\""},{\""type\"":\""DECISION_OTHER_REFERENCES\"",\""text\"":\"" 228 ACWS (3d) 1098\""},{\""type\"":\""DECISION_OTHER_REFERENCES\"",\""text\"":\"" [2013] EXP 2099\""},{\""type\"":\""DECISION_OTHER_REFERENCES\"",\""text\"":\"" 16 Imm LR (4th) 173\""},{\""type\"":\""DECISION_OTHER_REFERENCES\"",\""text\"":\"" 52 Admin LR (5th) 183\""},{\""type\"":\""DECISION_OTHER_REFERENCES\"",\""text\"":\"" EYB 2013-223432\""},{\""type\"":\""DECISION_OTHER_REFERENCES\"",\""text\"":\"" JE 2013-1121\""},{\""type\"":\""DECISION_OTHER_REFERENCES\"",\""text\"":\"" [2013] SCJ No 36 (QL)\""},{\""type\"":\""DECISION_OTHER_REFERENCES\"",\""text\"":\"" [2013] ACS no 36\""},{\""type\"":\""DECISION_ALTERNATE_TITLE\"",\""text\"":\""Agraira c. Canada (Sécurité publique et Protection civile)\""},{\""type\"":\""DECISION_DOCKET_NUMBER\"",\""text\"":\""34258\""},{\""type\"":\""JURISDICTION_NAME\"",\""text\"":\""Canada (Federal)\""},{\""type\"":\""COLLECTION_NAME\"",\""text\"":\""Supreme Court of Canada\""}]"",
    ""jurisdictionId"": ""ca"",
    ""citedCount"": 1845
  }
]"
https://canlii.ca/t/g13wf,"[
  {
    ""id"": ""1984onca1000084"",
    ""docType"": ""DECISION"",
    ""path"": ""/en/on/onca/doc/1984/1984canlii2145/1984canlii2145.html"",
    ""docTitle"": ""Regina v. Young"",
    ""autoCompletions"": ""[{\""type\"":\""DECISION_CANLII_REFERENCE\"",\""text\"":\""1984 CanLII 2145 (ON CA)\""},{\""type\"":\""MAIN_TITLE\"",\""text\"":\""Regina v. Young\""},{\""type\"":\""DECISION_OTHER_REFERENCES\"",\""text\"":\""46 OR (2d) 520\""},{\""type\"":\""DECISION_OTHER_REFERENCES\"",\""text\"":\"" 3 OAC 254\""},{\""type\"":\""DECISION_OTHER_REFERENCES\"",\""text\"":\"" 13 CCC (3d) 1\""},{\""type\"":\""DECISION_OTHER_REFERENCES\"",\""text\"":\"" 40 CR (3d) 289\""},{\""type\"":\""DECISION_OTHER_REFERENCES\"",\""text\"":\"" 10 CRR 307\""},{\""type\"":\""DECISION_OTHER_REFERENCES\"",\""text\"":\"" 12 WCB 254\""},{\""type\"":\""DECISION_OTHER_REFERENCES\"",\""text\"":\"" [1984] CarswellOnt 57\""},{\""type\"":\""DECISION_OTHER_REFERENCES\"",\""text\"":\"" [1984] OJ No 3229 (QL)\""},{\""type\"":\""DECISION_ALTERNATE_TITLE\"",\""text\"":\""R. v. Young\""},{\""type\"":\""JURISDICTION_NAME\"",\""text\"":\""Ontario\""},{\""type\"":\""COLLECTION_NAME\"",\""text\"":\""Court of Appeal for Ontario\""}]"",
    ""jurisdictionId"": ""on"",
    ""citedCount"": 420
  }
]"
https://canlii.ca/t/g1j89,"[
  {
    ""id"": ""1969onsc1000017"",
    ""docType"": ""DECISION"",
    ""path"": ""/en/on/onsc/doc/1969/1969canlii227/1969canlii227.html"",
    ""docTitle"": ""Matthews et al v. MacLaren et al. Horsley et al. v. MacLaren et al."",
    ""autoCompletions"": ""[{\""type\"":\""DECISION_CANLII_REFERENCE\"",\""text\"":\""1969 CanLII 227 (ON SC)\""},{\""type\"":\""MAIN_TITLE\"",\""text\"":\""Matthews et al v. MacLaren et al. Horsley et al. v. MacLaren et al.\""},{\""type\"":\""DECISION_OTHER_REFERENCES\"",\""text\"":\""[1969] 2 OR 137\""},{\""type\"":\""DECISION_OTHER_REFERENCES\"",\""text\"":\"" 4 DLR (3d) 557\""},{\""type\"":\""JURISDICTION_NAME\"",\""text\"":\""Ontario\""},{\""type\"":\""COLLECTION_NAME\"",\""text\"":\""Superior Court of Justice\""}]"",
    ""jurisdictionId"": ""on"",
    ""citedCount"": 23
  }
]"
https://canlii.ca/t/g1z1v,"[
  {
    ""id"": ""2013csc-scc64"",
    ""docType"": ""DECISION"",
    ""path"": ""/en/ca/scc/doc/2013/2013scc64/2013scc64.html"",
    ""docTitle"": ""Katz Group Canada Inc. v. Ontario (Health and Long‑Term Care)"",
    ""autoCompletions"": ""[{\""type\"":\""DECISION_NEUTRAL_CITATION\"",\""text\"":\""2013 SCC 64\""},{\""type\"":\""DECISION_NEUTRAL_CITATION\"",\""text\"":\""2013 CSC 64\""},{\""type\"":\""DECISION_CANLII_REFERENCE\"",\""text\"":\""2013 SCC 64 (CanLII)\""},{\""type\"":\""DECISION_CANLII_REFERENCE\"",\""text\"":\""2013 CSC 64 (CanLII)\""},{\""type\"":\""MAIN_TITLE\"",\""text\"":\""Katz Group Canada Inc. v. Ontario (Health and Long‑Term Care)\""},{\""type\"":\""DECISION_OFFICIAL_REPORT_REFERENCE\"",\""text\"":\""[2013] 3 SCR 810\""},{\""type\"":\""DECISION_OFFICIAL_REPORT_REFERENCE\"",\""text\"":\""[2013] 3 RCS 810\""},{\""type\"":\""DECISION_OTHER_REFERENCES\"",\""text\"":\"" REJB 2013-229518\""},{\""type\"":\""DECISION_OTHER_REFERENCES\"",\""text\"":\""366 DLR (4th) 62\""},{\""type\"":\""DECISION_OTHER_REFERENCES\"",\""text\"":\"" 451 NR 80\""},{\""type\"":\""DECISION_OTHER_REFERENCES\"",\""text\"":\"" 235 ACWS (3d) 547\""},{\""type\"":\""DECISION_OTHER_REFERENCES\"",\""text\"":\"" 312 OAC 169\""},{\""type\"":\""DECISION_OTHER_REFERENCES\"",\""text\"":\"" AZ-51020920\""},{\""type\"":\""DECISION_OTHER_REFERENCES\"",\""text\"":\"" [2013] EXP 3752\""},{\""type\"":\""DECISION_OTHER_REFERENCES\"",\""text\"":\"" 58 Admin LR (5th) 173\""},{\""type\"":\""DECISION_OTHER_REFERENCES\"",\""text\"":\"" EYB 2013-229518\""},{\""type\"":\""DECISION_OTHER_REFERENCES\"",\""text\"":\"" JE 2013-2036\""},{\""type\"":\""DECISION_OTHER_REFERENCES\"",\""text\"":\"" [2013] SCJ No 64 (QL)\""},{\""type\"":\""DECISION_ALTERNATE_TITLE\"",\""text\"":\""Katz Group Canada Inc. c. Ontario (Santé et Soins de longue durée)\""},{\""type\"":\""DECISION_DOCKET_NUMBER\"",\""text\"":\"" 34647\""},{\""type\"":\""DECISION_DOCKET_NUMBER\"",\""text\"":\""34649\""},{\""type\"":\""JURISDICTION_NAME\"",\""text\"":\""Canada (Federal)\""},{\""type\"":\""COLLECTION_NAME\"",\""text\"":\""Supreme Court of Canada\""}]"",
    ""jurisdictionId"": ""ca"",
    ""citedCount"": 344
  }
]"
https://canlii.ca/t/g25sg,"[
  {
    ""id"": ""2013csc-scc67"",
    ""docType"": ""DECISION"",
    ""path"": ""/en/ca/scc/doc/2013/2013scc67/2013scc67.html"",
    ""docTitle"": ""McLean v. British Columbia (Securities Commission)"",
    ""autoCompletions"": ""[{\""type\"":\""DECISION_NEUTRAL_CITATION\"",\""text\"":\""2013 SCC 67\""},{\""type\"":\""DECISION_NEUTRAL_CITATION\"",\""text\"":\""2013 CSC 67\""},{\""type\"":\""DECISION_CANLII_REFERENCE\"",\""text\"":\""2013 SCC 67 (CanLII)\""},{\""type\"":\""DECISION_CANLII_REFERENCE\"",\""text\"":\""2013 CSC 67 (CanLII)\""},{\""type\"":\""MAIN_TITLE\"",\""text\"":\""McLean v. British Columbia (Securities Commission)\""},{\""type\"":\""DECISION_OFFICIAL_REPORT_REFERENCE\"",\""text\"":\""[2013] 3 SCR 895\""},{\""type\"":\""DECISION_OFFICIAL_REPORT_REFERENCE\"",\""text\"":\""[2013] 3 RCS 895\""},{\""type\"":\""DECISION_OTHER_REFERENCES\"",\""text\"":\"" REJB 2013-230152\""},{\""type\"":\""DECISION_OTHER_REFERENCES\"",\""text\"":\""366 DLR (4th) 30\""},{\""type\"":\""DECISION_OTHER_REFERENCES\"",\""text\"":\"" 452 NR 340\""},{\""type\"":\""DECISION_OTHER_REFERENCES\"",\""text\"":\"" 235 ACWS (3d) 290\""},{\""type\"":\""DECISION_OTHER_REFERENCES\"",\""text\"":\"" [2014] 2 WWR 415\""},{\""type\"":\""DECISION_OTHER_REFERENCES\"",\""text\"":\"" AZ-51024638\""},{\""type\"":\""DECISION_OTHER_REFERENCES\"",\""text\"":\"" [2013] EXP 3911\""},{\""type\"":\""DECISION_OTHER_REFERENCES\"",\""text\"":\"" 53 BCLR (5th) 1\""},{\""type\"":\""DECISION_OTHER_REFERENCES\"",\""text\"":\"" 347 BCAC 1\""},{\""type\"":\""DECISION_OTHER_REFERENCES\"",\""text\"":\"" 64 Admin LR (5th) 237\""},{\""type\"":\""DECISION_OTHER_REFERENCES\"",\""text\"":\"" [2013] CarswellBC 3618\""},{\""type\"":\""DECISION_OTHER_REFERENCES\"",\""text\"":\"" EYB 2013-230152\""},{\""type\"":\""DECISION_OTHER_REFERENCES\"",\""text\"":\"" JE 2013-2131\""},{\""type\"":\""DECISION_OTHER_REFERENCES\"",\""text\"":\"" [2013] SCJ No 67 (QL)\""},{\""type\"":\""DECISION_OTHER_REFERENCES\"",\""text\"":\"" [2013] ACS no 67\""},{\""type\"":\""DECISION_ALTERNATE_TITLE\"",\""text\"":\""McLean c. Colombie‑Britannique (Securities Commission)\""},{\""type\"":\""DECISION_DOCKET_NUMBER\"",\""text\"":\""34593\""},{\""type\"":\""JURISDICTION_NAME\"",\""text\"":\""Canada (Federal)\""},{\""type\"":\""COLLECTION_NAME\"",\""text\"":\""Supreme Court of Canada\""}]"",
    ""jurisdictionId"": ""ca"",
    ""citedCount"": 1029
  }
]"
https://canlii.ca/t/g2f56,"[
  {
    ""id"": ""2013csc-scc72"",
    ""docType"": ""DECISION"",
    ""path"": ""/en/ca/scc/doc/2013/2013scc72/2013scc72.html"",
    ""docTitle"": ""Canada (Attorney General) v. Bedford"",
    ""autoCompletions"": ""[{\""type\"":\""DECISION_NEUTRAL_CITATION\"",\""text\"":\""2013 SCC 72\""},{\""type\"":\""DECISION_NEUTRAL_CITATION\"",\""text\"":\""2013 CSC 72\""},{\""type\"":\""DECISION_CANLII_REFERENCE\"",\""text\"":\""2013 SCC 72 (CanLII)\""},{\""type\"":\""DECISION_CANLII_REFERENCE\"",\""text\"":\""2013 CSC 72 (CanLII)\""},{\""type\"":\""MAIN_TITLE\"",\""text\"":\""Canada (Attorney General) v. Bedford\""},{\""type\"":\""DECISION_OFFICIAL_REPORT_REFERENCE\"",\""text\"":\""[2013] 3 SCR 1101\""},{\""type\"":\""DECISION_OFFICIAL_REPORT_REFERENCE\"",\""text\"":\""[2013] 3 RCS 1101\""},{\""type\"":\""DECISION_OTHER_REFERENCES\"",\""text\"":\""366 DLR (4th) 237\""},{\""type\"":\""DECISION_OTHER_REFERENCES\"",\""text\"":\"" 452 NR 1\""},{\""type\"":\""DECISION_OTHER_REFERENCES\"",\""text\"":\"" 312 OAC 53\""},{\""type\"":\""DECISION_OTHER_REFERENCES\"",\""text\"":\"" [2014] EXP 30\""},{\""type\"":\""DECISION_OTHER_REFERENCES\"",\""text\"":\"" 303 CCC (3d) 146\""},{\""type\"":\""DECISION_OTHER_REFERENCES\"",\""text\"":\"" 303 CCC (3d) 3\""},{\""type\"":\""DECISION_OTHER_REFERENCES\"",\""text\"":\"" 7 CR (7th) 1\""},{\""type\"":\""DECISION_OTHER_REFERENCES\"",\""text\"":\"" 110 WCB (2d) 753\""},{\""type\"":\""DECISION_OTHER_REFERENCES\"",\""text\"":\"" 297 CRR (2d) 334\""},{\""type\"":\""DECISION_OTHER_REFERENCES\"",\""text\"":\"" [2013] CarswellOnt 17681\""},{\""type\"":\""DECISION_OTHER_REFERENCES\"",\""text\"":\"" JE 2014-21\""},{\""type\"":\""DECISION_OTHER_REFERENCES\"",\""text\"":\"" [2013] FCJ No 72 (QL)\""},{\""type\"":\""DECISION_OTHER_REFERENCES\"",\""text\"":\"" [2013] SCJ No 72 (QL)\""},{\""type\"":\""DECISION_OTHER_REFERENCES\"",\""text\"":\"" [2013] ACS no 72\""},{\""type\"":\""DECISION_OTHER_REFERENCES\"",\""text\"":\"" [2013] ACF No 72 (QL)\""},{\""type\"":\""DECISION_ALTERNATE_TITLE\"",\""text\"":\""Canada (Procureur général) c. Bedford\""},{\""type\"":\""DECISION_DOCKET_NUMBER\"",\""text\"":\""34788\""},{\""type\"":\""JURISDICTION_NAME\"",\""text\"":\""Canada (Federal)\""},{\""type\"":\""COLLECTION_NAME\"",\""text\"":\""Supreme Court of Canada\""}]"",
    ""jurisdictionId"": ""ca"",
    ""citedCount"": 1403
  }
]"
https://canlii.ca/t/g2s18,"[
  {
    ""id"": ""2014csc-scc7"",
    ""docType"": ""DECISION"",
    ""path"": ""/en/ca/scc/doc/2014/2014scc7/2014scc7.html"",
    ""docTitle"": ""Hryniak v. Mauldin"",
    ""autoCompletions"": ""[{\""type\"":\""DECISION_NEUTRAL_CITATION\"",\""text\"":\""2014 SCC 7\""},{\""type\"":\""DECISION_NEUTRAL_CITATION\"",\""text\"":\""2014 CSC 7\""},{\""type\"":\""DECISION_CANLII_REFERENCE\"",\""text\"":\""2014 SCC 7 (CanLII)\""},{\""type\"":\""DECISION_CANLII_REFERENCE\"",\""text\"":\""2014 CSC 7 (CanLII)\""},{\""type\"":\""MAIN_TITLE\"",\""text\"":\""Hryniak v. Mauldin\""},{\""type\"":\""DECISION_OFFICIAL_REPORT_REFERENCE\"",\""text\"":\""[2014] 1 SCR 87\""},{\""type\"":\""DECISION_OFFICIAL_REPORT_REFERENCE\"",\""text\"":\""[2014] 1 RCS 87\""},{\""type\"":\""DECISION_OTHER_REFERENCES\"",\""text\"":\"" REJB 2014-231951\""},{\""type\"":\""DECISION_OTHER_REFERENCES\"",\""text\"":\""366 DLR (4th) 641\""},{\""type\"":\""DECISION_OTHER_REFERENCES\"",\""text\"":\"" 453 NR 51\""},{\""type\"":\""DECISION_OTHER_REFERENCES\"",\""text\"":\"" 314 OAC 1\""},{\""type\"":\""DECISION_OTHER_REFERENCES\"",\""text\"":\"" AZ-51036908\""},{\""type\"":\""DECISION_OTHER_REFERENCES\"",\""text\"":\"" [2014] EXP 319\""},{\""type\"":\""DECISION_OTHER_REFERENCES\"",\""text\"":\"" 21 BLR (5th) 248\""},{\""type\"":\""DECISION_OTHER_REFERENCES\"",\""text\"":\"" 95 ETR (3d) 1\""},{\""type\"":\""DECISION_OTHER_REFERENCES\"",\""text\"":\"" 12 CCEL (4th) 1\""},{\""type\"":\""DECISION_OTHER_REFERENCES\"",\""text\"":\"" 46 CPC (7th) 217\""},{\""type\"":\""DECISION_OTHER_REFERENCES\"",\""text\"":\"" [2014] CarswellOnt 640\""},{\""type\"":\""DECISION_OTHER_REFERENCES\"",\""text\"":\"" EYB 2014-231951\""},{\""type\"":\""DECISION_OTHER_REFERENCES\"",\""text\"":\"" JE 2014-162\""},{\""type\"":\""DECISION_OTHER_REFERENCES\"",\""text\"":\"" [2014] SCJ No 7 (QL)\""},{\""type\"":\""DECISION_OTHER_REFERENCES\"",\""text\"":\"" [2014] ACS no 7\""},{\""type\"":\""DECISION_OTHER_REFERENCES\"",\""text\"":\"" 27 CLR (4th) 1\""},{\""type\"":\""DECISION_OTHER_REFERENCES\"",\""text\"":\"" 37 RPR (5th) 1\""},{\""type\"":\""DECISION_OTHER_REFERENCES\"",\""text\"":\"" 12 RCDT (4th) 1\""},{\""type\"":\""DECISION_ALTERNATE_TITLE\"",\""text\"":\""Hryniak c. Mauldin\""},{\""type\"":\""DECISION_DOCKET_NUMBER\"",\""text\"":\""34641\""},{\""type\"":\""JURISDICTION_NAME\"",\""text\"":\""Canada (Federal)\""},{\""type\"":\""COLLECTION_NAME\"",\""text\"":\""Supreme Court of Canada\""}]"",
    ""jurisdictionId"": ""ca"",
    ""citedCount"": 6562
  }
]"
https://canlii.ca/t/g61tm,"[
  {
    ""id"": ""2014fca56"",
    ""docType"": ""DECISION"",
    ""path"": ""/en/ca/fca/doc/2014/2014fca56/2014fca56.html"",
    ""docTitle"": ""Canada (Minister of Transport, Infrastructure and Communities) v. Farwaha"",
    ""autoCompletions"": ""[{\""type\"":\""DECISION_NEUTRAL_CITATION\"",\""text\"":\""2014 FCA 56\""},{\""type\"":\""DECISION_NEUTRAL_CITATION\"",\""text\"":\""2014 CAF 56\""},{\""type\"":\""DECISION_CANLII_REFERENCE\"",\""text\"":\""2014 FCA 56 (CanLII)\""},{\""type\"":\""DECISION_CANLII_REFERENCE\"",\""text\"":\""2014 CAF 56 (CanLII)\""},{\""type\"":\""MAIN_TITLE\"",\""text\"":\""Canada (Minister of Transport, Infrastructure and Communities) v. Farwaha\""},{\""type\"":\""DECISION_OFFICIAL_REPORT_REFERENCE\"",\""text\"":\""[2015] 2 FCR 1006\""},{\""type\"":\""DECISION_OFFICIAL_REPORT_REFERENCE\"",\""text\"":\""[2015] 2 RCF 1006\""},{\""type\"":\""DECISION_OTHER_REFERENCES\"",\""text\"":\""455 NR 157\""},{\""type\"":\""DECISION_OTHER_REFERENCES\"",\""text\"":\"" 238 ACWS (3d) 282\""},{\""type\"":\""DECISION_OTHER_REFERENCES\"",\""text\"":\"" [2014] FCJ No 227 (QL)\""},{\""type\"":\""DECISION_OTHER_REFERENCES\"",\""text\"":\"" [2014] ACF No 227 (QL)\""},{\""type\"":\""DECISION_ALTERNATE_TITLE\"",\""text\"":\""Canada (Ministre des Transports, de l’Infrastructure et des Collectivités) c. Farwaha\""},{\""type\"":\""DECISION_DOCKET_NUMBER\"",\""text\"":\""A-431-12\""},{\""type\"":\""JURISDICTION_NAME\"",\""text\"":\""Canada (Federal)\""},{\""type\"":\""COLLECTION_NAME\"",\""text\"":\""Federal Court of Appeal\""}]"",
    ""jurisdictionId"": ""ca"",
    ""citedCount"": 150
  }
]"
https://canlii.ca/t/g69pq,"[
  {
    ""id"": ""2014csc-scc24"",
    ""docType"": ""DECISION"",
    ""path"": ""/en/ca/scc/doc/2014/2014scc24/2014scc24.html"",
    ""docTitle"": ""Mission Institution v. Khela"",
    ""autoCompletions"": ""[{\""type\"":\""DECISION_NEUTRAL_CITATION\"",\""text\"":\""2014 SCC 24\""},{\""type\"":\""DECISION_NEUTRAL_CITATION\"",\""text\"":\""2014 CSC 24\""},{\""type\"":\""DECISION_CANLII_REFERENCE\"",\""text\"":\""2014 SCC 24 (CanLII)\""},{\""type\"":\""DECISION_CANLII_REFERENCE\"",\""text\"":\""2014 CSC 24 (CanLII)\""},{\""type\"":\""MAIN_TITLE\"",\""text\"":\""Mission Institution v. Khela\""},{\""type\"":\""DECISION_OFFICIAL_REPORT_REFERENCE\"",\""text\"":\""[2014] 1 SCR 502\""},{\""type\"":\""DECISION_OFFICIAL_REPORT_REFERENCE\"",\""text\"":\""[2014] 1 RCS 502\""},{\""type\"":\""DECISION_OTHER_REFERENCES\"",\""text\"":\"" REJB 2014-235045\""},{\""type\"":\""DECISION_OTHER_REFERENCES\"",\""text\"":\""368 DLR (4th) 630\""},{\""type\"":\""DECISION_OTHER_REFERENCES\"",\""text\"":\"" 455 NR 279\""},{\""type\"":\""DECISION_OTHER_REFERENCES\"",\""text\"":\"" [2014] EXP 1049\""},{\""type\"":\""DECISION_OTHER_REFERENCES\"",\""text\"":\"" 307 CCC (3d) 427\""},{\""type\"":\""DECISION_OTHER_REFERENCES\"",\""text\"":\"" 9 CR (7th) 1\""},{\""type\"":\""DECISION_OTHER_REFERENCES\"",\""text\"":\"" 351 BCAC 91\""},{\""type\"":\""DECISION_OTHER_REFERENCES\"",\""text\"":\"" 112 WCB (2d) 458\""},{\""type\"":\""DECISION_OTHER_REFERENCES\"",\""text\"":\"" 306 CRR (2d) 66\""},{\""type\"":\""DECISION_OTHER_REFERENCES\"",\""text\"":\"" 64 Admin LR (5th) 171\""},{\""type\"":\""DECISION_OTHER_REFERENCES\"",\""text\"":\"" EYB 2014-235045\""},{\""type\"":\""DECISION_OTHER_REFERENCES\"",\""text\"":\"" JE 2014-569\""},{\""type\"":\""DECISION_OTHER_REFERENCES\"",\""text\"":\"" [2014] FCJ No 24 (QL)\""},{\""type\"":\""DECISION_OTHER_REFERENCES\"",\""text\"":\"" [2014] SCJ No 24 (QL)\""},{\""type\"":\""DECISION_OTHER_REFERENCES\"",\""text\"":\"" [2014] ACS no 24\""},{\""type\"":\""DECISION_OTHER_REFERENCES\"",\""text\"":\"" [2014] ACF No 24 (QL)\""},{\""type\"":\""DECISION_ALTERNATE_TITLE\"",\""text\"":\""Établissement de Mission c. Khela\""},{\""type\"":\""DECISION_DOCKET_NUMBER\"",\""text\"":\""34609\""},{\""type\"":\""JURISDICTION_NAME\"",\""text\"":\""Canada (Federal)\""},{\""type\"":\""COLLECTION_NAME\"",\""text\"":\""Supreme Court of Canada\""}]"",
    ""jurisdictionId"": ""ca"",
    ""citedCount"": 1720
  }
]"
https://canlii.ca/t/g6hpg,"[
  {
    ""id"": ""2014fca95"",
    ""docType"": ""DECISION"",
    ""path"": ""/en/ca/fca/doc/2014/2014fca95/2014fca95.html"",
    ""docTitle"": ""D'Errico v. Canada (Attorney General)"",
    ""autoCompletions"": ""[{\""type\"":\""DECISION_NEUTRAL_CITATION\"",\""text\"":\""2014 FCA 95\""},{\""type\"":\""DECISION_NEUTRAL_CITATION\"",\""text\"":\""2014 CAF 95\""},{\""type\"":\""DECISION_CANLII_REFERENCE\"",\""text\"":\""2014 FCA 95 (CanLII)\""},{\""type\"":\""DECISION_CANLII_REFERENCE\"",\""text\"":\""2014 CAF 95 (CanLII)\""},{\""type\"":\""MAIN_TITLE\"",\""text\"":\""D'Errico v. Canada (Attorney General)\""},{\""type\"":\""DECISION_OTHER_REFERENCES\"",\""text\"":\""459 NR 167\""},{\""type\"":\""DECISION_OTHER_REFERENCES\"",\""text\"":\"" 239 ACWS (3d) 532\""},{\""type\"":\""DECISION_OTHER_REFERENCES\"",\""text\"":\"" [2014] CarswellNat 2661\""},{\""type\"":\""DECISION_OTHER_REFERENCES\"",\""text\"":\"" [2014] FCJ No 370 (QL)\""},{\""type\"":\""DECISION_OTHER_REFERENCES\"",\""text\"":\"" [2014] ACF No 370 (QL)\""},{\""type\"":\""DECISION_ALTERNATE_TITLE\"",\""text\"":\""D'Errico c. Canada (Procureur général)\""},{\""type\"":\""DECISION_DOCKET_NUMBER\"",\""text\"":\""A-47-13\""},{\""type\"":\""JURISDICTION_NAME\"",\""text\"":\""Canada (Federal)\""},{\""type\"":\""COLLECTION_NAME\"",\""text\"":\""Federal Court of Appeal\""}]"",
    ""jurisdictionId"": ""ca"",
    ""citedCount"": 213
  }
]"
https://canlii.ca/t/g6xlp,"[
  {
    ""id"": ""2014csc-scc39"",
    ""docType"": ""DECISION"",
    ""path"": ""/en/ca/scc/doc/2014/2014scc39/2014scc39.html"",
    ""docTitle"": ""McCormick v. Fasken Martineau DuMoulin LLP"",
    ""autoCompletions"": ""[{\""type\"":\""DECISION_NEUTRAL_CITATION\"",\""text\"":\""2014 SCC 39\""},{\""type\"":\""DECISION_NEUTRAL_CITATION\"",\""text\"":\""2014 CSC 39\""},{\""type\"":\""DECISION_CANLII_REFERENCE\"",\""text\"":\""2014 SCC 39 (CanLII)\""},{\""type\"":\""DECISION_CANLII_REFERENCE\"",\""text\"":\""2014 CSC 39 (CanLII)\""},{\""type\"":\""MAIN_TITLE\"",\""text\"":\""McCormick v. Fasken Martineau DuMoulin LLP\""},{\""type\"":\""DECISION_OFFICIAL_REPORT_REFERENCE\"",\""text\"":\""[2014] 2 SCR 108\""},{\""type\"":\""DECISION_OFFICIAL_REPORT_REFERENCE\"",\""text\"":\""[2014] 2 RCS 108\""},{\""type\"":\""DECISION_OTHER_REFERENCES\"",\""text\"":\""371 DLR (4th) 246\""},{\""type\"":\""DECISION_OTHER_REFERENCES\"",\""text\"":\"" 458 NR 38\""},{\""type\"":\""DECISION_OTHER_REFERENCES\"",\""text\"":\"" [2014] EXP 1672\""},{\""type\"":\""DECISION_OTHER_REFERENCES\"",\""text\"":\"" 22 BLR (5th) 1\""},{\""type\"":\""DECISION_OTHER_REFERENCES\"",\""text\"":\"" [2014] EXPT 990\""},{\""type\"":\""DECISION_OTHER_REFERENCES\"",\""text\"":\"" 67 Admin LR (5th) 177\""},{\""type\"":\""DECISION_OTHER_REFERENCES\"",\""text\"":\"" 79 CHRR 178\""},{\""type\"":\""DECISION_OTHER_REFERENCES\"",\""text\"":\"" JE 2014-946\""},{\""type\"":\""DECISION_OTHER_REFERENCES\"",\""text\"":\"" [2014] SCJ No 39 (QL)\""},{\""type\"":\""DECISION_ALTERNATE_TITLE\"",\""text\"":\""McCormick c. Fasken Martineau DuMoulin S.E.N.C.R.L./s.r.l.\""},{\""type\"":\""DECISION_DOCKET_NUMBER\"",\""text\"":\""34997\""},{\""type\"":\""JURISDICTION_NAME\"",\""text\"":\""Canada (Federal)\""},{\""type\"":\""COLLECTION_NAME\"",\""text\"":\""Supreme Court of Canada\""}]"",
    ""jurisdictionId"": ""ca"",
    ""citedCount"": 225
  }
]"
https://canlii.ca/t/g6z0w,"[
  {
    ""id"": ""2014csc-scc40"",
    ""docType"": ""DECISION"",
    ""path"": ""/en/ca/scc/doc/2014/2014scc40/2014scc40.html"",
    ""docTitle"": ""Canadian National Railway Co. v. Canada (Attorney General)"",
    ""autoCompletions"": ""[{\""type\"":\""DECISION_NEUTRAL_CITATION\"",\""text\"":\""2014 SCC 40\""},{\""type\"":\""DECISION_NEUTRAL_CITATION\"",\""text\"":\""2014 CSC 40\""},{\""type\"":\""DECISION_CANLII_REFERENCE\"",\""text\"":\""2014 SCC 40 (CanLII)\""},{\""type\"":\""DECISION_CANLII_REFERENCE\"",\""text\"":\""2014 CSC 40 (CanLII)\""},{\""type\"":\""MAIN_TITLE\"",\""text\"":\""Canadian National Railway Co. v. Canada (Attorney General)\""},{\""type\"":\""DECISION_OFFICIAL_REPORT_REFERENCE\"",\""text\"":\""[2014] 2 SCR 135\""},{\""type\"":\""DECISION_OFFICIAL_REPORT_REFERENCE\"",\""text\"":\""[2014] 2 RCS 135\""},{\""type\"":\""DECISION_OTHER_REFERENCES\"",\""text\"":\"" REJB 2014-237426\""},{\""type\"":\""DECISION_OTHER_REFERENCES\"",\""text\"":\""371 DLR (4th) 219\""},{\""type\"":\""DECISION_OTHER_REFERENCES\"",\""text\"":\"" 458 NR 150\""},{\""type\"":\""DECISION_OTHER_REFERENCES\"",\""text\"":\"" 240 ACWS (3d) 262\""},{\""type\"":\""DECISION_OTHER_REFERENCES\"",\""text\"":\"" [2014] EXP 1666\""},{\""type\"":\""DECISION_OTHER_REFERENCES\"",\""text\"":\"" 67 Admin LR (5th) 220\""},{\""type\"":\""DECISION_OTHER_REFERENCES\"",\""text\"":\"" EYB 2014-237426\""},{\""type\"":\""DECISION_OTHER_REFERENCES\"",\""text\"":\"" JE 2014-941\""},{\""type\"":\""DECISION_OTHER_REFERENCES\"",\""text\"":\"" [2014] SCJ No 40 (QL)\""},{\""type\"":\""DECISION_OTHER_REFERENCES\"",\""text\"":\"" [2014] ACS no 40\""},{\""type\"":\""DECISION_ALTERNATE_TITLE\"",\""text\"":\""Compagnie des chemins de fer nationaux du Canada c. Canada (Procureur général)\""},{\""type\"":\""DECISION_DOCKET_NUMBER\"",\""text\"":\""35145\""},{\""type\"":\""JURISDICTION_NAME\"",\""text\"":\""Canada (Federal)\""},{\""type\"":\""COLLECTION_NAME\"",\""text\"":\""Supreme Court of Canada\""}]"",
    ""jurisdictionId"": ""ca"",
    ""citedCount"": 354
  }
]"
https://canlii.ca/t/g734t,"[
  {
    ""id"": ""1932skca1000022"",
    ""docType"": ""DECISION"",
    ""path"": ""/en/sk/skca/doc/1932/1932canlii191/1932canlii191.html"",
    ""docTitle"": ""Shupe v. Pleasantdale (Rural Municipality)"",
    ""autoCompletions"": ""[{\""type\"":\""DECISION_CANLII_REFERENCE\"",\""text\"":\""1932 CanLII 191 (SK CA)\""},{\""type\"":\""MAIN_TITLE\"",\""text\"":\""Shupe v. Pleasantdale (Rural Municipality)\""},{\""type\"":\""DECISION_OTHER_REFERENCES\"",\""text\"":\""[1932] 1 WWR 627\""},{\""type\"":\""JURISDICTION_NAME\"",\""text\"":\""Saskatchewan\""},{\""type\"":\""COLLECTION_NAME\"",\""text\"":\""Court of Appeal for Saskatchewan\""}]"",
    ""jurisdictionId"": ""sk"",
    ""citedCount"": 10
  }
]"
https://canlii.ca/t/g74k0,"[
  {
    ""id"": ""1911sksceb1000022"",
    ""docType"": ""DECISION"",
    ""path"": ""/en/sk/skca/doc/1911/1911canlii161/1911canlii161.html"",
    ""docTitle"": ""Williams v. Town of North Battleford"",
    ""autoCompletions"": ""[{\""type\"":\""DECISION_CANLII_REFERENCE\"",\""text\"":\""1911 CanLII 161 (SC EnBanc)\""},{\""type\"":\""MAIN_TITLE\"",\""text\"":\""Williams v. Town of North Battleford\""},{\""type\"":\""DECISION_OTHER_REFERENCES\"",\""text\"":\""4 Sask LR 75\""},{\""type\"":\""JURISDICTION_NAME\"",\""text\"":\""Saskatchewan\""},{\""type\"":\""COLLECTION_NAME\"",\""text\"":\""Court of Appeal for Saskatchewan\""},{\""type\"":\""TRIBUNAL_NAME\"",\""text\"":\""Saskatchewan Supreme Court en banc\""}]"",
    ""jurisdictionId"": ""sk"",
    ""citedCount"": 0
  }
]"
https://canlii.ca/t/g76jn,"[
  {
    ""id"": ""1921skca1000067"",
    ""docType"": ""DECISION"",
    ""path"": ""/en/sk/skca/doc/1921/1921canlii184/1921canlii184.html"",
    ""docTitle"": ""Levy v. Rural Municipality of Rodgers, No 133"",
    ""autoCompletions"": ""[{\""type\"":\""DECISION_CANLII_REFERENCE\"",\""text\"":\""1921 CanLII 184 (SK CA)\""},{\""type\"":\""MAIN_TITLE\"",\""text\"":\""Levy v. Rural Municipality of Rodgers, No 133\""},{\""type\"":\""DECISION_OTHER_REFERENCES\"",\""text\"":\""63 DLR 452\""},{\""type\"":\""DECISION_OTHER_REFERENCES\"",\""text\"":\"" [1921] 3 WWR 764\""},{\""type\"":\""DECISION_OTHER_REFERENCES\"",\""text\"":\"" 15 Sask LR 31\""},{\""type\"":\""DECISION_ALTERNATE_TITLE\"",\""text\"":\""Levey v. Rur. Mun. of Rodgers No. 133\""},{\""type\"":\""DECISION_ALTERNATE_TITLE\"",\""text\"":\""Levey v. Rodgers (Municipality)\""},{\""type\"":\""JURISDICTION_NAME\"",\""text\"":\""Saskatchewan\""},{\""type\"":\""COLLECTION_NAME\"",\""text\"":\""Court of Appeal for Saskatchewan\""}]"",
    ""jurisdictionId"": ""sk"",
    ""citedCount"": 10
  }
]"
https://canlii.ca/t/g7c5j,"[
  {
    ""id"": ""1971skqb1000043"",
    ""docType"": ""DECISION"",
    ""path"": ""/en/sk/skqb/doc/1971/1971canlii765/1971canlii765.html"",
    ""docTitle"": ""Galbiati v. Regina (City)"",
    ""autoCompletions"": ""[{\""type\"":\""DECISION_CANLII_REFERENCE\"",\""text\"":\""1971 CanLII 765 (SK QB)\""},{\""type\"":\""MAIN_TITLE\"",\""text\"":\""Galbiati v. Regina (City)\""},{\""type\"":\""DECISION_OTHER_REFERENCES\"",\""text\"":\""[1972] 2 WWR 40\""},{\""type\"":\""JURISDICTION_NAME\"",\""text\"":\""Saskatchewan\""},{\""type\"":\""COLLECTION_NAME\"",\""text\"":\""Court of King's Bench for Saskatchewan\""},{\""type\"":\""TRIBUNAL_NAME\"",\""text\"":\""Court of Queen’s Bench for Saskatchewan\""}]"",
    ""jurisdictionId"": ""sk"",
    ""citedCount"": 10
  }
]"
https://canlii.ca/t/g7dft,"[
  {
    ""id"": ""2014csc-scc42"",
    ""docType"": ""DECISION"",
    ""path"": ""/en/ca/scc/doc/2014/2014scc42/2014scc42.html"",
    ""docTitle"": ""Canadian Artists’ Representation v. National Gallery of Canada"",
    ""autoCompletions"": ""[{\""type\"":\""DECISION_NEUTRAL_CITATION\"",\""text\"":\""2014 SCC 42\""},{\""type\"":\""DECISION_NEUTRAL_CITATION\"",\""text\"":\""2014 CSC 42\""},{\""type\"":\""DECISION_CANLII_REFERENCE\"",\""text\"":\""2014 SCC 42 (CanLII)\""},{\""type\"":\""DECISION_CANLII_REFERENCE\"",\""text\"":\""2014 CSC 42 (CanLII)\""},{\""type\"":\""MAIN_TITLE\"",\""text\"":\""Canadian Artists’ Representation v. National Gallery of Canada\""},{\""type\"":\""DECISION_OFFICIAL_REPORT_REFERENCE\"",\""text\"":\""[2014] 2 SCR 197\""},{\""type\"":\""DECISION_OFFICIAL_REPORT_REFERENCE\"",\""text\"":\""[2014] 2 RCS 197\""},{\""type\"":\""DECISION_OTHER_REFERENCES\"",\""text\"":\""371 DLR (4th) 383\""},{\""type\"":\""DECISION_OTHER_REFERENCES\"",\""text\"":\"" 458 NR 233\""},{\""type\"":\""DECISION_OTHER_REFERENCES\"",\""text\"":\"" [2014] ACS no 101\""},{\""type\"":\""DECISION_ALTERNATE_TITLE\"",\""text\"":\""Front des artistes canadiens c. Musée des beaux‑arts du Canada\""},{\""type\"":\""DECISION_DOCKET_NUMBER\"",\""text\"":\""35353\""},{\""type\"":\""JURISDICTION_NAME\"",\""text\"":\""Canada (Federal)\""},{\""type\"":\""COLLECTION_NAME\"",\""text\"":\""Supreme Court of Canada\""}]"",
    ""jurisdictionId"": ""ca"",
    ""citedCount"": 119
  }
]"
https://canlii.ca/t/g7mt9,"[
  {
    ""id"": ""2014csc-scc44"",
    ""docType"": ""DECISION"",
    ""path"": ""/en/ca/scc/doc/2014/2014scc44/2014scc44.html"",
    ""docTitle"": ""Tsilhqot’in Nation v. British Columbia"",
    ""autoCompletions"": ""[{\""type\"":\""DECISION_NEUTRAL_CITATION\"",\""text\"":\""2014 SCC 44\""},{\""type\"":\""DECISION_NEUTRAL_CITATION\"",\""text\"":\""2014 CSC 44\""},{\""type\"":\""DECISION_CANLII_REFERENCE\"",\""text\"":\""2014 SCC 44 (CanLII)\""},{\""type\"":\""DECISION_CANLII_REFERENCE\"",\""text\"":\""2014 CSC 44 (CanLII)\""},{\""type\"":\""MAIN_TITLE\"",\""text\"":\""Tsilhqot’in Nation v. British Columbia\""},{\""type\"":\""DECISION_OFFICIAL_REPORT_REFERENCE\"",\""text\"":\""[2014] 2 SCR 257\""},{\""type\"":\""DECISION_OFFICIAL_REPORT_REFERENCE\"",\""text\"":\""[2014] 2 RCS 256\""},{\""type\"":\""DECISION_OTHER_REFERENCES\"",\""text\"":\""[2014] 2 SCR 256\""},{\""type\"":\""DECISION_OTHER_REFERENCES\"",\""text\"":\"" 374 DLR (4th) 1\""},{\""type\"":\""DECISION_OTHER_REFERENCES\"",\""text\"":\"" 459 NR 287\""},{\""type\"":\""DECISION_OTHER_REFERENCES\"",\""text\"":\"" 241 ACWS (3d) 2\""},{\""type\"":\""DECISION_OTHER_REFERENCES\"",\""text\"":\"" [2014] 7 WWR 633\""},{\""type\"":\""DECISION_OTHER_REFERENCES\"",\""text\"":\"" [2014] EXP 2030\""},{\""type\"":\""DECISION_OTHER_REFERENCES\"",\""text\"":\"" 58 BCLR (5th) 1\""},{\""type\"":\""DECISION_OTHER_REFERENCES\"",\""text\"":\"" 356 BCAC 1\""},{\""type\"":\""DECISION_OTHER_REFERENCES\"",\""text\"":\"" [2014] 3 CNLR 362\""},{\""type\"":\""DECISION_OTHER_REFERENCES\"",\""text\"":\"" 312 CRR (2d) 308\""},{\""type\"":\""DECISION_OTHER_REFERENCES\"",\""text\"":\"" JE 2014-1148\""},{\""type\"":\""DECISION_OTHER_REFERENCES\"",\""text\"":\"" [2014] SCJ No 44 (QL)\""},{\""type\"":\""DECISION_OTHER_REFERENCES\"",\""text\"":\"" 43 RPR (5th) 1\""},{\""type\"":\""DECISION_OTHER_REFERENCES\"",\""text\"":\""[2014] 2 RCS 257\""},{\""type\"":\""DECISION_ALTERNATE_TITLE\"",\""text\"":\""Nation Tsilhqot’in c. Colombie‑Britannique\""},{\""type\"":\""DECISION_DOCKET_NUMBER\"",\""text\"":\""34986\""},{\""type\"":\""JURISDICTION_NAME\"",\""text\"":\""Canada (Federal)\""},{\""type\"":\""COLLECTION_NAME\"",\""text\"":\""Supreme Court of Canada\""}]"",
    ""jurisdictionId"": ""ca"",
    ""citedCount"": 617
  }
]"
https://canlii.ca/t/g7r8s,"[
  {
    ""id"": ""2014fct629"",
    ""docType"": ""DECISION"",
    ""path"": ""/en/ca/fct/doc/2014/2014fc629/2014fc629.html"",
    ""docTitle"": ""Blas v. Canada (Citizenship and Immigration)"",
    ""autoCompletions"": ""[{\""type\"":\""DECISION_NEUTRAL_CITATION\"",\""text\"":\""2014 FC 629\""},{\""type\"":\""DECISION_NEUTRAL_CITATION\"",\""text\"":\""2014 CF 629\""},{\""type\"":\""DECISION_CANLII_REFERENCE\"",\""text\"":\""2014 FC 629 (CanLII)\""},{\""type\"":\""DECISION_CANLII_REFERENCE\"",\""text\"":\""2014 CF 629 (CanLII)\""},{\""type\"":\""MAIN_TITLE\"",\""text\"":\""Blas v. Canada (Citizenship and Immigration)\""},{\""type\"":\""DECISION_OTHER_REFERENCES\"",\""text\"":\""26 Imm LR (4th) 92\""},{\""type\"":\""DECISION_ALTERNATE_TITLE\"",\""text\"":\""Blas c. Canada (Citoyenneté et Immigration)\""},{\""type\"":\""DECISION_DOCKET_NUMBER\"",\""text\"":\""IMM-2401-13\""},{\""type\"":\""JURISDICTION_NAME\"",\""text\"":\""Canada (Federal)\""},{\""type\"":\""COLLECTION_NAME\"",\""text\"":\""Federal Court\""}]"",
    ""jurisdictionId"": ""ca"",
    ""citedCount"": 45
  }
]"
https://canlii.ca/t/g8d73,"[
  {
    ""id"": ""1988skqb1000212"",
    ""docType"": ""DECISION"",
    ""path"": ""/en/sk/skqb/doc/1988/1988canlii5133/1988canlii5133.html"",
    ""docTitle"": ""Nelson v. Waverley (Rural Municipality)"",
    ""autoCompletions"": ""[{\""type\"":\""DECISION_CANLII_REFERENCE\"",\""text\"":\""1988 CanLII 5133 (SK QB)\""},{\""type\"":\""MAIN_TITLE\"",\""text\"":\""Nelson v. Waverley (Rural Municipality)\""},{\""type\"":\""DECISION_OTHER_REFERENCES\"",\""text\"":\""65 Sask R 260\""},{\""type\"":\""DECISION_DOCKET_NUMBER\"",\""text\"":\""84A.D.1983\""},{\""type\"":\""JURISDICTION_NAME\"",\""text\"":\""Saskatchewan\""},{\""type\"":\""COLLECTION_NAME\"",\""text\"":\""Court of King's Bench for Saskatchewan\""},{\""type\"":\""TRIBUNAL_NAME\"",\""text\"":\""Court of Queen’s Bench for Saskatchewan\""}]"",
    ""jurisdictionId"": ""sk"",
    ""citedCount"": 3
  }
]"
https://canlii.ca/t/g8jxk,"[
  {
    ""id"": ""2014fct750"",
    ""docType"": ""DECISION"",
    ""path"": ""/en/ca/fct/doc/2014/2014fc750/2014fc750.html"",
    ""docTitle"": ""Gonzalez v. Canada (Citizenship and Immigration)"",
    ""autoCompletions"": ""[{\""type\"":\""DECISION_NEUTRAL_CITATION\"",\""text\"":\""2014 FC 750\""},{\""type\"":\""DECISION_NEUTRAL_CITATION\"",\""text\"":\""2014 CF 750\""},{\""type\"":\""DECISION_CANLII_REFERENCE\"",\""text\"":\""2014 FC 750 (CanLII)\""},{\""type\"":\""DECISION_CANLII_REFERENCE\"",\""text\"":\""2014 CF 750 (CanLII)\""},{\""type\"":\""MAIN_TITLE\"",\""text\"":\""Gonzalez v. Canada (Citizenship and Immigration)\""},{\""type\"":\""DECISION_OTHER_REFERENCES\"",\""text\"":\""460 FTR 221\""},{\""type\"":\""DECISION_OTHER_REFERENCES\"",\""text\"":\"" 27 Imm LR (4th) 151\""},{\""type\"":\""DECISION_OTHER_REFERENCES\"",\""text\"":\"" [2014] FCJ No 816 (QL)\""},{\""type\"":\""DECISION_OTHER_REFERENCES\"",\""text\"":\"" [2014] ACF No 816 (QL)\""},{\""type\"":\""DECISION_ALTERNATE_TITLE\"",\""text\"":\""Gonzalez c. Canada (Citoyenneté et Immigration)\""},{\""type\"":\""DECISION_DOCKET_NUMBER\"",\""text\"":\""IMM-6360-13\""},{\""type\"":\""JURISDICTION_NAME\"",\""text\"":\""Canada (Federal)\""},{\""type\"":\""COLLECTION_NAME\"",\""text\"":\""Federal Court\""}]"",
    ""jurisdictionId"": ""ca"",
    ""citedCount"": 74
  }
]"
https://canlii.ca/t/g8l8t,"[
  {
    ""id"": ""1929skca1000077"",
    ""docType"": ""DECISION"",
    ""path"": ""/en/sk/skca/doc/1929/1929canlii220/1929canlii220.html"",
    ""docTitle"": ""Partridge v. Langenburg (Rural Municipality)"",
    ""autoCompletions"": ""[{\""type\"":\""DECISION_CANLII_REFERENCE\"",\""text\"":\""1929 CanLII 220 (SK CA)\""},{\""type\"":\""MAIN_TITLE\"",\""text\"":\""Partridge v. Langenburg (Rural Municipality)\""},{\""type\"":\""DECISION_OTHER_REFERENCES\"",\""text\"":\""[1930] 1 DLR 939\""},{\""type\"":\""DECISION_OTHER_REFERENCES\"",\""text\"":\"" [1929] 3 WWR 555\""},{\""type\"":\""DECISION_OTHER_REFERENCES\"",\""text\"":\"" [1929] SJ No 16 (QL)\""},{\""type\"":\""DECISION_ALTERNATE_TITLE\"",\""text\"":\""Partridge v Langenburg\""},{\""type\"":\""JURISDICTION_NAME\"",\""text\"":\""Saskatchewan\""},{\""type\"":\""COLLECTION_NAME\"",\""text\"":\""Court of Appeal for Saskatchewan\""}]"",
    ""jurisdictionId"": ""sk"",
    ""citedCount"": 49
  }
]"
https://canlii.ca/t/g9xd1,"[
  {
    ""id"": ""1992onsc1000292"",
    ""docType"": ""DECISION"",
    ""path"": ""/en/on/onsc/doc/1992/1992canlii12774/1992canlii12774.html"",
    ""docTitle"": ""R. v. Church of Scientology of Toronto"",
    ""autoCompletions"": ""[{\""type\"":\""DECISION_CANLII_REFERENCE\"",\""text\"":\""1992 CanLII 12774 (ON SC)\""},{\""type\"":\""MAIN_TITLE\"",\""text\"":\""R. v. Church of Scientology of Toronto\""},{\""type\"":\""DECISION_OTHER_REFERENCES\"",\""text\"":\""74 CCC (3d) 327\""},{\""type\"":\""DECISION_OTHER_REFERENCES\"",\""text\"":\"" 9 CRR (2d) 232\""},{\""type\"":\""DECISION_ALTERNATE_TITLE\"",\""text\"":\""Regina v. Church of Scientology et al. (No. 1)\""},{\""type\"":\""JURISDICTION_NAME\"",\""text\"":\""Ontario\""},{\""type\"":\""COLLECTION_NAME\"",\""text\"":\""Superior Court of Justice\""}]"",
    ""jurisdictionId"": ""on"",
    ""citedCount"": 6
  }
]"
https://canlii.ca/t/gb4qx,"[
  {
    ""id"": ""1996oncj1000037"",
    ""docType"": ""DECISION"",
    ""path"": ""/en/on/oncj/doc/1996/1996canlii17924/1996canlii17924.html"",
    ""docTitle"": ""R. v. Bonadie"",
    ""autoCompletions"": ""[{\""type\"":\""DECISION_CANLII_REFERENCE\"",\""text\"":\""1996 CanLII 17924 (ON CJ)\""},{\""type\"":\""MAIN_TITLE\"",\""text\"":\""R. v. Bonadie\""},{\""type\"":\""DECISION_OTHER_REFERENCES\"",\""text\"":\""109 CCC (3d) 356\""},{\""type\"":\""DECISION_ALTERNATE_TITLE\"",\""text\"":\""Regina v. Bonadie\""},{\""type\"":\""JURISDICTION_NAME\"",\""text\"":\""Ontario\""},{\""type\"":\""COLLECTION_NAME\"",\""text\"":\""Ontario Court of Justice\""}]"",
    ""jurisdictionId"": ""on"",
    ""citedCount"": 2
  }
]"
https://canlii.ca/t/gbrpz,"[
  {
    ""id"": ""1987nbca1000102"",
    ""docType"": ""DECISION"",
    ""path"": ""/en/nb/nbca/doc/1987/1987canlii7456/1987canlii7456.html"",
    ""docTitle"": ""University of New Brunswick Student Union Incorporated et al. v. Smith (S.) et al.; University of New Brunswick Student Union Incorporated et al. v. Vaillancourt et al."",
    ""autoCompletions"": ""[{\""type\"":\""DECISION_CANLII_REFERENCE\"",\""text\"":\""1987 CanLII 7456 (NB CA)\""},{\""type\"":\""MAIN_TITLE\"",\""text\"":\""University of New Brunswick Student Union Incorporated et al. v. Smith (S.) et al.; University of New Brunswick Student Union Incorporated et al. v. Vaillancourt et al.\""},{\""type\"":\""DECISION_OTHER_REFERENCES\"",\""text\"":\""84 NBR (2d) 292\""},{\""type\"":\""DECISION_OTHER_REFERENCES\"",\""text\"":\"" 214 APR 292\""},{\""type\"":\""DECISION_OTHER_REFERENCES\"",\""text\"":\"" [1987] NBJ No 804 (QL)\""},{\""type\"":\""DECISION_OTHER_REFERENCES\"",\""text\"":\""84 RNB (2d) 292\""},{\""type\"":\""DECISION_OTHER_REFERENCES\"",\""text\"":\"" [1987] ANB No 804 (QL)\""},{\""type\"":\""DECISION_ALTERNATE_TITLE\"",\""text\"":\""University of New Brunswick Student Union Incorporated et al. c. Smith (S.) et al.; University of New Brunswick Student Union Incorporated et al. c. Vaillancourt et al.\""},{\""type\"":\""DECISION_DOCKET_NUMBER\"",\""text\"":\"" 143/87/CA\""},{\""type\"":\""DECISION_DOCKET_NUMBER\"",\""text\"":\""144/87/CA\""},{\""type\"":\""JURISDICTION_NAME\"",\""text\"":\""New Brunswick\""},{\""type\"":\""COLLECTION_NAME\"",\""text\"":\""Court of Appeal of New Brunswick\""}]"",
    ""jurisdictionId"": ""nb"",
    ""citedCount"": 18
  }
]"
https://canlii.ca/t/gczln,"[
  {
    ""id"": ""1992onsc1000287"",
    ""docType"": ""DECISION"",
    ""path"": ""/en/on/onsc/doc/1992/1992canlii12762/1992canlii12762.html"",
    ""docTitle"": ""R. v. Church of Scientology of Toronto"",
    ""autoCompletions"": ""[{\""type\"":\""DECISION_CANLII_REFERENCE\"",\""text\"":\""1992 CanLII 12762 (ON SC)\""},{\""type\"":\""MAIN_TITLE\"",\""text\"":\""R. v. Church of Scientology of Toronto\""},{\""type\"":\""DECISION_OTHER_REFERENCES\"",\""text\"":\""74 CCC (3d) 341\""},{\""type\"":\""DECISION_OTHER_REFERENCES\"",\""text\"":\"" 9 CRR (2d) 220\""},{\""type\"":\""DECISION_ALTERNATE_TITLE\"",\""text\"":\""Regina v. Church of Scientology of Toronto et al. (No. 2)\""},{\""type\"":\""JURISDICTION_NAME\"",\""text\"":\""Ontario\""},{\""type\"":\""COLLECTION_NAME\"",\""text\"":\""Superior Court of Justice\""}]"",
    ""jurisdictionId"": ""on"",
    ""citedCount"": 4
  }
]"
https://canlii.ca/t/gd1kv,"[
  {
    ""id"": ""1981onca1000129"",
    ""docType"": ""DECISION"",
    ""path"": ""/en/on/onca/doc/1981/1981canlii3120/1981canlii3120.html"",
    ""docTitle"": ""R. v. McNamara"",
    ""autoCompletions"": ""[{\""type\"":\""DECISION_CANLII_REFERENCE\"",\""text\"":\""1981 CanLII 3120 (ON CA)\""},{\""type\"":\""MAIN_TITLE\"",\""text\"":\""R. v. McNamara\""},{\""type\"":\""DECISION_OTHER_REFERENCES\"",\""text\"":\""56 CCC (2d) 193\""},{\""type\"":\""DECISION_OTHER_REFERENCES\"",\""text\"":\"" 5 WCB 351\""},{\""type\"":\""DECISION_OTHER_REFERENCES\"",\""text\"":\"" [1981] CarswellOnt 1243\""},{\""type\"":\""DECISION_OTHER_REFERENCES\"",\""text\"":\"" [1981] OJ No 3254 (QL)\""},{\""type\"":\""DECISION_ALTERNATE_TITLE\"",\""text\"":\""Regina v. McNamara et al. (No. 1)\""},{\""type\"":\""JURISDICTION_NAME\"",\""text\"":\""Ontario\""},{\""type\"":\""COLLECTION_NAME\"",\""text\"":\""Court of Appeal for Ontario\""}]"",
    ""jurisdictionId"": ""on"",
    ""citedCount"": 399
  }
]"
https://canlii.ca/t/gdltz,"[
  {
    ""id"": ""1989nbca1000109"",
    ""docType"": ""DECISION"",
    ""path"": ""/en/nb/nbca/doc/1989/1989canlii7923/1989canlii7923.html"",
    ""docTitle"": ""Chalmers (Dr. Everett) Hospital v. Mills"",
    ""autoCompletions"": ""[{\""type\"":\""DECISION_CANLII_REFERENCE\"",\""text\"":\""1989 CanLII 7923 (NB CA)\""},{\""type\"":\""MAIN_TITLE\"",\""text\"":\""Chalmers (Dr. Everett) Hospital v. Mills\""},{\""type\"":\""DECISION_OTHER_REFERENCES\"",\""text\"":\""102 NBR (2d) 1\""},{\""type\"":\""DECISION_OTHER_REFERENCES\"",\""text\"":\"" 256 APR 1\""},{\""type\"":\""DECISION_OTHER_REFERENCES\"",\""text\"":\""102 RNB (2d) 1\""},{\""type\"":\""DECISION_ALTERNATE_TITLE\"",\""text\"":\""Chalmers (Dr. Everett) Hospital c. Mills\""},{\""type\"":\""DECISION_DOCKET_NUMBER\"",\""text\"":\""106/89/CA\""},{\""type\"":\""JURISDICTION_NAME\"",\""text\"":\""New Brunswick\""},{\""type\"":\""COLLECTION_NAME\"",\""text\"":\""Court of Appeal of New Brunswick\""}]"",
    ""jurisdictionId"": ""nb"",
    ""citedCount"": 5
  }
]"
https://canlii.ca/t/gfx4z,"[
  {
    ""id"": ""2014onipc1000310"",
    ""docType"": ""DECISION"",
    ""path"": ""/en/on/onipc/doc/2014/2014canlii79892/2014canlii79892.html"",
    ""docTitle"": ""London District Catholic School Board (Re)"",
    ""autoCompletions"": ""[{\""type\"":\""DECISION_CANLII_REFERENCE\"",\""text\"":\""2014 CanLII 79892 (ON IPC)\""},{\""type\"":\""MAIN_TITLE\"",\""text\"":\""London District Catholic School Board (Re)\""},{\""type\"":\""DECISION_DOCKET_NUMBER\"",\""text\"":\"" MA13-474-2\""},{\""type\"":\""DECISION_DOCKET_NUMBER\"",\""text\"":\""MO-3146\""},{\""type\"":\""JURISDICTION_NAME\"",\""text\"":\""Ontario\""},{\""type\"":\""COLLECTION_NAME\"",\""text\"":\""Information and Privacy Commissioner Ontario\""}]"",
    ""jurisdictionId"": ""on"",
    ""citedCount"": 0
  }
]"
https://canlii.ca/t/gg19b,"[
  {
    ""id"": ""2015csc-scc3"",
    ""docType"": ""DECISION"",
    ""path"": ""/en/ca/scc/doc/2015/2015scc3/2015scc3.html"",
    ""docTitle"": ""Tervita Corp. v. Canada (Commissioner of Competition)"",
    ""autoCompletions"": ""[{\""type\"":\""DECISION_NEUTRAL_CITATION\"",\""text\"":\""2015 SCC 3\""},{\""type\"":\""DECISION_NEUTRAL_CITATION\"",\""text\"":\""2015 CSC 3\""},{\""type\"":\""DECISION_CANLII_REFERENCE\"",\""text\"":\""2015 SCC 3 (CanLII)\""},{\""type\"":\""DECISION_CANLII_REFERENCE\"",\""text\"":\""2015 CSC 3 (CanLII)\""},{\""type\"":\""MAIN_TITLE\"",\""text\"":\""Tervita Corp. v. Canada (Commissioner of Competition)\""},{\""type\"":\""DECISION_OFFICIAL_REPORT_REFERENCE\"",\""text\"":\""[2015] 1 SCR 161\""},{\""type\"":\""DECISION_OFFICIAL_REPORT_REFERENCE\"",\""text\"":\""[2015] 1 RCS 161\""},{\""type\"":\""DECISION_OTHER_REFERENCES\"",\""text\"":\"" REJB 2015-247038\""},{\""type\"":\""DECISION_OTHER_REFERENCES\"",\""text\"":\""380 DLR (4th) 381\""},{\""type\"":\""DECISION_OTHER_REFERENCES\"",\""text\"":\"" 248 ACWS (3d) 811\""},{\""type\"":\""DECISION_OTHER_REFERENCES\"",\""text\"":\"" [2015] EXP 279\""},{\""type\"":\""DECISION_OTHER_REFERENCES\"",\""text\"":\"" 79 Admin LR (5th) 1\""},{\""type\"":\""DECISION_OTHER_REFERENCES\"",\""text\"":\"" EYB 2015-247038\""},{\""type\"":\""DECISION_OTHER_REFERENCES\"",\""text\"":\"" JE 2015-140\""},{\""type\"":\""DECISION_OTHER_REFERENCES\"",\""text\"":\"" [2015] SCJ No 3 (QL)\""},{\""type\"":\""DECISION_ALTERNATE_TITLE\"",\""text\"":\""Tervita Corp. c. Canada (Commissaire de la concurrence)\""},{\""type\"":\""DECISION_DOCKET_NUMBER\"",\""text\"":\""35314\""},{\""type\"":\""JURISDICTION_NAME\"",\""text\"":\""Canada (Federal)\""},{\""type\"":\""COLLECTION_NAME\"",\""text\"":\""Supreme Court of Canada\""}]"",
    ""jurisdictionId"": ""ca"",
    ""citedCount"": 178
  }
]"
https://canlii.ca/t/gh67c,"[
  {
    ""id"": ""2015csc-scc16"",
    ""docType"": ""DECISION"",
    ""path"": ""/en/ca/scc/doc/2015/2015scc16/2015scc16.html"",
    ""docTitle"": ""Mouvement laïque québécois v. Saguenay (City)"",
    ""autoCompletions"": ""[{\""type\"":\""DECISION_NEUTRAL_CITATION\"",\""text\"":\""2015 SCC 16\""},{\""type\"":\""DECISION_NEUTRAL_CITATION\"",\""text\"":\""2015 CSC 16\""},{\""type\"":\""DECISION_CANLII_REFERENCE\"",\""text\"":\""2015 SCC 16 (CanLII)\""},{\""type\"":\""DECISION_CANLII_REFERENCE\"",\""text\"":\""2015 CSC 16 (CanLII)\""},{\""type\"":\""MAIN_TITLE\"",\""text\"":\""Mouvement laïque québécois v. Saguenay (City)\""},{\""type\"":\""DECISION_OFFICIAL_REPORT_REFERENCE\"",\""text\"":\""[2015] 2 SCR 3\""},{\""type\"":\""DECISION_OFFICIAL_REPORT_REFERENCE\"",\""text\"":\""[2015] 2 RCS 3\""},{\""type\"":\""DECISION_OTHER_REFERENCES\"",\""text\"":\"" REJB 2015-250606\""},{\""type\"":\""DECISION_OTHER_REFERENCES\"",\""text\"":\""382 DLR (4th) 385\""},{\""type\"":\""DECISION_OTHER_REFERENCES\"",\""text\"":\"" 470 NR 1\""},{\""type\"":\""DECISION_OTHER_REFERENCES\"",\""text\"":\"" 251 ACWS (3d) 184\""},{\""type\"":\""DECISION_OTHER_REFERENCES\"",\""text\"":\"" AZ-51166826\""},{\""type\"":\""DECISION_OTHER_REFERENCES\"",\""text\"":\"" [2015] EXP 1106\""},{\""type\"":\""DECISION_OTHER_REFERENCES\"",\""text\"":\"" 22 CCEL (4th) 1\""},{\""type\"":\""DECISION_OTHER_REFERENCES\"",\""text\"":\"" 332 CRR (2d) 183\""},{\""type\"":\""DECISION_OTHER_REFERENCES\"",\""text\"":\"" 83 CHRR 291\""},{\""type\"":\""DECISION_OTHER_REFERENCES\"",\""text\"":\"" EYB 2015-250606\""},{\""type\"":\""DECISION_OTHER_REFERENCES\"",\""text\"":\"" JE 2015-600\""},{\""type\"":\""DECISION_OTHER_REFERENCES\"",\""text\"":\"" [2015] SCJ No 16 (QL)\""},{\""type\"":\""DECISION_OTHER_REFERENCES\"",\""text\"":\"" [2015] ACS no 382\""},{\""type\"":\""DECISION_OTHER_REFERENCES\"",\""text\"":\"" 34 MPLR (5th) 1\""},{\""type\"":\""DECISION_OTHER_REFERENCES\"",\""text\"":\"" 22 RCDT (4th) 1\""},{\""type\"":\""DECISION_ALTERNATE_TITLE\"",\""text\"":\""Mouvement laïque québécois c. Saguenay (Ville)\""},{\""type\"":\""DECISION_DOCKET_NUMBER\"",\""text\"":\""35496\""},{\""type\"":\""JURISDICTION_NAME\"",\""text\"":\""Canada (Federal)\""},{\""type\"":\""COLLECTION_NAME\"",\""text\"":\""Supreme Court of Canada\""}]"",
    ""jurisdictionId"": ""ca"",
    ""citedCount"": 947
  }
]"
https://canlii.ca/t/ghgmz,"[
  {
    ""id"": ""2015fca117"",
    ""docType"": ""DECISION"",
    ""path"": ""/en/ca/fca/doc/2015/2015fca117/2015fca117.html"",
    ""docTitle"": ""Delios v. Canada (Attorney General)"",
    ""autoCompletions"": ""[{\""type\"":\""DECISION_NEUTRAL_CITATION\"",\""text\"":\""2015 FCA 117\""},{\""type\"":\""DECISION_NEUTRAL_CITATION\"",\""text\"":\""2015 CAF 117\""},{\""type\"":\""DECISION_CANLII_REFERENCE\"",\""text\"":\""2015 FCA 117 (CanLII)\""},{\""type\"":\""DECISION_CANLII_REFERENCE\"",\""text\"":\""2015 CAF 117 (CanLII)\""},{\""type\"":\""MAIN_TITLE\"",\""text\"":\""Delios v. Canada (Attorney General)\""},{\""type\"":\""DECISION_OTHER_REFERENCES\"",\""text\"":\""472 NR 171\""},{\""type\"":\""DECISION_OTHER_REFERENCES\"",\""text\"":\"" 100 Admin LR (5th) 301\""},{\""type\"":\""DECISION_OTHER_REFERENCES\"",\""text\"":\"" [2015] FCJ No 549 (QL)\""},{\""type\"":\""DECISION_OTHER_REFERENCES\"",\""text\"":\"" [2015] ACF No 549 (QL)\""},{\""type\"":\""DECISION_ALTERNATE_TITLE\"",\""text\"":\""Delios c. Canada (Procureur général)\""},{\""type\"":\""DECISION_DOCKET_NUMBER\"",\""text\"":\""A-508-14\""},{\""type\"":\""JURISDICTION_NAME\"",\""text\"":\""Canada (Federal)\""},{\""type\"":\""COLLECTION_NAME\"",\""text\"":\""Federal Court of Appeal\""}]"",
    ""jurisdictionId"": ""ca"",
    ""citedCount"": 507
  }
]"
https://canlii.ca/t/gjh0l,"[
  {
    ""id"": ""2015qccs2571"",
    ""docType"": ""DECISION"",
    ""path"": ""/en/qc/qccs/doc/2015/2015qccs2571/2015qccs2571.html"",
    ""docTitle"": ""86296 Canada Ltd. c. Shoppers Realty Inc."",
    ""autoCompletions"": ""[{\""type\"":\""DECISION_NEUTRAL_CITATION\"",\""text\"":\""2015 QCCS 2571\""},{\""type\"":\""DECISION_CANLII_REFERENCE\"",\""text\"":\""2015 QCCS 2571 (CanLII)\""},{\""type\"":\""MAIN_TITLE\"",\""text\"":\""86296 Canada Ltd. c. Shoppers Realty Inc.\""},{\""type\"":\""DECISION_DOCKET_NUMBER\"",\""text\"":\""500-17-081375-142\""},{\""type\"":\""JURISDICTION_NAME\"",\""text\"":\""Quebec\""},{\""type\"":\""COLLECTION_NAME\"",\""text\"":\""Superior Court\""}]"",
    ""jurisdictionId"": ""qc"",
    ""citedCount"": 0
  }
]"
https://canlii.ca/t/gkbxg,"[
  {
    ""id"": ""2015qcca1224"",
    ""docType"": ""DECISION"",
    ""path"": ""/en/qc/qcca/doc/2015/2015qcca1224/2015qcca1224.html"",
    ""docTitle"": ""Imperial Tobacco Canada Ltd. c. Conseil québécois sur le tabac et la santé"",
    ""autoCompletions"": ""[{\""type\"":\""DECISION_NEUTRAL_CITATION\"",\""text\"":\""2015 QCCA 1224\""},{\""type\"":\""DECISION_CANLII_REFERENCE\"",\""text\"":\""2015 QCCA 1224 (CanLII)\""},{\""type\"":\""MAIN_TITLE\"",\""text\"":\""Imperial Tobacco Canada Ltd. c. Conseil québécois sur le tabac et la santé\""},{\""type\"":\""DECISION_DOCKET_NUMBER\"",\""text\"":\"" 500-09-025387-150\""},{\""type\"":\""DECISION_DOCKET_NUMBER\"",\""text\"":\""500-09-025386-152\""},{\""type\"":\""DECISION_DOCKET_NUMBER\"",\""text\"":\"" 500-09-025385-154\""},{\""type\"":\""JURISDICTION_NAME\"",\""text\"":\""Quebec\""},{\""type\"":\""COLLECTION_NAME\"",\""text\"":\""Court of Appeal of Quebec\""}]"",
    ""jurisdictionId"": ""qc"",
    ""citedCount"": 42
  }
]"
https://canlii.ca/t/gkr9s,"[
  {
    ""id"": ""2015fct960"",
    ""docType"": ""DECISION"",
    ""path"": ""/en/ca/fct/doc/2015/2015fc960/2015fc960.html"",
    ""docTitle"": ""Vavilov v. Canada (Citizenship and Immigration)"",
    ""autoCompletions"": ""[{\""type\"":\""DECISION_NEUTRAL_CITATION\"",\""text\"":\""2015 FC 960\""},{\""type\"":\""DECISION_NEUTRAL_CITATION\"",\""text\"":\""2015 CF 960\""},{\""type\"":\""DECISION_CANLII_REFERENCE\"",\""text\"":\""2015 FC 960 (CanLII)\""},{\""type\"":\""DECISION_CANLII_REFERENCE\"",\""text\"":\""2015 CF 960 (CanLII)\""},{\""type\"":\""MAIN_TITLE\"",\""text\"":\""Vavilov v. Canada (Citizenship and Immigration)\""},{\""type\"":\""DECISION_OFFICIAL_REPORT_REFERENCE\"",\""text\"":\""[2016] 2 FCR 39\""},{\""type\"":\""DECISION_OFFICIAL_REPORT_REFERENCE\"",\""text\"":\""[2016] 2 RCF 39\""},{\""type\"":\""DECISION_OTHER_REFERENCES\"",\""text\"":\""38 Imm LR (4th) 110\""},{\""type\"":\""DECISION_OTHER_REFERENCES\"",\""text\"":\"" [2015] CarswellNat 3740\""},{\""type\"":\""DECISION_OTHER_REFERENCES\"",\""text\"":\"" [2015] FCJ No 981 (QL)\""},{\""type\"":\""DECISION_OTHER_REFERENCES\"",\""text\"":\"" [2015] ACF No 981 (QL)\""},{\""type\"":\""DECISION_ALTERNATE_TITLE\"",\""text\"":\""Vavilov c. Canada (Citoyenneté et Immigration)\""},{\""type\"":\""DECISION_DOCKET_NUMBER\"",\""text\"":\""T-1976-14\""},{\""type\"":\""JURISDICTION_NAME\"",\""text\"":\""Canada (Federal)\""},{\""type\"":\""COLLECTION_NAME\"",\""text\"":\""Federal Court\""}]"",
    ""jurisdictionId"": ""ca"",
    ""citedCount"": 11
  }
]"
https://canlii.ca/t/glb0g,"[
  {
    ""id"": ""2015csc-scc45"",
    ""docType"": ""DECISION"",
    ""path"": ""/en/ca/scc/doc/2015/2015scc45/2015scc45.html"",
    ""docTitle"": ""ATCO Gas and Pipelines Ltd. v. Alberta (Utilities Commission)"",
    ""autoCompletions"": ""[{\""type\"":\""DECISION_NEUTRAL_CITATION\"",\""text\"":\""2015 SCC 45\""},{\""type\"":\""DECISION_NEUTRAL_CITATION\"",\""text\"":\""2015 CSC 45\""},{\""type\"":\""DECISION_CANLII_REFERENCE\"",\""text\"":\""2015 SCC 45 (CanLII)\""},{\""type\"":\""DECISION_CANLII_REFERENCE\"",\""text\"":\""2015 CSC 45 (CanLII)\""},{\""type\"":\""MAIN_TITLE\"",\""text\"":\""ATCO Gas and Pipelines Ltd. v. Alberta (Utilities Commission)\""},{\""type\"":\""DECISION_OFFICIAL_REPORT_REFERENCE\"",\""text\"":\""[2015] 3 SCR 219\""},{\""type\"":\""DECISION_OFFICIAL_REPORT_REFERENCE\"",\""text\"":\""[2015] 3 RCS 219\""},{\""type\"":\""DECISION_OTHER_REFERENCES\"",\""text\"":\""[2015] AWLD 3680\""},{\""type\"":\""DECISION_ALTERNATE_TITLE\"",\""text\"":\""ATCO Gas and Pipelines Ltd. c. Alberta (Utilities Commission)\""},{\""type\"":\""DECISION_DOCKET_NUMBER\"",\""text\"":\""35624\""},{\""type\"":\""JURISDICTION_NAME\"",\""text\"":\""Canada (Federal)\""},{\""type\"":\""COLLECTION_NAME\"",\""text\"":\""Supreme Court of Canada\""}]"",
    ""jurisdictionId"": ""ca"",
    ""citedCount"": 100
  }
]"
https://canlii.ca/t/glr12,"[
  {
    ""id"": ""2015onscdc6578"",
    ""docType"": ""DECISION"",
    ""path"": ""/en/on/onscdc/doc/2015/2015onsc6578/2015onsc6578.html"",
    ""docTitle"": ""Reid v Criminal Injuries Compensation Board"",
    ""autoCompletions"": ""[{\""type\"":\""DECISION_NEUTRAL_CITATION\"",\""text\"":\""2015 ONSC 6578\""},{\""type\"":\""DECISION_CANLII_REFERENCE\"",\""text\"":\""2015 ONSC 6578 (CanLII)\""},{\""type\"":\""MAIN_TITLE\"",\""text\"":\""Reid v Criminal Injuries Compensation Board\""},{\""type\"":\""DECISION_DOCKET_NUMBER\"",\""text\"":\""DC-15-44-00JR\""},{\""type\"":\""JURISDICTION_NAME\"",\""text\"":\""Ontario\""},{\""type\"":\""COLLECTION_NAME\"",\""text\"":\""Divisional Court\""}]"",
    ""jurisdictionId"": ""on"",
    ""citedCount"": 34
  }
]"
https://canlii.ca/t/gm8wn,"[
  {
    ""id"": ""2015csc-scc58"",
    ""docType"": ""DECISION"",
    ""path"": ""/en/ca/scc/doc/2015/2015scc58/2015scc58.html"",
    ""docTitle"": ""B010 v. Canada (Citizenship and Immigration)"",
    ""autoCompletions"": ""[{\""type\"":\""DECISION_NEUTRAL_CITATION\"",\""text\"":\""2015 SCC 58\""},{\""type\"":\""DECISION_NEUTRAL_CITATION\"",\""text\"":\""2015 CSC 58\""},{\""type\"":\""DECISION_CANLII_REFERENCE\"",\""text\"":\""2015 SCC 58 (CanLII)\""},{\""type\"":\""DECISION_CANLII_REFERENCE\"",\""text\"":\""2015 CSC 58 (CanLII)\""},{\""type\"":\""MAIN_TITLE\"",\""text\"":\""B010 v. Canada (Citizenship and Immigration)\""},{\""type\"":\""DECISION_OFFICIAL_REPORT_REFERENCE\"",\""text\"":\""[2015] 3 SCR 704\""},{\""type\"":\""DECISION_OFFICIAL_REPORT_REFERENCE\"",\""text\"":\""[2015] 3 RCS 704\""},{\""type\"":\""DECISION_OTHER_REFERENCES\"",\""text\"":\"" REJB 2015-259071\""},{\""type\"":\""DECISION_OTHER_REFERENCES\"",\""text\"":\""390 DLR (4th) 385\""},{\""type\"":\""DECISION_OTHER_REFERENCES\"",\""text\"":\"" 478 NR 57\""},{\""type\"":\""DECISION_OTHER_REFERENCES\"",\""text\"":\"" 259 ACWS (3d) 729\""},{\""type\"":\""DECISION_OTHER_REFERENCES\"",\""text\"":\"" [2015] EXP 3370\""},{\""type\"":\""DECISION_OTHER_REFERENCES\"",\""text\"":\"" 36 Imm LR (4th) 64\""},{\""type\"":\""DECISION_OTHER_REFERENCES\"",\""text\"":\"" 92 Admin LR (5th) 1\""},{\""type\"":\""DECISION_OTHER_REFERENCES\"",\""text\"":\"" EYB 2015-259071\""},{\""type\"":\""DECISION_OTHER_REFERENCES\"",\""text\"":\"" JE 2015-1856\""},{\""type\"":\""DECISION_OTHER_REFERENCES\"",\""text\"":\"" [2015] SCJ No 58 (QL)\""},{\""type\"":\""DECISION_ALTERNATE_TITLE\"",\""text\"":\""B010 c. Canada (Citoyenneté et Immigration)\""},{\""type\"":\""DECISION_DOCKET_NUMBER\"",\""text\"":\""35677\""},{\""type\"":\""DECISION_DOCKET_NUMBER\"",\""text\"":\"" 35388\""},{\""type\"":\""DECISION_DOCKET_NUMBER\"",\""text\"":\"" 35685\""},{\""type\"":\""DECISION_DOCKET_NUMBER\"",\""text\"":\"" 35688\""},{\""type\"":\""JURISDICTION_NAME\"",\""text\"":\""Canada (Federal)\""},{\""type\"":\""COLLECTION_NAME\"",\""text\"":\""Supreme Court of Canada\""}]"",
    ""jurisdictionId"": ""ca"",
    ""citedCount"": 307
  }
]"
https://canlii.ca/t/gm8wq,"[
  {
    ""id"": ""2015csc-scc59"",
    ""docType"": ""DECISION"",
    ""path"": ""/en/ca/scc/doc/2015/2015scc59/2015scc59.html"",
    ""docTitle"": ""R. v. Appulonappa"",
    ""autoCompletions"": ""[{\""type\"":\""DECISION_NEUTRAL_CITATION\"",\""text\"":\""2015 SCC 59\""},{\""type\"":\""DECISION_NEUTRAL_CITATION\"",\""text\"":\""2015 CSC 59\""},{\""type\"":\""DECISION_CANLII_REFERENCE\"",\""text\"":\""2015 SCC 59 (CanLII)\""},{\""type\"":\""DECISION_CANLII_REFERENCE\"",\""text\"":\""2015 CSC 59 (CanLII)\""},{\""type\"":\""MAIN_TITLE\"",\""text\"":\""R. v. Appulonappa\""},{\""type\"":\""DECISION_OFFICIAL_REPORT_REFERENCE\"",\""text\"":\""[2015] 3 SCR 754\""},{\""type\"":\""DECISION_OFFICIAL_REPORT_REFERENCE\"",\""text\"":\""[2015] 3 RCS 754\""},{\""type\"":\""DECISION_OTHER_REFERENCES\"",\""text\"":\"" REJB 2015-259070\""},{\""type\"":\""DECISION_OTHER_REFERENCES\"",\""text\"":\""390 DLR (4th) 425\""},{\""type\"":\""DECISION_OTHER_REFERENCES\"",\""text\"":\"" 478 NR 3\""},{\""type\"":\""DECISION_OTHER_REFERENCES\"",\""text\"":\"" [2015] EXP 3369\""},{\""type\"":\""DECISION_OTHER_REFERENCES\"",\""text\"":\"" 24 CR (7th) 385\""},{\""type\"":\""DECISION_OTHER_REFERENCES\"",\""text\"":\"" 332 CCC (3d) 1\""},{\""type\"":\""DECISION_OTHER_REFERENCES\"",\""text\"":\"" 379 BCAC 3\""},{\""type\"":\""DECISION_OTHER_REFERENCES\"",\""text\"":\"" 128 WCB (2d) 236\""},{\""type\"":\""DECISION_OTHER_REFERENCES\"",\""text\"":\"" 345 CRR (2d) 74\""},{\""type\"":\""DECISION_OTHER_REFERENCES\"",\""text\"":\"" 35 Imm LR (4th) 171\""},{\""type\"":\""DECISION_OTHER_REFERENCES\"",\""text\"":\"" EYB 2015-259070\""},{\""type\"":\""DECISION_OTHER_REFERENCES\"",\""text\"":\"" JE 2015-1855\""},{\""type\"":\""DECISION_OTHER_REFERENCES\"",\""text\"":\"" [2015] SCJ No 59 (QL)\""},{\""type\"":\""DECISION_OTHER_REFERENCES\"",\""text\"":\"" [2015] ACS no 59\""},{\""type\"":\""DECISION_ALTERNATE_TITLE\"",\""text\"":\""R. c. Appulonappa\""},{\""type\"":\""DECISION_DOCKET_NUMBER\"",\""text\"":\""35958\""},{\""type\"":\""JURISDICTION_NAME\"",\""text\"":\""Canada (Federal)\""},{\""type\"":\""COLLECTION_NAME\"",\""text\"":\""Supreme Court of Canada\""}]"",
    ""jurisdictionId"": ""ca"",
    ""citedCount"": 188
  }
]"
https://canlii.ca/t/gmvjm,"[
  {
    ""id"": ""2016fct17"",
    ""docType"": ""DECISION"",
    ""path"": ""/en/ca/fct/doc/2016/2016fc17/2016fc17.html"",
    ""docTitle"": ""Sangmo v. Canada (Citizenship and Immigration)"",
    ""autoCompletions"": ""[{\""type\"":\""DECISION_NEUTRAL_CITATION\"",\""text\"":\""2016 FC 17\""},{\""type\"":\""DECISION_NEUTRAL_CITATION\"",\""text\"":\""2016 CF 17\""},{\""type\"":\""DECISION_CANLII_REFERENCE\"",\""text\"":\""2016 FC 17 (CanLII)\""},{\""type\"":\""DECISION_CANLII_REFERENCE\"",\""text\"":\""2016 CF 17 (CanLII)\""},{\""type\"":\""MAIN_TITLE\"",\""text\"":\""Sangmo v. Canada (Citizenship and Immigration)\""},{\""type\"":\""DECISION_OTHER_REFERENCES\"",\""text\"":\""[2016] FCJ No 14 (QL)\""},{\""type\"":\""DECISION_OTHER_REFERENCES\"",\""text\"":\""[2016] ACF No 14 (QL)\""},{\""type\"":\""DECISION_ALTERNATE_TITLE\"",\""text\"":\""Sangmo c. Canada (Citoyenneté et Immigration)\""},{\""type\"":\""DECISION_DOCKET_NUMBER\"",\""text\"":\""IMM-716-15\""},{\""type\"":\""JURISDICTION_NAME\"",\""text\"":\""Canada (Federal)\""},{\""type\"":\""COLLECTION_NAME\"",\""text\"":\""Federal Court\""}]"",
    ""jurisdictionId"": ""ca"",
    ""citedCount"": 43
  }
]"
https://canlii.ca/t/gnrhl,"[
  {
    ""id"": ""2016csc-scc8"",
    ""docType"": ""DECISION"",
    ""path"": ""/en/ca/scc/doc/2016/2016scc8/2016scc8.html"",
    ""docTitle"": ""Commission scolaire de Laval v. Syndicat de l’enseignement de la région de Laval"",
    ""autoCompletions"": ""[{\""type\"":\""DECISION_NEUTRAL_CITATION\"",\""text\"":\""2016 SCC 8\""},{\""type\"":\""DECISION_NEUTRAL_CITATION\"",\""text\"":\""2016 CSC 8\""},{\""type\"":\""DECISION_CANLII_REFERENCE\"",\""text\"":\""2016 SCC 8 (CanLII)\""},{\""type\"":\""DECISION_CANLII_REFERENCE\"",\""text\"":\""2016 CSC 8 (CanLII)\""},{\""type\"":\""MAIN_TITLE\"",\""text\"":\""Commission scolaire de Laval v. Syndicat de l’enseignement de la région de Laval\""},{\""type\"":\""DECISION_OFFICIAL_REPORT_REFERENCE\"",\""text\"":\""[2016] 1 SCR 29\""},{\""type\"":\""DECISION_OFFICIAL_REPORT_REFERENCE\"",\""text\"":\""[2016] 1 RCS 29\""},{\""type\"":\""DECISION_OTHER_REFERENCES\"",\""text\"":\""396 DLR (4th) 1\""},{\""type\"":\""DECISION_OTHER_REFERENCES\"",\""text\"":\"" 481 NR 25\""},{\""type\"":\""DECISION_OTHER_REFERENCES\"",\""text\"":\"" AZ-51264653\""},{\""type\"":\""DECISION_OTHER_REFERENCES\"",\""text\"":\"" DTE 2016T-213\""},{\""type\"":\""DECISION_OTHER_REFERENCES\"",\""text\"":\"" [2016] CarswellQue 1791\""},{\""type\"":\""DECISION_OTHER_REFERENCES\"",\""text\"":\"" [2016] FCJ No 8 (QL)\""},{\""type\"":\""DECISION_OTHER_REFERENCES\"",\""text\"":\"" [2016] SCJ No 8 (QL)\""},{\""type\"":\""DECISION_OTHER_REFERENCES\"",\""text\"":\"" [2016] ACS no 8\""},{\""type\"":\""DECISION_OTHER_REFERENCES\"",\""text\"":\"" [2016] ACF No 8 (QL)\""},{\""type\"":\""DECISION_ALTERNATE_TITLE\"",\""text\"":\""Commission scolaire de Laval c. Syndicat de l’enseignement de la région de Laval\""},{\""type\"":\""DECISION_DOCKET_NUMBER\"",\""text\"":\""35898\""},{\""type\"":\""JURISDICTION_NAME\"",\""text\"":\""Canada (Federal)\""},{\""type\"":\""COLLECTION_NAME\"",\""text\"":\""Supreme Court of Canada\""}]"",
    ""jurisdictionId"": ""ca"",
    ""citedCount"": 342
  }
]"
https://canlii.ca/t/gnt5z,"[
  {
    ""id"": ""2002qcca1000812"",
    ""docType"": ""DECISION"",
    ""path"": ""/fr/qc/qcca/doc/2002/2002canlii63702/2002canlii63702.html"",
    ""docTitle"": ""Dumas c. Mutuelle des fonctionnaires du Québec"",
    ""autoCompletions"": ""[{\""type\"":\""DECISION_CANLII_REFERENCE\"",\""text\"":\""2002 CanLII 63702 (QC CA)\""},{\""type\"":\""MAIN_TITLE\"",\""text\"":\""Dumas c. Mutuelle des fonctionnaires du Québec\""},{\""type\"":\""DECISION_OTHER_REFERENCES\"",\""text\"":\""REJB 2002-30825\""},{\""type\"":\""DECISION_OTHER_REFERENCES\"",\""text\"":\""EYB 2002-30825\""},{\""type\"":\""DECISION_DOCKET_NUMBER\"",\""text\"":\""500-09-011734-019\""},{\""type\"":\""JURISDICTION_NAME\"",\""text\"":\""Québec\""},{\""type\"":\""COLLECTION_NAME\"",\""text\"":\""Cour d'appel du Québec\""}]"",
    ""jurisdictionId"": ""qc"",
    ""citedCount"": 8
  }
]"
https://canlii.ca/t/gnv0d,"[
  {
    ""id"": ""2004qcca1000654"",
    ""docType"": ""DECISION"",
    ""path"": ""/fr/qc/qcca/doc/2004/2004canlii76694/2004canlii76694.html"",
    ""docTitle"": ""Société Asbestos limitée c. Lacroix"",
    ""autoCompletions"": ""[{\""type\"":\""DECISION_CANLII_REFERENCE\"",\""text\"":\""2004 CanLII 76694 (QC CA)\""},{\""type\"":\""MAIN_TITLE\"",\""text\"":\""Société Asbestos limitée c. Lacroix\""},{\""type\"":\""DECISION_OTHER_REFERENCES\"",\""text\"":\"" REJB 2004-70292\""},{\""type\"":\""DECISION_OTHER_REFERENCES\"",\""text\"":\""AZ-50268223\""},{\""type\"":\""DECISION_OTHER_REFERENCES\"",\""text\"":\"" DTE 2004T-954\""},{\""type\"":\""DECISION_OTHER_REFERENCES\"",\""text\"":\"" EYB 2004-70292\""},{\""type\"":\""DECISION_OTHER_REFERENCES\"",\""text\"":\"" JE 2004-1808\""},{\""type\"":\""DECISION_DOCKET_NUMBER\"",\""text\"":\""200-09-004705-049\""},{\""type\"":\""JURISDICTION_NAME\"",\""text\"":\""Québec\""},{\""type\"":\""COLLECTION_NAME\"",\""text\"":\""Cour d'appel du Québec\""}]"",
    ""jurisdictionId"": ""qc"",
    ""citedCount"": 77
  }
]"
https://canlii.ca/t/gnv6k,"[
  {
    ""id"": ""2003qcca1000749"",
    ""docType"": ""DECISION"",
    ""path"": ""/fr/qc/qcca/doc/2003/2003canlii75170/2003canlii75170.html"",
    ""docTitle"": ""New York Life Insurance Company c. Vaughan"",
    ""autoCompletions"": ""[{\""type\"":\""DECISION_CANLII_REFERENCE\"",\""text\"":\""2003 CanLII 75170 (QC CA)\""},{\""type\"":\""MAIN_TITLE\"",\""text\"":\""New York Life Insurance Company c. Vaughan\""},{\""type\"":\""DECISION_OTHER_REFERENCES\"",\""text\"":\"" REJB 2003-36932\""},{\""type\"":\""DECISION_OTHER_REFERENCES\"",\""text\"":\""AZ-50159526\""},{\""type\"":\""DECISION_OTHER_REFERENCES\"",\""text\"":\"" EYB 2003-36932\""},{\""type\"":\""DECISION_OTHER_REFERENCES\"",\""text\"":\"" JE 2003-296\""},{\""type\"":\""DECISION_DOCKET_NUMBER\"",\""text\"":\""500-09-012768-024\""},{\""type\"":\""JURISDICTION_NAME\"",\""text\"":\""Québec\""},{\""type\"":\""COLLECTION_NAME\"",\""text\"":\""Cour d'appel du Québec\""}]"",
    ""jurisdictionId"": ""qc"",
    ""citedCount"": 14
  }
]"
https://canlii.ca/t/gpfth,"[
  {
    ""id"": ""2016csc-scc12"",
    ""docType"": ""DECISION"",
    ""path"": ""/en/ca/scc/doc/2016/2016scc12/2016scc12.html"",
    ""docTitle"": ""Daniels v. Canada (Indian Affairs and Northern Development)"",
    ""autoCompletions"": ""[{\""type\"":\""DECISION_NEUTRAL_CITATION\"",\""text\"":\""2016 SCC 12\""},{\""type\"":\""DECISION_NEUTRAL_CITATION\"",\""text\"":\""2016 CSC 12\""},{\""type\"":\""DECISION_CANLII_REFERENCE\"",\""text\"":\""2016 SCC 12 (CanLII)\""},{\""type\"":\""DECISION_CANLII_REFERENCE\"",\""text\"":\""2016 CSC 12 (CanLII)\""},{\""type\"":\""MAIN_TITLE\"",\""text\"":\""Daniels v. Canada (Indian Affairs and Northern Development)\""},{\""type\"":\""DECISION_OFFICIAL_REPORT_REFERENCE\"",\""text\"":\""[2016] 1 SCR 99\""},{\""type\"":\""DECISION_OFFICIAL_REPORT_REFERENCE\"",\""text\"":\""[2016] 1 RCS 99\""},{\""type\"":\""DECISION_OTHER_REFERENCES\"",\""text\"":\"" REJB 2016-264479\""},{\""type\"":\""DECISION_OTHER_REFERENCES\"",\""text\"":\""395 DLR (4th) 381\""},{\""type\"":\""DECISION_OTHER_REFERENCES\"",\""text\"":\"" 481 NR 348\""},{\""type\"":\""DECISION_OTHER_REFERENCES\"",\""text\"":\"" 264 ACWS (3d) 552\""},{\""type\"":\""DECISION_OTHER_REFERENCES\"",\""text\"":\"" [2016] EXP 1195\""},{\""type\"":\""DECISION_OTHER_REFERENCES\"",\""text\"":\"" [2016] 3 CNLR 56\""},{\""type\"":\""DECISION_OTHER_REFERENCES\"",\""text\"":\"" 355 CRR (2d) 1\""},{\""type\"":\""DECISION_OTHER_REFERENCES\"",\""text\"":\"" [2016] CarswellNat 1037\""},{\""type\"":\""DECISION_OTHER_REFERENCES\"",\""text\"":\"" EYB 2016-264479\""},{\""type\"":\""DECISION_OTHER_REFERENCES\"",\""text\"":\"" JE 2016-643\""},{\""type\"":\""DECISION_OTHER_REFERENCES\"",\""text\"":\"" [2016] SCJ No 12 (QL)\""},{\""type\"":\""DECISION_ALTERNATE_TITLE\"",\""text\"":\""Daniels c. Canada (Affaires indiennes et du Nord canadien)\""},{\""type\"":\""DECISION_DOCKET_NUMBER\"",\""text\"":\""35945\""},{\""type\"":\""JURISDICTION_NAME\"",\""text\"":\""Canada (Federal)\""},{\""type\"":\""COLLECTION_NAME\"",\""text\"":\""Supreme Court of Canada\""}]"",
    ""jurisdictionId"": ""ca"",
    ""citedCount"": 343
  }
]"
https://canlii.ca/t/gpfw3,"[
  {
    ""id"": ""2016fca115"",
    ""docType"": ""DECISION"",
    ""path"": ""/en/ca/fca/doc/2016/2016fca115/2016fca115.html"",
    ""docTitle"": ""Lloyd v.  Canada (Attorney General)"",
    ""autoCompletions"": ""[{\""type\"":\""DECISION_NEUTRAL_CITATION\"",\""text\"":\""2016 FCA 115\""},{\""type\"":\""DECISION_NEUTRAL_CITATION\"",\""text\"":\""2016 CAF 115\""},{\""type\"":\""DECISION_CANLII_REFERENCE\"",\""text\"":\""2016 FCA 115 (CanLII)\""},{\""type\"":\""DECISION_CANLII_REFERENCE\"",\""text\"":\""2016 CAF 115 (CanLII)\""},{\""type\"":\""MAIN_TITLE\"",\""text\"":\""Lloyd v.  Canada (Attorney General)\""},{\""type\"":\""DECISION_OTHER_REFERENCES\"",\""text\"":\""265 ACWS (3d) 1036\""},{\""type\"":\""DECISION_OTHER_REFERENCES\"",\""text\"":\"" [2016] DTC 5051\""},{\""type\"":\""DECISION_ALTERNATE_TITLE\"",\""text\"":\""Lloyd c.  Canada (Procureur Général)\""},{\""type\"":\""DECISION_DOCKET_NUMBER\"",\""text\"":\""A-368-15\""},{\""type\"":\""JURISDICTION_NAME\"",\""text\"":\""Canada (Federal)\""},{\""type\"":\""COLLECTION_NAME\"",\""text\"":\""Federal Court of Appeal\""}]"",
    ""jurisdictionId"": ""ca"",
    ""citedCount"": 61
  }
]"
https://canlii.ca/t/gs78q,"[
  {
    ""id"": ""2016csc-scc25"",
    ""docType"": ""DECISION"",
    ""path"": ""/en/ca/scc/doc/2016/2016scc25/2016scc25.html"",
    ""docTitle"": ""British Columbia (Workers’ Compensation Appeal Tribunal) v. Fraser Health Authority"",
    ""autoCompletions"": ""[{\""type\"":\""DECISION_NEUTRAL_CITATION\"",\""text\"":\""2016 SCC 25\""},{\""type\"":\""DECISION_NEUTRAL_CITATION\"",\""text\"":\""2016 CSC 25\""},{\""type\"":\""DECISION_CANLII_REFERENCE\"",\""text\"":\""2016 SCC 25 (CanLII)\""},{\""type\"":\""DECISION_CANLII_REFERENCE\"",\""text\"":\""2016 CSC 25 (CanLII)\""},{\""type\"":\""MAIN_TITLE\"",\""text\"":\""British Columbia (Workers’ Compensation Appeal Tribunal) v. Fraser Health Authority\""},{\""type\"":\""DECISION_OFFICIAL_REPORT_REFERENCE\"",\""text\"":\""[2016] 1 SCR 587\""},{\""type\"":\""DECISION_OFFICIAL_REPORT_REFERENCE\"",\""text\"":\""[2016] 1 RCS 587\""},{\""type\"":\""DECISION_OTHER_REFERENCES\"",\""text\"":\""388 BCAC 69\""},{\""type\"":\""DECISION_ALTERNATE_TITLE\"",\""text\"":\""Colombie‑Britannique (Workers’ Compensation Appeal Tribunal) c. Fraser Health Authority\""},{\""type\"":\""DECISION_DOCKET_NUMBER\"",\""text\"":\""36300\""},{\""type\"":\""JURISDICTION_NAME\"",\""text\"":\""Canada (Federal)\""},{\""type\"":\""COLLECTION_NAME\"",\""text\"":\""Supreme Court of Canada\""}]"",
    ""jurisdictionId"": ""ca"",
    ""citedCount"": 636
  }
]"
https://canlii.ca/t/gsds3,"[
  {
    ""id"": ""2016csc-scc27"",
    ""docType"": ""DECISION"",
    ""path"": ""/en/ca/scc/doc/2016/2016scc27/2016scc27.html"",
    ""docTitle"": ""R. v. Jordan"",
    ""autoCompletions"": ""[{\""type\"":\""DECISION_NEUTRAL_CITATION\"",\""text\"":\""2016 SCC 27\""},{\""type\"":\""DECISION_NEUTRAL_CITATION\"",\""text\"":\""2016 CSC 27\""},{\""type\"":\""DECISION_CANLII_REFERENCE\"",\""text\"":\""2016 SCC 27 (CanLII)\""},{\""type\"":\""DECISION_CANLII_REFERENCE\"",\""text\"":\""2016 CSC 27 (CanLII)\""},{\""type\"":\""MAIN_TITLE\"",\""text\"":\""R. v. Jordan\""},{\""type\"":\""DECISION_OFFICIAL_REPORT_REFERENCE\"",\""text\"":\""[2016] 1 SCR 631\""},{\""type\"":\""DECISION_OFFICIAL_REPORT_REFERENCE\"",\""text\"":\""[2016] 1 RCS 631\""},{\""type\"":\""DECISION_OTHER_REFERENCES\"",\""text\"":\"" REJB 2016-267713\""},{\""type\"":\""DECISION_OTHER_REFERENCES\"",\""text\"":\""398 DLR (4th) 381\""},{\""type\"":\""DECISION_OTHER_REFERENCES\"",\""text\"":\"" AZ-51302609\""},{\""type\"":\""DECISION_OTHER_REFERENCES\"",\""text\"":\"" [2016] EXP 2173\""},{\""type\"":\""DECISION_OTHER_REFERENCES\"",\""text\"":\"" 29 CR (7th) 235\""},{\""type\"":\""DECISION_OTHER_REFERENCES\"",\""text\"":\"" 335 CCC (3d) 403\""},{\""type\"":\""DECISION_OTHER_REFERENCES\"",\""text\"":\"" 388 BCAC 111\""},{\""type\"":\""DECISION_OTHER_REFERENCES\"",\""text\"":\"" 130 WCB (2d) 596\""},{\""type\"":\""DECISION_OTHER_REFERENCES\"",\""text\"":\"" 358 CRR (2d) 97\""},{\""type\"":\""DECISION_OTHER_REFERENCES\"",\""text\"":\"" [2016] CarswellBC 1864\""},{\""type\"":\""DECISION_OTHER_REFERENCES\"",\""text\"":\"" EYB 2016-267713\""},{\""type\"":\""DECISION_OTHER_REFERENCES\"",\""text\"":\"" JE 2016-1212\""},{\""type\"":\""DECISION_OTHER_REFERENCES\"",\""text\"":\"" [2016] SCJ No 27 (QL)\""},{\""type\"":\""DECISION_OTHER_REFERENCES\"",\""text\"":\"" [2016] ACS no 27\""},{\""type\"":\""DECISION_ALTERNATE_TITLE\"",\""text\"":\""R. c. Jordan\""},{\""type\"":\""DECISION_DOCKET_NUMBER\"",\""text\"":\""36068\""},{\""type\"":\""JURISDICTION_NAME\"",\""text\"":\""Canada (Federal)\""},{\""type\"":\""COLLECTION_NAME\"",\""text\"":\""Supreme Court of Canada\""}]"",
    ""jurisdictionId"": ""ca"",
    ""citedCount"": 3746
  }
]"
https://canlii.ca/t/gsh2f,"[
  {
    ""id"": ""2016csc-scc29"",
    ""docType"": ""DECISION"",
    ""path"": ""/en/ca/scc/doc/2016/2016scc29/2016scc29.html"",
    ""docTitle"": ""Wilson v. Atomic Energy of Canada Ltd."",
    ""autoCompletions"": ""[{\""type\"":\""DECISION_NEUTRAL_CITATION\"",\""text\"":\""2016 SCC 29\""},{\""type\"":\""DECISION_NEUTRAL_CITATION\"",\""text\"":\""2016 CSC 29\""},{\""type\"":\""DECISION_CANLII_REFERENCE\"",\""text\"":\""2016 SCC 29 (CanLII)\""},{\""type\"":\""DECISION_CANLII_REFERENCE\"",\""text\"":\""2016 CSC 29 (CanLII)\""},{\""type\"":\""MAIN_TITLE\"",\""text\"":\""Wilson v. Atomic Energy of Canada Ltd.\""},{\""type\"":\""DECISION_OFFICIAL_REPORT_REFERENCE\"",\""text\"":\""[2016] 1 SCR 770\""},{\""type\"":\""DECISION_OFFICIAL_REPORT_REFERENCE\"",\""text\"":\""[2016] 1 RCS 770\""},{\""type\"":\""DECISION_OTHER_REFERENCES\"",\""text\"":\""399 DLR (4th) 193\""},{\""type\"":\""DECISION_OTHER_REFERENCES\"",\""text\"":\"" [2016] SCJ No 29 (QL)\""},{\""type\"":\""DECISION_ALTERNATE_TITLE\"",\""text\"":\""Wilson c. Énergie Atomique du Canada Ltée\""},{\""type\"":\""DECISION_DOCKET_NUMBER\"",\""text\"":\""36354\""},{\""type\"":\""JURISDICTION_NAME\"",\""text\"":\""Canada (Federal)\""},{\""type\"":\""COLLECTION_NAME\"",\""text\"":\""Supreme Court of Canada\""}]"",
    ""jurisdictionId"": ""ca"",
    ""citedCount"": 385
  }
]"
https://canlii.ca/t/gtw6r,"[
  {
    ""id"": ""2016csc-scc38"",
    ""docType"": ""DECISION"",
    ""path"": ""/en/ca/scc/doc/2016/2016scc38/2016scc38.html"",
    ""docTitle"": ""Canada (Attorney General) v. Igloo Vikski Inc."",
    ""autoCompletions"": ""[{\""type\"":\""DECISION_NEUTRAL_CITATION\"",\""text\"":\""2016 SCC 38\""},{\""type\"":\""DECISION_NEUTRAL_CITATION\"",\""text\"":\""2016 CSC 38\""},{\""type\"":\""DECISION_CANLII_REFERENCE\"",\""text\"":\""2016 SCC 38 (CanLII)\""},{\""type\"":\""DECISION_CANLII_REFERENCE\"",\""text\"":\""2016 CSC 38 (CanLII)\""},{\""type\"":\""MAIN_TITLE\"",\""text\"":\""Canada (Attorney General) v. Igloo Vikski Inc.\""},{\""type\"":\""DECISION_OFFICIAL_REPORT_REFERENCE\"",\""text\"":\""[2016] 2 SCR 80\""},{\""type\"":\""DECISION_OFFICIAL_REPORT_REFERENCE\"",\""text\"":\""[2016] 2 RCS 80\""},{\""type\"":\""DECISION_ALTERNATE_TITLE\"",\""text\"":\""Canada (Procureur général) c. Igloo Vikski Inc.\""},{\""type\"":\""DECISION_DOCKET_NUMBER\"",\""text\"":\""36258\""},{\""type\"":\""JURISDICTION_NAME\"",\""text\"":\""Canada (Federal)\""},{\""type\"":\""COLLECTION_NAME\"",\""text\"":\""Supreme Court of Canada\""}]"",
    ""jurisdictionId"": ""ca"",
    ""citedCount"": 242
  }
]"
https://canlii.ca/t/gvjqr,"[
  {
    ""id"": ""2016csc-scc47"",
    ""docType"": ""DECISION"",
    ""path"": ""/en/ca/scc/doc/2016/2016scc47/2016scc47.html"",
    ""docTitle"": ""Edmonton (City) v. Edmonton East (Capilano) Shopping Centres Ltd."",
    ""autoCompletions"": ""[{\""type\"":\""DECISION_NEUTRAL_CITATION\"",\""text\"":\""2016 SCC 47\""},{\""type\"":\""DECISION_NEUTRAL_CITATION\"",\""text\"":\""2016 CSC 47\""},{\""type\"":\""DECISION_CANLII_REFERENCE\"",\""text\"":\""2016 SCC 47 (CanLII)\""},{\""type\"":\""DECISION_CANLII_REFERENCE\"",\""text\"":\""2016 CSC 47 (CanLII)\""},{\""type\"":\""MAIN_TITLE\"",\""text\"":\""Edmonton (City) v. Edmonton East (Capilano) Shopping Centres Ltd.\""},{\""type\"":\""DECISION_OFFICIAL_REPORT_REFERENCE\"",\""text\"":\""[2016] 2 SCR 293\""},{\""type\"":\""DECISION_OFFICIAL_REPORT_REFERENCE\"",\""text\"":\""[2016] 2 RCS 293\""},{\""type\"":\""DECISION_OTHER_REFERENCES\"",\""text\"":\"" REJB 2016-272231\""},{\""type\"":\""DECISION_OTHER_REFERENCES\"",\""text\"":\""402 DLR (4th) 236\""},{\""type\"":\""DECISION_OTHER_REFERENCES\"",\""text\"":\"" 271 ACWS (3d) 419\""},{\""type\"":\""DECISION_OTHER_REFERENCES\"",\""text\"":\"" [2016] 12 WWR 215\""},{\""type\"":\""DECISION_OTHER_REFERENCES\"",\""text\"":\"" AZ-51338713\""},{\""type\"":\""DECISION_OTHER_REFERENCES\"",\""text\"":\"" [2016] EXP 3450\""},{\""type\"":\""DECISION_OTHER_REFERENCES\"",\""text\"":\"" 8 Admin LR (6th) 179\""},{\""type\"":\""DECISION_OTHER_REFERENCES\"",\""text\"":\"" EYB 2016-272231\""},{\""type\"":\""DECISION_OTHER_REFERENCES\"",\""text\"":\"" JE 2016-1878\""},{\""type\"":\""DECISION_OTHER_REFERENCES\"",\""text\"":\"" [2016] SCJ No 47 (QL)\""},{\""type\"":\""DECISION_OTHER_REFERENCES\"",\""text\"":\"" 54 MPLR (5th) 1\""},{\""type\"":\""DECISION_ALTERNATE_TITLE\"",\""text\"":\""Edmonton (Ville) c. Edmonton East (Capilano) Shopping Centres Ltd.\""},{\""type\"":\""DECISION_DOCKET_NUMBER\"",\""text\"":\""36403\""},{\""type\"":\""JURISDICTION_NAME\"",\""text\"":\""Canada (Federal)\""},{\""type\"":\""COLLECTION_NAME\"",\""text\"":\""Supreme Court of Canada\""}]"",
    ""jurisdictionId"": ""ca"",
    ""citedCount"": 574
  }
]"
https://canlii.ca/t/gvskr,"[
  {
    ""id"": ""2016csc-scc53"",
    ""docType"": ""DECISION"",
    ""path"": ""/en/ca/scc/doc/2016/2016scc53/2016scc53.html"",
    ""docTitle"": ""Alberta (Information and Privacy Commissioner) v. University of Calgary"",
    ""autoCompletions"": ""[{\""type\"":\""DECISION_NEUTRAL_CITATION\"",\""text\"":\""2016 SCC 53\""},{\""type\"":\""DECISION_NEUTRAL_CITATION\"",\""text\"":\""2016 CSC 53\""},{\""type\"":\""DECISION_CANLII_REFERENCE\"",\""text\"":\""2016 SCC 53 (CanLII)\""},{\""type\"":\""DECISION_CANLII_REFERENCE\"",\""text\"":\""2016 CSC 53 (CanLII)\""},{\""type\"":\""MAIN_TITLE\"",\""text\"":\""Alberta (Information and Privacy Commissioner) v. University of Calgary\""},{\""type\"":\""DECISION_OFFICIAL_REPORT_REFERENCE\"",\""text\"":\""[2016] 2 SCR 555\""},{\""type\"":\""DECISION_OFFICIAL_REPORT_REFERENCE\"",\""text\"":\""[2016] 2 RCS 555\""},{\""type\"":\""DECISION_OTHER_REFERENCES\"",\""text\"":\""403 DLR (4th) 1\""},{\""type\"":\""DECISION_OTHER_REFERENCES\"",\""text\"":\"" [2017] 1 WWR 1\""},{\""type\"":\""DECISION_OTHER_REFERENCES\"",\""text\"":\"" JE 2016-2024\""},{\""type\"":\""DECISION_OTHER_REFERENCES\"",\""text\"":\"" [2016] SCJ No 53 (QL)\""},{\""type\"":\""DECISION_ALTERNATE_TITLE\"",\""text\"":\""Alberta (Information and Privacy Commissioner) c. University of Calgary\""},{\""type\"":\""DECISION_DOCKET_NUMBER\"",\""text\"":\""36460\""},{\""type\"":\""JURISDICTION_NAME\"",\""text\"":\""Canada (Federal)\""},{\""type\"":\""COLLECTION_NAME\"",\""text\"":\""Supreme Court of Canada\""}]"",
    ""jurisdictionId"": ""ca"",
    ""citedCount"": 409
  }
]"
https://canlii.ca/t/gvw9w,"[
  {
    ""id"": ""2016qcca1931"",
    ""docType"": ""DECISION"",
    ""path"": ""/fr/qc/qcca/doc/2016/2016qcca1931/2016qcca1931.html"",
    ""docTitle"": ""Montréal (Ville de) c. Lours"",
    ""autoCompletions"": ""[{\""type\"":\""DECISION_NEUTRAL_CITATION\"",\""text\"":\""2016 QCCA 1931\""},{\""type\"":\""DECISION_CANLII_REFERENCE\"",\""text\"":\""2016 QCCA 1931 (CanLII)\""},{\""type\"":\""MAIN_TITLE\"",\""text\"":\""Montréal (Ville de) c. Lours\""},{\""type\"":\""DECISION_OTHER_REFERENCES\"",\""text\"":\""JE 2016-2133\""},{\""type\"":\""DECISION_DOCKET_NUMBER\"",\""text\"":\""500-09-026380-162\""},{\""type\"":\""JURISDICTION_NAME\"",\""text\"":\""Québec\""},{\""type\"":\""COLLECTION_NAME\"",\""text\"":\""Cour d'appel du Québec\""}]"",
    ""jurisdictionId"": ""qc"",
    ""citedCount"": 14
  }
]"
https://canlii.ca/t/gw2bc,"[
  {
    ""id"": ""2016qcca2011"",
    ""docType"": ""DECISION"",
    ""path"": ""/en/qc/qcca/doc/2016/2016qcca2011/2016qcca2011.html"",
    ""docTitle"": ""Friedrich c. Friedrich"",
    ""autoCompletions"": ""[{\""type\"":\""DECISION_NEUTRAL_CITATION\"",\""text\"":\""2016 QCCA 2011\""},{\""type\"":\""DECISION_CANLII_REFERENCE\"",\""text\"":\""2016 QCCA 2011 (CanLII)\""},{\""type\"":\""MAIN_TITLE\"",\""text\"":\""Friedrich c. Friedrich\""},{\""type\"":\""DECISION_DOCKET_NUMBER\"",\""text\"":\""500-09-026474-163\""},{\""type\"":\""JURISDICTION_NAME\"",\""text\"":\""Quebec\""},{\""type\"":\""COLLECTION_NAME\"",\""text\"":\""Court of Appeal of Quebec\""}]"",
    ""jurisdictionId"": ""qc"",
    ""citedCount"": 6
  }
]"
https://canlii.ca/t/gw9j1,"[
  {
    ""id"": ""1933csc-scc1000064"",
    ""docType"": ""DECISION"",
    ""path"": ""/en/ca/scc/doc/1933/1933canlii372/1933canlii372.html"",
    ""docTitle"": ""C.N.R. v. Muller"",
    ""autoCompletions"": ""[{\""type\"":\""DECISION_CANLII_REFERENCE\"",\""text\"":\""1933 CanLII 372 (SCC)\""},{\""type\"":\""MAIN_TITLE\"",\""text\"":\""C.N.R. v. Muller\""},{\""type\"":\""DECISION_OTHER_REFERENCES\"",\""text\"":\""[1934] 1 DLR 768\""},{\""type\"":\""DECISION_OTHER_REFERENCES\"",\""text\"":\"" 41 CRC 329\""},{\""type\"":\""JURISDICTION_NAME\"",\""text\"":\""Canada (Federal)\""},{\""type\"":\""COLLECTION_NAME\"",\""text\"":\""Supreme Court of Canada\""}]"",
    ""jurisdictionId"": ""ca"",
    ""citedCount"": 48
  }
]"
https://canlii.ca/t/gwhlq,"[
  {
    ""id"": ""1978bcsc1000191"",
    ""docType"": ""DECISION"",
    ""path"": ""/en/bc/bcsc/doc/1978/1978canlii2063/1978canlii2063.html"",
    ""docTitle"": ""Taylor et al. v. The Queen in Right of British Columbia et al.; Ankenman et al., Third Parties"",
    ""autoCompletions"": ""[{\""type\"":\""DECISION_CANLII_REFERENCE\"",\""text\"":\""1978 CanLII 2063 (BC SC)\""},{\""type\"":\""MAIN_TITLE\"",\""text\"":\""Taylor et al. v. The Queen in Right of British Columbia et al.; Ankenman et al., Third Parties\""},{\""type\"":\""DECISION_OTHER_REFERENCES\"",\""text\"":\""95 DLR (3d) 82\""},{\""type\"":\""JURISDICTION_NAME\"",\""text\"":\""British Columbia\""},{\""type\"":\""COLLECTION_NAME\"",\""text\"":\""Supreme Court of British Columbia\""}]"",
    ""jurisdictionId"": ""bc"",
    ""citedCount"": 11
  }
]"
https://canlii.ca/t/gwqns,"[
  {
    ""id"": ""2016qcca2108"",
    ""docType"": ""DECISION"",
    ""path"": ""/fr/qc/qcca/doc/2016/2016qcca2108/2016qcca2108.html"",
    ""docTitle"": ""Procureure générale du Québec c. Ville de Montréal"",
    ""autoCompletions"": ""[{\""type\"":\""DECISION_NEUTRAL_CITATION\"",\""text\"":\""2016 QCCA 2108\""},{\""type\"":\""DECISION_CANLII_REFERENCE\"",\""text\"":\""2016 QCCA 2108 (CanLII)\""},{\""type\"":\""MAIN_TITLE\"",\""text\"":\""Procureure générale du Québec c. Ville de Montréal\""},{\""type\"":\""DECISION_OTHER_REFERENCES\"",\""text\"":\""17 Admin LR (6th) 328\""},{\""type\"":\""DECISION_DOCKET_NUMBER\"",\""text\"":\""500-09-025563-156\""},{\""type\"":\""JURISDICTION_NAME\"",\""text\"":\""Québec\""},{\""type\"":\""COLLECTION_NAME\"",\""text\"":\""Cour d'appel du Québec\""}]"",
    ""jurisdictionId"": ""qc"",
    ""citedCount"": 19
  }
]"
https://canlii.ca/t/gws4d,"[
  {
    ""id"": ""2017fca1"",
    ""docType"": ""DECISION"",
    ""path"": ""/en/ca/fca/doc/2017/2017fca1/2017fca1.html"",
    ""docTitle"": ""Taman v. Canada (Attorney General)"",
    ""autoCompletions"": ""[{\""type\"":\""DECISION_NEUTRAL_CITATION\"",\""text\"":\""2017 FCA 1\""},{\""type\"":\""DECISION_NEUTRAL_CITATION\"",\""text\"":\""2017 CAF 1\""},{\""type\"":\""DECISION_CANLII_REFERENCE\"",\""text\"":\""2017 FCA 1 (CanLII)\""},{\""type\"":\""DECISION_CANLII_REFERENCE\"",\""text\"":\""2017 CAF 1 (CanLII)\""},{\""type\"":\""MAIN_TITLE\"",\""text\"":\""Taman v. Canada (Attorney General)\""},{\""type\"":\""DECISION_OFFICIAL_REPORT_REFERENCE\"",\""text\"":\""[2017] 3 FCR 520\""},{\""type\"":\""DECISION_OFFICIAL_REPORT_REFERENCE\"",\""text\"":\""[2017] 3 RCF 520\""},{\""type\"":\""DECISION_OTHER_REFERENCES\"",\""text\"":\""[2017] FCJ No 7 (QL)\""},{\""type\"":\""DECISION_OTHER_REFERENCES\"",\""text\"":\""[2017] ACF No 7 (QL)\""},{\""type\"":\""DECISION_ALTERNATE_TITLE\"",\""text\"":\""Taman c. Canada (Procureur général)\""},{\""type\"":\""DECISION_DOCKET_NUMBER\"",\""text\"":\""A-487-15\""},{\""type\"":\""JURISDICTION_NAME\"",\""text\"":\""Canada (Federal)\""},{\""type\"":\""COLLECTION_NAME\"",\""text\"":\""Federal Court of Appeal\""}]"",
    ""jurisdictionId"": ""ca"",
    ""citedCount"": 44
  }
]"
https://canlii.ca/t/gwsrm,"[
  {
    ""id"": ""2017nssc11"",
    ""docType"": ""DECISION"",
    ""path"": ""/en/ns/nssc/doc/2017/2017canlii342/2017canlii342.html"",
    ""docTitle"": ""Wright v. Nova Scotia (Human Rights Commission)"",
    ""autoCompletions"": ""[{\""type\"":\""DECISION_NEUTRAL_CITATION\"",\""text\"":\""2017 NSSC 11\""},{\""type\"":\""DECISION_CANLII_REFERENCE\"",\""text\"":\""2017 NSSC 11 (CanLII)\""},{\""type\"":\""MAIN_TITLE\"",\""text\"":\""Wright v. Nova Scotia (Human Rights Commission)\""},{\""type\"":\""DECISION_OTHER_REFERENCES\"",\""text\"":\""23 Admin LR (6th) 110\""},{\""type\"":\""DECISION_OTHER_REFERENCES\"",\""text\"":\"" 85 CHRR 48\""},{\""type\"":\""DECISION_DOCKET_NUMBER\"",\""text\"":\""453841\""},{\""type\"":\""JURISDICTION_NAME\"",\""text\"":\""Nova Scotia\""},{\""type\"":\""COLLECTION_NAME\"",\""text\"":\""Supreme Court of Nova Scotia\""}]"",
    ""jurisdictionId"": ""ns"",
    ""citedCount"": 42
  }
]"
https://canlii.ca/t/h0prs,"[
  {
    ""id"": ""2017fca45"",
    ""docType"": ""DECISION"",
    ""path"": ""/en/ca/fca/doc/2017/2017fca45/2017fca45.html"",
    ""docTitle"": ""Maple Lodge Farms Ltd. v. Canada (Food Inspection Agency)"",
    ""autoCompletions"": ""[{\""type\"":\""DECISION_NEUTRAL_CITATION\"",\""text\"":\""2017 FCA 45\""},{\""type\"":\""DECISION_NEUTRAL_CITATION\"",\""text\"":\""2017 CAF 45\""},{\""type\"":\""DECISION_CANLII_REFERENCE\"",\""text\"":\""2017 FCA 45 (CanLII)\""},{\""type\"":\""DECISION_CANLII_REFERENCE\"",\""text\"":\""2017 CAF 45 (CanLII)\""},{\""type\"":\""MAIN_TITLE\"",\""text\"":\""Maple Lodge Farms Ltd. v. Canada (Food Inspection Agency)\""},{\""type\"":\""DECISION_OTHER_REFERENCES\"",\""text\"":\""411 DLR (4th) 175\""},{\""type\"":\""DECISION_OTHER_REFERENCES\"",\""text\"":\"" [2017] FCJ No 241 (QL)\""},{\""type\"":\""DECISION_OTHER_REFERENCES\"",\""text\"":\"" [2017] ACF No 241 (QL)\""},{\""type\"":\""DECISION_ALTERNATE_TITLE\"",\""text\"":\""Maple Lodge Farms Ltd. c. Canada (Agence d'inspection des aliments)\""},{\""type\"":\""DECISION_DOCKET_NUMBER\"",\""text\"":\""A-113-16\""},{\""type\"":\""JURISDICTION_NAME\"",\""text\"":\""Canada (Federal)\""},{\""type\"":\""COLLECTION_NAME\"",\""text\"":\""Federal Court of Appeal\""}]"",
    ""jurisdictionId"": ""ca"",
    ""citedCount"": 93
  }
]"
https://canlii.ca/t/h2wx1,"[
  {
    ""id"": ""2017csc-scc20"",
    ""docType"": ""DECISION"",
    ""path"": ""/en/ca/scc/doc/2017/2017scc20/2017scc20.html"",
    ""docTitle"": ""Green v. Law Society of Manitoba"",
    ""autoCompletions"": ""[{\""type\"":\""DECISION_NEUTRAL_CITATION\"",\""text\"":\""2017 SCC 20\""},{\""type\"":\""DECISION_NEUTRAL_CITATION\"",\""text\"":\""2017 CSC 20\""},{\""type\"":\""DECISION_CANLII_REFERENCE\"",\""text\"":\""2017 SCC 20 (CanLII)\""},{\""type\"":\""DECISION_CANLII_REFERENCE\"",\""text\"":\""2017 CSC 20 (CanLII)\""},{\""type\"":\""MAIN_TITLE\"",\""text\"":\""Green v. Law Society of Manitoba\""},{\""type\"":\""DECISION_OFFICIAL_REPORT_REFERENCE\"",\""text\"":\""[2017] 1 SCR 360\""},{\""type\"":\""DECISION_OFFICIAL_REPORT_REFERENCE\"",\""text\"":\""[2017] 1 RCS 360\""},{\""type\"":\""DECISION_OTHER_REFERENCES\"",\""text\"":\"" REJB 2017-277812\""},{\""type\"":\""DECISION_OTHER_REFERENCES\"",\""text\"":\""407 DLR (4th) 573\""},{\""type\"":\""DECISION_OTHER_REFERENCES\"",\""text\"":\"" 276 ACWS (3d) 728\""},{\""type\"":\""DECISION_OTHER_REFERENCES\"",\""text\"":\"" [2017] 5 WWR 1\""},{\""type\"":\""DECISION_OTHER_REFERENCES\"",\""text\"":\"" [2017] EXP 1007\""},{\""type\"":\""DECISION_OTHER_REFERENCES\"",\""text\"":\"" 18 Admin LR (6th) 107\""},{\""type\"":\""DECISION_OTHER_REFERENCES\"",\""text\"":\"" 6 CPC (8th) 225\""},{\""type\"":\""DECISION_OTHER_REFERENCES\"",\""text\"":\"" EYB 2017-277812\""},{\""type\"":\""DECISION_OTHER_REFERENCES\"",\""text\"":\"" [2017] SCJ No 20 (QL)\""},{\""type\"":\""DECISION_OTHER_REFERENCES\"",\""text\"":\"" [2017] ACS no 20\""},{\""type\"":\""DECISION_ALTERNATE_TITLE\"",\""text\"":\""Green c. Société du Barreau du Manitoba\""},{\""type\"":\""DECISION_DOCKET_NUMBER\"",\""text\"":\""36583\""},{\""type\"":\""JURISDICTION_NAME\"",\""text\"":\""Canada (Federal)\""},{\""type\"":\""COLLECTION_NAME\"",\""text\"":\""Supreme Court of Canada\""}]"",
    ""jurisdictionId"": ""ca"",
    ""citedCount"": 193
  }
]"
https://canlii.ca/t/h38cq,"[
  {
    ""id"": ""2017onca319"",
    ""docType"": ""DECISION"",
    ""path"": ""/en/on/onca/doc/2017/2017onca319/2017onca319.html"",
    ""docTitle"": ""Gehl v. Canada (Attorney General)"",
    ""autoCompletions"": ""[{\""type\"":\""DECISION_NEUTRAL_CITATION\"",\""text\"":\""2017 ONCA 319\""},{\""type\"":\""DECISION_CANLII_REFERENCE\"",\""text\"":\""2017 ONCA 319 (CanLII)\""},{\""type\"":\""MAIN_TITLE\"",\""text\"":\""Gehl v. Canada (Attorney General)\""},{\""type\"":\""DECISION_OTHER_REFERENCES\"",\""text\"":\""138 OR (3d) 52\""},{\""type\"":\""DECISION_OTHER_REFERENCES\"",\""text\"":\"" 413 DLR (4th) 1\""},{\""type\"":\""DECISION_OTHER_REFERENCES\"",\""text\"":\"" 280 ACWS (3d) 2\""},{\""type\"":\""DECISION_OTHER_REFERENCES\"",\""text\"":\"" 19 Admin LR (6th) 251\""},{\""type\"":\""DECISION_OTHER_REFERENCES\"",\""text\"":\"" [2017] 3 CNLR 103\""},{\""type\"":\""DECISION_OTHER_REFERENCES\"",\""text\"":\"" 382 CRR (2d) 10\""},{\""type\"":\""DECISION_OTHER_REFERENCES\"",\""text\"":\"" [2017] OJ No 1943 (QL)\""},{\""type\"":\""DECISION_DOCKET_NUMBER\"",\""text\"":\""C60706\""},{\""type\"":\""JURISDICTION_NAME\"",\""text\"":\""Ontario\""},{\""type\"":\""COLLECTION_NAME\"",\""text\"":\""Court of Appeal for Ontario\""}]"",
    ""jurisdictionId"": ""on"",
    ""citedCount"": 92
  }
]"
https://canlii.ca/t/h4j13,"[
  {
    ""id"": ""2017fca132"",
    ""docType"": ""DECISION"",
    ""path"": ""/en/ca/fca/doc/2017/2017fca132/2017fca132.html"",
    ""docTitle"": ""Vavilov v. Canada (Citizenship and Immigration)"",
    ""autoCompletions"": ""[{\""type\"":\""DECISION_NEUTRAL_CITATION\"",\""text\"":\""2017 FCA 132\""},{\""type\"":\""DECISION_NEUTRAL_CITATION\"",\""text\"":\""2017 CAF 132\""},{\""type\"":\""DECISION_CANLII_REFERENCE\"",\""text\"":\""2017 FCA 132 (CanLII)\""},{\""type\"":\""DECISION_CANLII_REFERENCE\"",\""text\"":\""2017 CAF 132 (CanLII)\""},{\""type\"":\""MAIN_TITLE\"",\""text\"":\""Vavilov v. Canada (Citizenship and Immigration)\""},{\""type\"":\""DECISION_OFFICIAL_REPORT_REFERENCE\"",\""text\"":\""[2018] 3 FCR 75\""},{\""type\"":\""DECISION_OFFICIAL_REPORT_REFERENCE\"",\""text\"":\""[2018] 3 RCF 75\""},{\""type\"":\""DECISION_OTHER_REFERENCES\"",\""text\"":\""281 ACWS (3d) 472\""},{\""type\"":\""DECISION_OTHER_REFERENCES\"",\""text\"":\"" 30 Admin LR (6th) 1\""},{\""type\"":\""DECISION_OTHER_REFERENCES\"",\""text\"":\"" 52 Imm LR (4th) 1\""},{\""type\"":\""DECISION_OTHER_REFERENCES\"",\""text\"":\"" [2017] CarswellNat 2791\""},{\""type\"":\""DECISION_OTHER_REFERENCES\"",\""text\"":\"" [2017] FCJ No 638 (QL)\""},{\""type\"":\""DECISION_OTHER_REFERENCES\"",\""text\"":\"" [2017] ACF No 638 (QL)\""},{\""type\"":\""DECISION_ALTERNATE_TITLE\"",\""text\"":\""Vavilov c. Canada (Citoyenneté et Immigration)\""},{\""type\"":\""DECISION_DOCKET_NUMBER\"",\""text\"":\""A-394-15\""},{\""type\"":\""JURISDICTION_NAME\"",\""text\"":\""Canada (Federal)\""},{\""type\"":\""COLLECTION_NAME\"",\""text\"":\""Federal Court of Appeal\""}]"",
    ""jurisdictionId"": ""ca"",
    ""citedCount"": 81
  }
]"
https://canlii.ca/t/h51gv,"[
  {
    ""id"": ""2017csc-scc40"",
    ""docType"": ""DECISION"",
    ""path"": ""/en/ca/scc/doc/2017/2017scc40/2017scc40.html"",
    ""docTitle"": ""Clyde River (Hamlet) v. Petroleum Geo‑Services Inc."",
    ""autoCompletions"": ""[{\""type\"":\""DECISION_NEUTRAL_CITATION\"",\""text\"":\""2017 SCC 40\""},{\""type\"":\""DECISION_NEUTRAL_CITATION\"",\""text\"":\""2017 CSC 40\""},{\""type\"":\""DECISION_CANLII_REFERENCE\"",\""text\"":\""2017 SCC 40 (CanLII)\""},{\""type\"":\""DECISION_CANLII_REFERENCE\"",\""text\"":\""2017 CSC 40 (CanLII)\""},{\""type\"":\""MAIN_TITLE\"",\""text\"":\""Clyde River (Hamlet) v. Petroleum Geo‑Services Inc.\""},{\""type\"":\""DECISION_OFFICIAL_REPORT_REFERENCE\"",\""text\"":\""[2017] 1 SCR 1069\""},{\""type\"":\""DECISION_OFFICIAL_REPORT_REFERENCE\"",\""text\"":\""[2017] 1 RCS 1069\""},{\""type\"":\""DECISION_OTHER_REFERENCES\"",\""text\"":\""411 DLR (4th) 571\""},{\""type\"":\""DECISION_OTHER_REFERENCES\"",\""text\"":\"" [2017] SCJ No 40 (QL)\""},{\""type\"":\""DECISION_OTHER_REFERENCES\"",\""text\"":\"" [2017] ACS no 40\""},{\""type\"":\""DECISION_ALTERNATE_TITLE\"",\""text\"":\""Clyde River (Hameau) c. Petroleum Geo‑Services Inc.\""},{\""type\"":\""DECISION_DOCKET_NUMBER\"",\""text\"":\""36692\""},{\""type\"":\""JURISDICTION_NAME\"",\""text\"":\""Canada (Federal)\""},{\""type\"":\""COLLECTION_NAME\"",\""text\"":\""Supreme Court of Canada\""}]"",
    ""jurisdictionId"": ""ca"",
    ""citedCount"": 207
  }
]"
https://canlii.ca/t/h5jxb,"[
  {
    ""id"": ""2017nbqb103"",
    ""docType"": ""DECISION"",
    ""path"": ""/en/nb/nbqb/doc/2017/2017nbqb103/2017nbqb103.html"",
    ""docTitle"": ""J.D. Irving v Southern New Brunswick Forest Products Marketing Board et al"",
    ""autoCompletions"": ""[{\""type\"":\""DECISION_NEUTRAL_CITATION\"",\""text\"":\""2017 NBQB 103\""},{\""type\"":\""DECISION_NEUTRAL_CITATION\"",\""text\"":\""2017 NBBR 103\""},{\""type\"":\""DECISION_CANLII_REFERENCE\"",\""text\"":\""2017 NBQB 103 (CanLII)\""},{\""type\"":\""DECISION_CANLII_REFERENCE\"",\""text\"":\""2017 NBBR 103 (CanLII)\""},{\""type\"":\""MAIN_TITLE\"",\""text\"":\""J.D. Irving v Southern New Brunswick Forest Products Marketing Board et al\""},{\""type\"":\""DECISION_ALTERNATE_TITLE\"",\""text\"":\""J.D. Irving c. Office de commercialisation des produits forestiers du Sud du Nouveau-Brunswick et autre\""},{\""type\"":\""DECISION_DOCKET_NUMBER\"",\""text\"":\""SJC-128-17\""},{\""type\"":\""JURISDICTION_NAME\"",\""text\"":\""New Brunswick\""},{\""type\"":\""COLLECTION_NAME\"",\""text\"":\""Court of King's Bench of New Brunswick\""},{\""type\"":\""TRIBUNAL_NAME\"",\""text\"":\""Court of Queen’s Bench of New Brunswick\""}]"",
    ""jurisdictionId"": ""nb"",
    ""citedCount"": 1
  }
]"
https://canlii.ca/t/h5t15,"[
  {
    ""id"": ""2017csc-scc44"",
    ""docType"": ""DECISION"",
    ""path"": ""/en/ca/scc/doc/2017/2017scc44/2017scc44.html"",
    ""docTitle"": ""India v. Badesha"",
    ""autoCompletions"": ""[{\""type\"":\""DECISION_NEUTRAL_CITATION\"",\""text\"":\""2017 SCC 44\""},{\""type\"":\""DECISION_NEUTRAL_CITATION\"",\""text\"":\""2017 CSC 44\""},{\""type\"":\""DECISION_CANLII_REFERENCE\"",\""text\"":\""2017 SCC 44 (CanLII)\""},{\""type\"":\""DECISION_CANLII_REFERENCE\"",\""text\"":\""2017 CSC 44 (CanLII)\""},{\""type\"":\""MAIN_TITLE\"",\""text\"":\""India v. Badesha\""},{\""type\"":\""DECISION_OFFICIAL_REPORT_REFERENCE\"",\""text\"":\""[2017] 2 SCR 127\""},{\""type\"":\""DECISION_OFFICIAL_REPORT_REFERENCE\"",\""text\"":\""[2017] 2 RCS 127\""},{\""type\"":\""DECISION_OTHER_REFERENCES\"",\""text\"":\"" REJB 2017-284152\""},{\""type\"":\""DECISION_OTHER_REFERENCES\"",\""text\"":\""412 DLR (4th) 411\""},{\""type\"":\""DECISION_OTHER_REFERENCES\"",\""text\"":\"" [2017] EXP 2525\""},{\""type\"":\""DECISION_OTHER_REFERENCES\"",\""text\"":\"" 40 CR (7th) 1\""},{\""type\"":\""DECISION_OTHER_REFERENCES\"",\""text\"":\"" 140 WCB (2d) 526\""},{\""type\"":\""DECISION_OTHER_REFERENCES\"",\""text\"":\"" 22 Admin LR (6th) 1\""},{\""type\"":\""DECISION_OTHER_REFERENCES\"",\""text\"":\"" 388 CRR (2d) 230\""},{\""type\"":\""DECISION_OTHER_REFERENCES\"",\""text\"":\"" EYB 2017-284152\""},{\""type\"":\""DECISION_OTHER_REFERENCES\"",\""text\"":\"" [2017] SCJ No 44 (QL)\""},{\""type\"":\""DECISION_ALTERNATE_TITLE\"",\""text\"":\""Inde c. Badesha\""},{\""type\"":\""DECISION_DOCKET_NUMBER\"",\""text\"":\""36981\""},{\""type\"":\""JURISDICTION_NAME\"",\""text\"":\""Canada (Federal)\""},{\""type\"":\""COLLECTION_NAME\"",\""text\"":\""Supreme Court of Canada\""}]"",
    ""jurisdictionId"": ""ca"",
    ""citedCount"": 56
  }
]"
https://canlii.ca/t/h67tb,"[
  {
    ""id"": ""2017bcsc1665"",
    ""docType"": ""DECISION"",
    ""path"": ""/en/bc/bcsc/doc/2017/2017bcsc1665/2017bcsc1665.html"",
    ""docTitle"": ""The Council of the Haida Nation v British Columbia"",
    ""autoCompletions"": ""[{\""type\"":\""DECISION_NEUTRAL_CITATION\"",\""text\"":\""2017 BCSC 1665\""},{\""type\"":\""DECISION_CANLII_REFERENCE\"",\""text\"":\""2017 BCSC 1665 (CanLII)\""},{\""type\"":\""MAIN_TITLE\"",\""text\"":\""The Council of the Haida Nation v British Columbia\""},{\""type\"":\""DECISION_OTHER_REFERENCES\"",\""text\"":\""3 BCLR (6th) 346\""},{\""type\"":\""DECISION_OTHER_REFERENCES\"",\""text\"":\"" [2017] BCJ No 1874 (QL)\""},{\""type\"":\""DECISION_DOCKET_NUMBER\"",\""text\"":\""L020662\""},{\""type\"":\""JURISDICTION_NAME\"",\""text\"":\""British Columbia\""},{\""type\"":\""COLLECTION_NAME\"",\""text\"":\""Supreme Court of British Columbia\""}]"",
    ""jurisdictionId"": ""bc"",
    ""citedCount"": 14
  }
]"
https://canlii.ca/t/h6k5p,"[
  {
    ""id"": ""2017qcca1554"",
    ""docType"": ""DECISION"",
    ""path"": ""/fr/qc/qcca/doc/2017/2017qcca1554/2017qcca1554.html"",
    ""docTitle"": ""Droit de la famille — 172312"",
    ""autoCompletions"": ""[{\""type\"":\""DECISION_NEUTRAL_CITATION\"",\""text\"":\""2017 QCCA 1554\""},{\""type\"":\""DECISION_CANLII_REFERENCE\"",\""text\"":\""2017 QCCA 1554 (CanLII)\""},{\""type\"":\""MAIN_TITLE\"",\""text\"":\""Droit de la famille — 172312\""},{\""type\"":\""DECISION_OTHER_REFERENCES\"",\""text\"":\""AZ-51430976\""},{\""type\"":\""DECISION_OTHER_REFERENCES\"",\""text\"":\"" [2017] EXP 2941\""},{\""type\"":\""DECISION_DOCKET_NUMBER\"",\""text\"":\""500-09-026965-178\""},{\""type\"":\""JURISDICTION_NAME\"",\""text\"":\""Québec\""},{\""type\"":\""COLLECTION_NAME\"",\""text\"":\""Cour d'appel du Québec\""}]"",
    ""jurisdictionId"": ""qc"",
    ""citedCount"": 24
  }
]"
https://canlii.ca/t/h7lx,"[
  {
    ""id"": ""l5306!5306-current-1"",
    ""docType"": ""LEGISLATION"",
    ""path"": ""/en/sk/laws/stat/ss-1989-90-c-r-26.1/latest/ss-1989-90-c-r-26.1.html"",
    ""docTitle"": ""Rural Municipality Act, 1989"",
    ""autoCompletions"": ""[{\""type\"":\""MAIN_TITLE\"",\""text\"":\""Rural Municipality Act, 1989\""},{\""type\"":\""LEGISLATION_REFERENCE\"",\""text\"":\""SS 1989-90, c R-26.1\""}]"",
    ""jurisdictionId"": ""sk"",
    ""citedCount"": 226
  }
]"
https://canlii.ca/t/h7p5,"[
  {
    ""id"": ""l5334!5334-current-1"",
    ""docType"": ""LEGISLATION"",
    ""path"": ""/en/sk/laws/stat/ss-1986-c-h-3.1/latest/ss-1986-c-h-3.1.html"",
    ""docTitle"": ""The Highway Traffic Act"",
    ""autoCompletions"": ""[{\""type\"":\""MAIN_TITLE\"",\""text\"":\""The Highway Traffic Act\""},{\""type\"":\""LEGISLATION_REFERENCE\"",\""text\"":\""SS 1986, c H-3.1\""}]"",
    ""jurisdictionId"": ""sk"",
    ""citedCount"": 324
  }
]"
https://canlii.ca/t/hcnw,"[
  {
    ""id"": ""l6095!6095-current-1"",
    ""docType"": ""LEGISLATION"",
    ""path"": ""/en/qc/laws/hstat/rsq-c-p-13/latest/rsq-c-p-13.html"",
    ""docTitle"": ""Police Act"",
    ""autoCompletions"": ""[{\""type\"":\""MAIN_TITLE\"",\""text\"":\""Police Act\""},{\""type\"":\""LEGISLATION_REFERENCE\"",\""text\"":\""RSQ, c P-13\""},{\""type\"":\""LEGISLATION_ALTERNATE_REFERENCE\"",\""text\"":\""chapitre P-13\""},{\""type\"":\""LEGISLATION_ALTERNATE_REFERENCE\"",\""text\"":\""chapter P-13\""},{\""type\"":\""LEGISLATION_ALTERNATE_REFERENCE\"",\""text\"":\""LRQ, c P-13\""},{\""type\"":\""LEGISLATION_ALTERNATE_TITLE\"",\""text\"":\""Loi de police\""}]"",
    ""jurisdictionId"": ""qc"",
    ""citedCount"": 344
  }
]"
https://canlii.ca/t/hm3m,"[
  {
    ""id"": ""l9083!9083-current-1"",
    ""docType"": ""LEGISLATION"",
    ""path"": ""/en/qc/laws/regu/rrq-1981-c-p-13-r-14/latest/rrq-1981-c-p-13-r-14.html"",
    ""docTitle"": ""By-law respecting standards of the Sûreté du Québec and municipal police forces for the hiring of constables and cadets"",
    ""autoCompletions"": ""[{\""type\"":\""MAIN_TITLE\"",\""text\"":\""By-law respecting standards of the Sûreté du Québec and municipal police forces for the hiring of constables and cadets\""},{\""type\"":\""LEGISLATION_REFERENCE\"",\""text\"":\""RRQ 1981, c P-13, r 14\""},{\""type\"":\""LEGISLATION_ALTERNATE_REFERENCE\"",\""text\"":\""RQ, c P-13, r 14\""},{\""type\"":\""LEGISLATION_ALTERNATE_REFERENCE\"",\""text\"":\""RRQ 1981, c P-13, r 14\""},{\""type\"":\""LEGISLATION_ALTERNATE_TITLE\"",\""text\"":\""Règlement sur les normes d'embauche des agents et cadets de la Sûreté du Québec et des corps de police municipaux\""}]"",
    ""jurisdictionId"": ""qc"",
    ""citedCount"": 15
  }
]"
https://canlii.ca/t/hn9jp,"[
  {
    ""id"": ""2017csc-scc56"",
    ""docType"": ""DECISION"",
    ""path"": ""/en/ca/scc/doc/2017/2017scc56/2017scc56.html"",
    ""docTitle"": ""Barreau du Québec v. Quebec (Attorney General)"",
    ""autoCompletions"": ""[{\""type\"":\""DECISION_NEUTRAL_CITATION\"",\""text\"":\""2017 SCC 56\""},{\""type\"":\""DECISION_NEUTRAL_CITATION\"",\""text\"":\""2017 CSC 56\""},{\""type\"":\""DECISION_CANLII_REFERENCE\"",\""text\"":\""2017 SCC 56 (CanLII)\""},{\""type\"":\""DECISION_CANLII_REFERENCE\"",\""text\"":\""2017 CSC 56 (CanLII)\""},{\""type\"":\""MAIN_TITLE\"",\""text\"":\""Barreau du Québec v. Quebec (Attorney General)\""},{\""type\"":\""DECISION_OFFICIAL_REPORT_REFERENCE\"",\""text\"":\""[2017] 2 SCR 488\""},{\""type\"":\""DECISION_OFFICIAL_REPORT_REFERENCE\"",\""text\"":\""[2017] 2 RCS 488\""},{\""type\"":\""DECISION_OTHER_REFERENCES\"",\""text\"":\""420 DLR (4th) 575\""},{\""type\"":\""DECISION_OTHER_REFERENCES\"",\""text\"":\"" AZ-51440728\""},{\""type\"":\""DECISION_OTHER_REFERENCES\"",\""text\"":\"" [2017] EXP 3097\""},{\""type\"":\""DECISION_OTHER_REFERENCES\"",\""text\"":\"" [2017] SCJ No 56 (QL)\""},{\""type\"":\""DECISION_OTHER_REFERENCES\"",\""text\"":\"" [2017] ACS no 56\""},{\""type\"":\""DECISION_ALTERNATE_TITLE\"",\""text\"":\""Barreau du Québec c. Québec (Procureure générale)\""},{\""type\"":\""DECISION_DOCKET_NUMBER\"",\""text\"":\""37034\""},{\""type\"":\""JURISDICTION_NAME\"",\""text\"":\""Canada (Federal)\""},{\""type\"":\""COLLECTION_NAME\"",\""text\"":\""Supreme Court of Canada\""}]"",
    ""jurisdictionId"": ""ca"",
    ""citedCount"": 170
  }
]"
https://canlii.ca/t/hnqw7,"[
  {
    ""id"": ""2017abca374"",
    ""docType"": ""DECISION"",
    ""path"": ""/en/ab/abca/doc/2017/2017abca374/2017abca374.html"",
    ""docTitle"": ""Garneau Community League v Edmonton (City)"",
    ""autoCompletions"": ""[{\""type\"":\""DECISION_NEUTRAL_CITATION\"",\""text\"":\""2017 ABCA 374\""},{\""type\"":\""DECISION_CANLII_REFERENCE\"",\""text\"":\""2017 ABCA 374 (CanLII)\""},{\""type\"":\""MAIN_TITLE\"",\""text\"":\""Garneau Community League v Edmonton (City)\""},{\""type\"":\""DECISION_OTHER_REFERENCES\"",\""text\"":\""60 Alta LR (6th) 1\""},{\""type\"":\""DECISION_OTHER_REFERENCES\"",\""text\"":\"" 26 Admin LR (6th) 304\""},{\""type\"":\""DECISION_DOCKET_NUMBER\"",\""text\"":\""1603-0259-AC\""},{\""type\"":\""JURISDICTION_NAME\"",\""text\"":\""Alberta\""},{\""type\"":\""COLLECTION_NAME\"",\""text\"":\""Court of Appeal of Alberta\""}]"",
    ""jurisdictionId"": ""ab"",
    ""citedCount"": 65
  }
]"
https://canlii.ca/t/hp2d8,"[
  {
    ""id"": ""2017csc-scc58"",
    ""docType"": ""DECISION"",
    ""path"": ""/en/ca/scc/doc/2017/2017scc58/2017scc58.html"",
    ""docTitle"": ""First Nation of Nacho Nyak Dun v. Yukon"",
    ""autoCompletions"": ""[{\""type\"":\""DECISION_NEUTRAL_CITATION\"",\""text\"":\""2017 SCC 58\""},{\""type\"":\""DECISION_NEUTRAL_CITATION\"",\""text\"":\""2017 CSC 58\""},{\""type\"":\""DECISION_CANLII_REFERENCE\"",\""text\"":\""2017 SCC 58 (CanLII)\""},{\""type\"":\""DECISION_CANLII_REFERENCE\"",\""text\"":\""2017 CSC 58 (CanLII)\""},{\""type\"":\""MAIN_TITLE\"",\""text\"":\""First Nation of Nacho Nyak Dun v. Yukon\""},{\""type\"":\""DECISION_OFFICIAL_REPORT_REFERENCE\"",\""text\"":\""[2017] 2 SCR 576\""},{\""type\"":\""DECISION_OFFICIAL_REPORT_REFERENCE\"",\""text\"":\""[2017] 2 RCS 576\""},{\""type\"":\""DECISION_OTHER_REFERENCES\"",\""text\"":\""AZ-51446987\""},{\""type\"":\""DECISION_OTHER_REFERENCES\"",\""text\"":\"" [2017] EXP 3304\""},{\""type\"":\""DECISION_ALTERNATE_TITLE\"",\""text\"":\""First Nation of Nacho Nyak Dun c. Yukon\""},{\""type\"":\""DECISION_DOCKET_NUMBER\"",\""text\"":\""36779\""},{\""type\"":\""JURISDICTION_NAME\"",\""text\"":\""Canada (Federal)\""},{\""type\"":\""COLLECTION_NAME\"",\""text\"":\""Supreme Court of Canada\""}]"",
    ""jurisdictionId"": ""ca"",
    ""citedCount"": 73
  }
]"
https://canlii.ca/t/hpb2k,"[
  {
    ""id"": ""2017csc-scc62"",
    ""docType"": ""DECISION"",
    ""path"": ""/en/ca/scc/doc/2017/2017scc62/2017scc62.html"",
    ""docTitle"": ""British Columbia Human Rights Tribunal v. Schrenk"",
    ""autoCompletions"": ""[{\""type\"":\""DECISION_NEUTRAL_CITATION\"",\""text\"":\""2017 SCC 62\""},{\""type\"":\""DECISION_NEUTRAL_CITATION\"",\""text\"":\""2017 CSC 62\""},{\""type\"":\""DECISION_CANLII_REFERENCE\"",\""text\"":\""2017 SCC 62 (CanLII)\""},{\""type\"":\""DECISION_CANLII_REFERENCE\"",\""text\"":\""2017 CSC 62 (CanLII)\""},{\""type\"":\""MAIN_TITLE\"",\""text\"":\""British Columbia Human Rights Tribunal v. Schrenk\""},{\""type\"":\""DECISION_OFFICIAL_REPORT_REFERENCE\"",\""text\"":\""[2017] 2 SCR 795\""},{\""type\"":\""DECISION_OFFICIAL_REPORT_REFERENCE\"",\""text\"":\""[2017] 2 RCS 795\""},{\""type\"":\""DECISION_OTHER_REFERENCES\"",\""text\"":\""419 DLR (4th) 585\""},{\""type\"":\""DECISION_OTHER_REFERENCES\"",\""text\"":\"" 285 ACWS (3d) 812\""},{\""type\"":\""DECISION_OTHER_REFERENCES\"",\""text\"":\"" [2018] 1 WWR 1\""},{\""type\"":\""DECISION_OTHER_REFERENCES\"",\""text\"":\"" 3 BCLR (6th) 1\""},{\""type\"":\""DECISION_OTHER_REFERENCES\"",\""text\"":\"" 88 CHRR 283\""},{\""type\"":\""DECISION_OTHER_REFERENCES\"",\""text\"":\"" [2017] SCJ No 62 (QL)\""},{\""type\"":\""DECISION_ALTERNATE_TITLE\"",\""text\"":\""British Columbia Human Rights Tribunal c. Schrenk\""},{\""type\"":\""DECISION_DOCKET_NUMBER\"",\""text\"":\""37041\""},{\""type\"":\""JURISDICTION_NAME\"",\""text\"":\""Canada (Federal)\""},{\""type\"":\""COLLECTION_NAME\"",\""text\"":\""Supreme Court of Canada\""}]"",
    ""jurisdictionId"": ""ca"",
    ""citedCount"": 433
  }
]"
https://canlii.ca/t/hpv4d,"[
  {
    ""id"": ""2018csc-scc2"",
    ""docType"": ""DECISION"",
    ""path"": ""/en/ca/scc/doc/2018/2018scc2/2018scc2.html"",
    ""docTitle"": ""Delta Air Lines Inc. v. Lukács"",
    ""autoCompletions"": ""[{\""type\"":\""DECISION_NEUTRAL_CITATION\"",\""text\"":\""2018 SCC 2\""},{\""type\"":\""DECISION_NEUTRAL_CITATION\"",\""text\"":\""2018 CSC 2\""},{\""type\"":\""DECISION_CANLII_REFERENCE\"",\""text\"":\""2018 SCC 2 (CanLII)\""},{\""type\"":\""DECISION_CANLII_REFERENCE\"",\""text\"":\""2018 CSC 2 (CanLII)\""},{\""type\"":\""MAIN_TITLE\"",\""text\"":\""Delta Air Lines Inc. v. Lukács\""},{\""type\"":\""DECISION_OFFICIAL_REPORT_REFERENCE\"",\""text\"":\""[2018] 1 SCR 6\""},{\""type\"":\""DECISION_OFFICIAL_REPORT_REFERENCE\"",\""text\"":\""[2018] 1 RCS 6\""},{\""type\"":\""DECISION_OTHER_REFERENCES\"",\""text\"":\"" REJB 2018-289407\""},{\""type\"":\""DECISION_OTHER_REFERENCES\"",\""text\"":\""416 DLR (4th) 579\""},{\""type\"":\""DECISION_OTHER_REFERENCES\"",\""text\"":\"" 287 ACWS (3d) 203\""},{\""type\"":\""DECISION_OTHER_REFERENCES\"",\""text\"":\"" [2018] EXP 153\""},{\""type\"":\""DECISION_OTHER_REFERENCES\"",\""text\"":\"" 28 Admin LR (6th) 177\""},{\""type\"":\""DECISION_OTHER_REFERENCES\"",\""text\"":\"" EYB 2018-289407\""},{\""type\"":\""DECISION_OTHER_REFERENCES\"",\""text\"":\"" [2018] SCJ No 2 (QL)\""},{\""type\"":\""DECISION_OTHER_REFERENCES\"",\""text\"":\"" [2018] ACS no 2\""},{\""type\"":\""DECISION_ALTERNATE_TITLE\"",\""text\"":\""Delta Air Lines Inc. c. Lukács\""},{\""type\"":\""DECISION_DOCKET_NUMBER\"",\""text\"":\""37276\""},{\""type\"":\""JURISDICTION_NAME\"",\""text\"":\""Canada (Federal)\""},{\""type\"":\""COLLECTION_NAME\"",\""text\"":\""Supreme Court of Canada\""}]"",
    ""jurisdictionId"": ""ca"",
    ""citedCount"": 322
  }
]"
https://canlii.ca/t/hq5df,"[
  {
    ""id"": ""2018csc-scc4"",
    ""docType"": ""DECISION"",
    ""path"": ""/en/ca/scc/doc/2018/2018scc4/2018scc4.html"",
    ""docTitle"": ""Williams Lake Indian Band v. Canada (Aboriginal Affairs and Northern Development)"",
    ""autoCompletions"": ""[{\""type\"":\""DECISION_NEUTRAL_CITATION\"",\""text\"":\""2018 SCC 4\""},{\""type\"":\""DECISION_NEUTRAL_CITATION\"",\""text\"":\""2018 CSC 4\""},{\""type\"":\""DECISION_CANLII_REFERENCE\"",\""text\"":\""2018 SCC 4 (CanLII)\""},{\""type\"":\""DECISION_CANLII_REFERENCE\"",\""text\"":\""2018 CSC 4 (CanLII)\""},{\""type\"":\""MAIN_TITLE\"",\""text\"":\""Williams Lake Indian Band v. Canada (Aboriginal Affairs and Northern Development)\""},{\""type\"":\""DECISION_OFFICIAL_REPORT_REFERENCE\"",\""text\"":\""[2018] 1 SCR 83\""},{\""type\"":\""DECISION_OFFICIAL_REPORT_REFERENCE\"",\""text\"":\""[2018] 1 RCS 83\""},{\""type\"":\""DECISION_OTHER_REFERENCES\"",\""text\"":\"" REJB 2018-289946\""},{\""type\"":\""DECISION_OTHER_REFERENCES\"",\""text\"":\""417 DLR (4th) 239\""},{\""type\"":\""DECISION_OTHER_REFERENCES\"",\""text\"":\"" 287 ACWS (3d) 402\""},{\""type\"":\""DECISION_OTHER_REFERENCES\"",\""text\"":\"" [2018] EXP 333\""},{\""type\"":\""DECISION_OTHER_REFERENCES\"",\""text\"":\"" 32 Admin LR (6th) 1\""},{\""type\"":\""DECISION_OTHER_REFERENCES\"",\""text\"":\"" EYB 2018-289946\""},{\""type\"":\""DECISION_OTHER_REFERENCES\"",\""text\"":\"" [2018] SCJ No 4 (QL)\""},{\""type\"":\""DECISION_OTHER_REFERENCES\"",\""text\"":\"" [2018] ACS no 4\""},{\""type\"":\""DECISION_ALTERNATE_TITLE\"",\""text\"":\""Williams Lake Indian Band c. Canada (Affaires autochtones et du Développement du Nord)\""},{\""type\"":\""DECISION_DOCKET_NUMBER\"",\""text\"":\""36983\""},{\""type\"":\""JURISDICTION_NAME\"",\""text\"":\""Canada (Federal)\""},{\""type\"":\""COLLECTION_NAME\"",\""text\"":\""Supreme Court of Canada\""}]"",
    ""jurisdictionId"": ""ca"",
    ""citedCount"": 148
  }
]"
https://canlii.ca/t/hrlfk,"[
  {
    ""id"": ""2018csc-scc16"",
    ""docType"": ""DECISION"",
    ""path"": ""/en/ca/scc/doc/2018/2018scc16/2018scc16.html"",
    ""docTitle"": ""Office of the Children’s Lawyer v. Balev"",
    ""autoCompletions"": ""[{\""type\"":\""DECISION_NEUTRAL_CITATION\"",\""text\"":\""2018 SCC 16\""},{\""type\"":\""DECISION_NEUTRAL_CITATION\"",\""text\"":\""2018 CSC 16\""},{\""type\"":\""DECISION_CANLII_REFERENCE\"",\""text\"":\""2018 SCC 16 (CanLII)\""},{\""type\"":\""DECISION_CANLII_REFERENCE\"",\""text\"":\""2018 CSC 16 (CanLII)\""},{\""type\"":\""MAIN_TITLE\"",\""text\"":\""Office of the Children’s Lawyer v. Balev\""},{\""type\"":\""DECISION_OFFICIAL_REPORT_REFERENCE\"",\""text\"":\""[2018] 1 SCR 398\""},{\""type\"":\""DECISION_OFFICIAL_REPORT_REFERENCE\"",\""text\"":\""[2018] 1 RCS 398\""},{\""type\"":\""DECISION_OTHER_REFERENCES\"",\""text\"":\"" REJB 2018-293313\""},{\""type\"":\""DECISION_OTHER_REFERENCES\"",\""text\"":\""424 DLR (4th) 391\""},{\""type\"":\""DECISION_OTHER_REFERENCES\"",\""text\"":\"" EYB 2018-293313\""},{\""type\"":\""DECISION_OTHER_REFERENCES\"",\""text\"":\"" [2018] SCJ No 16 (QL)\""},{\""type\"":\""DECISION_ALTERNATE_TITLE\"",\""text\"":\""Bureau de l’avocat des enfants c. Balev\""},{\""type\"":\""DECISION_DOCKET_NUMBER\"",\""text\"":\""37250\""},{\""type\"":\""JURISDICTION_NAME\"",\""text\"":\""Canada (Federal)\""},{\""type\"":\""COLLECTION_NAME\"",\""text\"":\""Supreme Court of Canada\""}]"",
    ""jurisdictionId"": ""ca"",
    ""citedCount"": 289
  }
]"
https://canlii.ca/t/hs39j,"[
  {
    ""id"": ""2018csc-scc22"",
    ""docType"": ""DECISION"",
    ""path"": ""/en/ca/scc/doc/2018/2018scc22/2018scc22.html"",
    ""docTitle"": ""West Fraser Mills Ltd. v. British Columbia (Workers’ Compensation Appeal Tribunal)"",
    ""autoCompletions"": ""[{\""type\"":\""DECISION_NEUTRAL_CITATION\"",\""text\"":\""2018 SCC 22\""},{\""type\"":\""DECISION_NEUTRAL_CITATION\"",\""text\"":\""2018 CSC 22\""},{\""type\"":\""DECISION_CANLII_REFERENCE\"",\""text\"":\""2018 SCC 22 (CanLII)\""},{\""type\"":\""DECISION_CANLII_REFERENCE\"",\""text\"":\""2018 CSC 22 (CanLII)\""},{\""type\"":\""MAIN_TITLE\"",\""text\"":\""West Fraser Mills Ltd. v. British Columbia (Workers’ Compensation Appeal Tribunal)\""},{\""type\"":\""DECISION_OFFICIAL_REPORT_REFERENCE\"",\""text\"":\""[2018] 1 SCR 635\""},{\""type\"":\""DECISION_OFFICIAL_REPORT_REFERENCE\"",\""text\"":\""[2018] 1 RCS 635\""},{\""type\"":\""DECISION_OTHER_REFERENCES\"",\""text\"":\""421 DLR (4th) 191\""},{\""type\"":\""DECISION_OTHER_REFERENCES\"",\""text\"":\"" [2018] 6 WWR 211\""},{\""type\"":\""DECISION_OTHER_REFERENCES\"",\""text\"":\"" 9 BCLR (6th) 1\""},{\""type\"":\""DECISION_OTHER_REFERENCES\"",\""text\"":\"" [2018] SCJ No 22 (QL)\""},{\""type\"":\""DECISION_ALTERNATE_TITLE\"",\""text\"":\""West Fraser Mills Ltd. c. Colombie‑Britannique (Workers’ Compensation Appeal Tribunal)\""},{\""type\"":\""DECISION_DOCKET_NUMBER\"",\""text\"":\""37423\""},{\""type\"":\""JURISDICTION_NAME\"",\""text\"":\""Canada (Federal)\""},{\""type\"":\""COLLECTION_NAME\"",\""text\"":\""Supreme Court of Canada\""}]"",
    ""jurisdictionId"": ""ca"",
    ""citedCount"": 251
  }
]"
https://canlii.ca/t/hsb9d,"[
  {
    ""id"": ""2018csc-scc27"",
    ""docType"": ""DECISION"",
    ""path"": ""/en/ca/scc/doc/2018/2018scc27/2018scc27.html"",
    ""docTitle"": ""Groia v. Law Society of Upper Canada"",
    ""autoCompletions"": ""[{\""type\"":\""DECISION_NEUTRAL_CITATION\"",\""text\"":\""2018 SCC 27\""},{\""type\"":\""DECISION_NEUTRAL_CITATION\"",\""text\"":\""2018 CSC 27\""},{\""type\"":\""DECISION_CANLII_REFERENCE\"",\""text\"":\""2018 SCC 27 (CanLII)\""},{\""type\"":\""DECISION_CANLII_REFERENCE\"",\""text\"":\""2018 CSC 27 (CanLII)\""},{\""type\"":\""MAIN_TITLE\"",\""text\"":\""Groia v. Law Society of Upper Canada\""},{\""type\"":\""DECISION_OFFICIAL_REPORT_REFERENCE\"",\""text\"":\""[2018] 1 SCR 772\""},{\""type\"":\""DECISION_OFFICIAL_REPORT_REFERENCE\"",\""text\"":\""[2018] 1 RCS 772\""},{\""type\"":\""DECISION_OTHER_REFERENCES\"",\""text\"":\"" REJB 2018-294877\""},{\""type\"":\""DECISION_OTHER_REFERENCES\"",\""text\"":\""424 DLR (4th) 443\""},{\""type\"":\""DECISION_OTHER_REFERENCES\"",\""text\"":\"" 292 ACWS (3d) 13\""},{\""type\"":\""DECISION_OTHER_REFERENCES\"",\""text\"":\"" AZ-51499113\""},{\""type\"":\""DECISION_OTHER_REFERENCES\"",\""text\"":\"" [2018] EXP 1541\""},{\""type\"":\""DECISION_OTHER_REFERENCES\"",\""text\"":\"" 46 CR (7th) 227\""},{\""type\"":\""DECISION_OTHER_REFERENCES\"",\""text\"":\"" 34 Admin LR (6th) 183\""},{\""type\"":\""DECISION_OTHER_REFERENCES\"",\""text\"":\"" EYB 2018-294877\""},{\""type\"":\""DECISION_OTHER_REFERENCES\"",\""text\"":\"" [2018] SCJ No 27 (QL)\""},{\""type\"":\""DECISION_OTHER_REFERENCES\"",\""text\"":\"" [2018] ACS no 27\""},{\""type\"":\""DECISION_ALTERNATE_TITLE\"",\""text\"":\""Groia c. Barreau du Haut‑Canada\""},{\""type\"":\""DECISION_DOCKET_NUMBER\"",\""text\"":\""37112\""},{\""type\"":\""JURISDICTION_NAME\"",\""text\"":\""Canada (Federal)\""},{\""type\"":\""COLLECTION_NAME\"",\""text\"":\""Supreme Court of Canada\""}]"",
    ""jurisdictionId"": ""ca"",
    ""citedCount"": 398
  }
]"
https://canlii.ca/t/hscjf,"[
  {
    ""id"": ""2018fca102"",
    ""docType"": ""DECISION"",
    ""path"": ""/en/ca/fca/doc/2018/2018fca102/2018fca102.html"",
    ""docTitle"": ""Canada (Attorney General) v. Oshkosh Defense Canada Inc."",
    ""autoCompletions"": ""[{\""type\"":\""DECISION_NEUTRAL_CITATION\"",\""text\"":\""2018 FCA 102\""},{\""type\"":\""DECISION_NEUTRAL_CITATION\"",\""text\"":\""2018 CAF 102\""},{\""type\"":\""DECISION_CANLII_REFERENCE\"",\""text\"":\""2018 FCA 102 (CanLII)\""},{\""type\"":\""DECISION_CANLII_REFERENCE\"",\""text\"":\""2018 CAF 102 (CanLII)\""},{\""type\"":\""MAIN_TITLE\"",\""text\"":\""Canada (Attorney General) v. Oshkosh Defense Canada Inc.\""},{\""type\"":\""DECISION_OTHER_REFERENCES\"",\""text\"":\""[2018] FCJ No 576 (QL)\""},{\""type\"":\""DECISION_OTHER_REFERENCES\"",\""text\"":\""[2018] ACF No 576 (QL)\""},{\""type\"":\""DECISION_ALTERNATE_TITLE\"",\""text\"":\""Canada (Procureur général) c. Oshkosh Defense Canada Inc.\""},{\""type\"":\""DECISION_DOCKET_NUMBER\"",\""text\"":\""A-219-16\""},{\""type\"":\""JURISDICTION_NAME\"",\""text\"":\""Canada (Federal)\""},{\""type\"":\""COLLECTION_NAME\"",\""text\"":\""Federal Court of Appeal\""}]"",
    ""jurisdictionId"": ""ca"",
    ""citedCount"": 119
  }
]"
https://canlii.ca/t/hshjz,"[
  {
    ""id"": ""2018csc-scc30"",
    ""docType"": ""DECISION"",
    ""path"": ""/en/ca/scc/doc/2018/2018scc30/2018scc30.html"",
    ""docTitle"": ""Ewert v. Canada"",
    ""autoCompletions"": ""[{\""type\"":\""DECISION_NEUTRAL_CITATION\"",\""text\"":\""2018 SCC 30\""},{\""type\"":\""DECISION_NEUTRAL_CITATION\"",\""text\"":\""2018 CSC 30\""},{\""type\"":\""DECISION_CANLII_REFERENCE\"",\""text\"":\""2018 SCC 30 (CanLII)\""},{\""type\"":\""DECISION_CANLII_REFERENCE\"",\""text\"":\""2018 CSC 30 (CanLII)\""},{\""type\"":\""MAIN_TITLE\"",\""text\"":\""Ewert v. Canada\""},{\""type\"":\""DECISION_OFFICIAL_REPORT_REFERENCE\"",\""text\"":\""[2018] 2 SCR 165\""},{\""type\"":\""DECISION_OFFICIAL_REPORT_REFERENCE\"",\""text\"":\""[2018] 2 RCS 165\""},{\""type\"":\""DECISION_OTHER_REFERENCES\"",\""text\"":\"" REJB 2018-295329\""},{\""type\"":\""DECISION_OTHER_REFERENCES\"",\""text\"":\""423 DLR (4th) 577\""},{\""type\"":\""DECISION_OTHER_REFERENCES\"",\""text\"":\"" 292 ACWS (3d) 226\""},{\""type\"":\""DECISION_OTHER_REFERENCES\"",\""text\"":\"" [2018] EXP 1629\""},{\""type\"":\""DECISION_OTHER_REFERENCES\"",\""text\"":\"" 46 CR (7th) 339\""},{\""type\"":\""DECISION_OTHER_REFERENCES\"",\""text\"":\"" [2019] 2 CNLR 79\""},{\""type\"":\""DECISION_OTHER_REFERENCES\"",\""text\"":\"" 37 Admin LR (6th) 1\""},{\""type\"":\""DECISION_OTHER_REFERENCES\"",\""text\"":\"" 413 CRR (2d) 184\""},{\""type\"":\""DECISION_OTHER_REFERENCES\"",\""text\"":\"" EYB 2018-295329\""},{\""type\"":\""DECISION_OTHER_REFERENCES\"",\""text\"":\"" [2018] SCJ No 30 (QL)\""},{\""type\"":\""DECISION_ALTERNATE_TITLE\"",\""text\"":\""Ewert c. Canada\""},{\""type\"":\""DECISION_DOCKET_NUMBER\"",\""text\"":\""37233\""},{\""type\"":\""JURISDICTION_NAME\"",\""text\"":\""Canada (Federal)\""},{\""type\"":\""COLLECTION_NAME\"",\""text\"":\""Supreme Court of Canada\""}]"",
    ""jurisdictionId"": ""ca"",
    ""citedCount"": 302
  }
]"
https://canlii.ca/t/hshvb,"[
  {
    ""id"": ""2018csc-scc31"",
    ""docType"": ""DECISION"",
    ""path"": ""/en/ca/scc/doc/2018/2018scc31/2018scc31.html"",
    ""docTitle"": ""Canada (Canadian Human Rights Commission) v. Canada (Attorney General)"",
    ""autoCompletions"": ""[{\""type\"":\""DECISION_NEUTRAL_CITATION\"",\""text\"":\""2018 SCC 31\""},{\""type\"":\""DECISION_NEUTRAL_CITATION\"",\""text\"":\""2018 CSC 31\""},{\""type\"":\""DECISION_CANLII_REFERENCE\"",\""text\"":\""2018 SCC 31 (CanLII)\""},{\""type\"":\""DECISION_CANLII_REFERENCE\"",\""text\"":\""2018 CSC 31 (CanLII)\""},{\""type\"":\""MAIN_TITLE\"",\""text\"":\""Canada (Canadian Human Rights Commission) v. Canada (Attorney General)\""},{\""type\"":\""DECISION_OFFICIAL_REPORT_REFERENCE\"",\""text\"":\""[2018] 2 SCR 230\""},{\""type\"":\""DECISION_OFFICIAL_REPORT_REFERENCE\"",\""text\"":\""[2018] 2 RCS 230\""},{\""type\"":\""DECISION_OTHER_REFERENCES\"",\""text\"":\"" REJB 2018-295338\""},{\""type\"":\""DECISION_OTHER_REFERENCES\"",\""text\"":\""[2018] EXP 1674\""},{\""type\"":\""DECISION_OTHER_REFERENCES\"",\""text\"":\"" 36 Admin LR (6th) 1\""},{\""type\"":\""DECISION_OTHER_REFERENCES\"",\""text\"":\"" 91 CHRR 63\""},{\""type\"":\""DECISION_OTHER_REFERENCES\"",\""text\"":\"" EYB 2018-295338\""},{\""type\"":\""DECISION_OTHER_REFERENCES\"",\""text\"":\"" [2018] SCJ No 31 (QL)\""},{\""type\"":\""DECISION_OTHER_REFERENCES\"",\""text\"":\"" [2018] ACS no 31\""},{\""type\"":\""DECISION_ALTERNATE_TITLE\"",\""text\"":\""Canada (Commission canadienne des droits de la personne) c. Canada (Procureur général)\""},{\""type\"":\""DECISION_DOCKET_NUMBER\"",\""text\"":\""37208\""},{\""type\"":\""JURISDICTION_NAME\"",\""text\"":\""Canada (Federal)\""},{\""type\"":\""COLLECTION_NAME\"",\""text\"":\""Supreme Court of Canada\""}]"",
    ""jurisdictionId"": ""ca"",
    ""citedCount"": 483
  }
]"
https://canlii.ca/t/hsjpr,"[
  {
    ""id"": ""2018csc-scc32"",
    ""docType"": ""DECISION"",
    ""path"": ""/en/ca/scc/doc/2018/2018scc32/2018scc32.html"",
    ""docTitle"": ""Law Society of British Columbia v. Trinity Western University"",
    ""autoCompletions"": ""[{\""type\"":\""DECISION_NEUTRAL_CITATION\"",\""text\"":\""2018 SCC 32\""},{\""type\"":\""DECISION_NEUTRAL_CITATION\"",\""text\"":\""2018 CSC 32\""},{\""type\"":\""DECISION_CANLII_REFERENCE\"",\""text\"":\""2018 SCC 32 (CanLII)\""},{\""type\"":\""DECISION_CANLII_REFERENCE\"",\""text\"":\""2018 CSC 32 (CanLII)\""},{\""type\"":\""MAIN_TITLE\"",\""text\"":\""Law Society of British Columbia v. Trinity Western University\""},{\""type\"":\""DECISION_OFFICIAL_REPORT_REFERENCE\"",\""text\"":\""[2018] 2 SCR 293\""},{\""type\"":\""DECISION_OFFICIAL_REPORT_REFERENCE\"",\""text\"":\""[2018] 2 RCS 293\""},{\""type\"":\""DECISION_OTHER_REFERENCES\"",\""text\"":\"" REJB 2018-295414\""},{\""type\"":\""DECISION_OTHER_REFERENCES\"",\""text\"":\""423 DLR (4th) 197\""},{\""type\"":\""DECISION_OTHER_REFERENCES\"",\""text\"":\"" 292 ACWS (3d) 418\""},{\""type\"":\""DECISION_OTHER_REFERENCES\"",\""text\"":\"" [2018] 8 WWR 1\""},{\""type\"":\""DECISION_OTHER_REFERENCES\"",\""text\"":\"" 10 BCLR (6th) 217\""},{\""type\"":\""DECISION_OTHER_REFERENCES\"",\""text\"":\"" [2018] EXP 1727\""},{\""type\"":\""DECISION_OTHER_REFERENCES\"",\""text\"":\"" 35 Admin LR (6th) 1\""},{\""type\"":\""DECISION_OTHER_REFERENCES\"",\""text\"":\"" 412 CRR (2d) 157\""},{\""type\"":\""DECISION_OTHER_REFERENCES\"",\""text\"":\"" 91 CHRR 255\""},{\""type\"":\""DECISION_OTHER_REFERENCES\"",\""text\"":\"" [2018] CarswellBC 1510\""},{\""type\"":\""DECISION_OTHER_REFERENCES\"",\""text\"":\"" EYB 2018-295414\""},{\""type\"":\""DECISION_OTHER_REFERENCES\"",\""text\"":\"" [2018] SCJ No 32 (QL)\""},{\""type\"":\""DECISION_OTHER_REFERENCES\"",\""text\"":\"" [2018] ACS no 32\""},{\""type\"":\""DECISION_ALTERNATE_TITLE\"",\""text\"":\""Law Society of British Columbia c. Trinity Western University\""},{\""type\"":\""DECISION_DOCKET_NUMBER\"",\""text\"":\""37318\""},{\""type\"":\""JURISDICTION_NAME\"",\""text\"":\""Canada (Federal)\""},{\""type\"":\""COLLECTION_NAME\"",\""text\"":\""Supreme Court of Canada\""}]"",
    ""jurisdictionId"": ""ca"",
    ""citedCount"": 361
  }
]"
https://canlii.ca/t/hvbwv,"[
  {
    ""id"": ""2018fca174"",
    ""docType"": ""DECISION"",
    ""path"": ""/en/ca/fca/doc/2018/2018fca174/2018fca174.html"",
    ""docTitle"": ""Bell Canada v. 7262591 Canada Ltd."",
    ""autoCompletions"": ""[{\""type\"":\""DECISION_NEUTRAL_CITATION\"",\""text\"":\""2018 FCA 174\""},{\""type\"":\""DECISION_NEUTRAL_CITATION\"",\""text\"":\""2018 CAF 174\""},{\""type\"":\""DECISION_CANLII_REFERENCE\"",\""text\"":\""2018 FCA 174 (CanLII)\""},{\""type\"":\""DECISION_CANLII_REFERENCE\"",\""text\"":\""2018 CAF 174 (CanLII)\""},{\""type\"":\""MAIN_TITLE\"",\""text\"":\""Bell Canada v. 7262591 Canada Ltd.\""},{\""type\"":\""DECISION_OFFICIAL_REPORT_REFERENCE\"",\""text\"":\""[2019] 2 FCR 414\""},{\""type\"":\""DECISION_OFFICIAL_REPORT_REFERENCE\"",\""text\"":\""[2019] 2 RCF 414\""},{\""type\"":\""DECISION_OTHER_REFERENCES\"",\""text\"":\""428 DLR (4th) 311\""},{\""type\"":\""DECISION_ALTERNATE_TITLE\"",\""text\"":\""Bell Canada c. 7262591 Canada Ltd.\""},{\""type\"":\""DECISION_DOCKET_NUMBER\"",\""text\"":\""A-51-16\""},{\""type\"":\""JURISDICTION_NAME\"",\""text\"":\""Canada (Federal)\""},{\""type\"":\""COLLECTION_NAME\"",\""text\"":\""Federal Court of Appeal\""}]"",
    ""jurisdictionId"": ""ca"",
    ""citedCount"": 13
  }
]"
https://canlii.ca/t/hvf8d,"[
  {
    ""id"": ""2018csc-scc39"",
    ""docType"": ""DECISION"",
    ""path"": ""/en/ca/scc/doc/2018/2018scc39/2018scc39.html"",
    ""docTitle"": ""Chagnon v. Syndicat de la fonction publique et parapublique du Québec"",
    ""autoCompletions"": ""[{\""type\"":\""DECISION_NEUTRAL_CITATION\"",\""text\"":\""2018 SCC 39\""},{\""type\"":\""DECISION_NEUTRAL_CITATION\"",\""text\"":\""2018 CSC 39\""},{\""type\"":\""DECISION_CANLII_REFERENCE\"",\""text\"":\""2018 SCC 39 (CanLII)\""},{\""type\"":\""DECISION_CANLII_REFERENCE\"",\""text\"":\""2018 CSC 39 (CanLII)\""},{\""type\"":\""MAIN_TITLE\"",\""text\"":\""Chagnon v. Syndicat de la fonction publique et parapublique du Québec\""},{\""type\"":\""DECISION_OFFICIAL_REPORT_REFERENCE\"",\""text\"":\""[2018] 2 SCR 687\""},{\""type\"":\""DECISION_OFFICIAL_REPORT_REFERENCE\"",\""text\"":\""[2018] 2 RCS 687\""},{\""type\"":\""DECISION_OTHER_REFERENCES\"",\""text\"":\""426 DLR (4th) 585\""},{\""type\"":\""DECISION_OTHER_REFERENCES\"",\""text\"":\"" 295 LAC (4th) 223\""},{\""type\"":\""DECISION_OTHER_REFERENCES\"",\""text\"":\"" 40 Admin LR (6th) 1\""},{\""type\"":\""DECISION_OTHER_REFERENCES\"",\""text\"":\"" [2018] SCJ No 39 (QL)\""},{\""type\"":\""DECISION_ALTERNATE_TITLE\"",\""text\"":\""Chagnon c. Syndicat de la fonction publique et parapublique du Québec\""},{\""type\"":\""DECISION_DOCKET_NUMBER\"",\""text\"":\""37543\""},{\""type\"":\""JURISDICTION_NAME\"",\""text\"":\""Canada (Federal)\""},{\""type\"":\""COLLECTION_NAME\"",\""text\"":\""Supreme Court of Canada\""}]"",
    ""jurisdictionId"": ""ca"",
    ""citedCount"": 85
  }
]"
https://canlii.ca/t/hvhcj,"[
  {
    ""id"": ""2018csc-scc40"",
    ""docType"": ""DECISION"",
    ""path"": ""/en/ca/scc/doc/2018/2018scc40/2018scc40.html"",
    ""docTitle"": ""Mikisew Cree First Nation v. Canada (Governor General in Council)"",
    ""autoCompletions"": ""[{\""type\"":\""DECISION_NEUTRAL_CITATION\"",\""text\"":\""2018 SCC 40\""},{\""type\"":\""DECISION_NEUTRAL_CITATION\"",\""text\"":\""2018 CSC 40\""},{\""type\"":\""DECISION_CANLII_REFERENCE\"",\""text\"":\""2018 SCC 40 (CanLII)\""},{\""type\"":\""DECISION_CANLII_REFERENCE\"",\""text\"":\""2018 CSC 40 (CanLII)\""},{\""type\"":\""MAIN_TITLE\"",\""text\"":\""Mikisew Cree First Nation v. Canada (Governor General in Council)\""},{\""type\"":\""DECISION_OFFICIAL_REPORT_REFERENCE\"",\""text\"":\""[2018] 2 SCR 765\""},{\""type\"":\""DECISION_OFFICIAL_REPORT_REFERENCE\"",\""text\"":\""[2018] 2 RCS 765\""},{\""type\"":\""DECISION_OTHER_REFERENCES\"",\""text\"":\""426 DLR (4th) 647\""},{\""type\"":\""DECISION_OTHER_REFERENCES\"",\""text\"":\"" 20 CELR (4th) 1\""},{\""type\"":\""DECISION_OTHER_REFERENCES\"",\""text\"":\"" [2019] 1 CNLR 277\""},{\""type\"":\""DECISION_OTHER_REFERENCES\"",\""text\"":\"" 420 CRR (2d) 285\""},{\""type\"":\""DECISION_OTHER_REFERENCES\"",\""text\"":\"" [2018] SCJ No 40 (QL)\""},{\""type\"":\""DECISION_ALTERNATE_TITLE\"",\""text\"":\""Mikisew Cree First Nation c. Canada (Gouverneur général en conseil)\""},{\""type\"":\""DECISION_DOCKET_NUMBER\"",\""text\"":\""37441\""},{\""type\"":\""JURISDICTION_NAME\"",\""text\"":\""Canada (Federal)\""},{\""type\"":\""COLLECTION_NAME\"",\""text\"":\""Supreme Court of Canada\""}]"",
    ""jurisdictionId"": ""ca"",
    ""citedCount"": 234
  }
]"
https://canlii.ca/t/hw4ld,"[
  {
    ""id"": ""2018fca205"",
    ""docType"": ""DECISION"",
    ""path"": ""/en/ca/fca/doc/2018/2018fca205/2018fca205.html"",
    ""docTitle"": ""Sharif v. Canada (Attorney General)"",
    ""autoCompletions"": ""[{\""type\"":\""DECISION_NEUTRAL_CITATION\"",\""text\"":\""2018 FCA 205\""},{\""type\"":\""DECISION_NEUTRAL_CITATION\"",\""text\"":\""2018 CAF 205\""},{\""type\"":\""DECISION_CANLII_REFERENCE\"",\""text\"":\""2018 FCA 205 (CanLII)\""},{\""type\"":\""DECISION_CANLII_REFERENCE\"",\""text\"":\""2018 CAF 205 (CanLII)\""},{\""type\"":\""MAIN_TITLE\"",\""text\"":\""Sharif v. Canada (Attorney General)\""},{\""type\"":\""DECISION_OTHER_REFERENCES\"",\""text\"":\""50 CR (7th) 1\""},{\""type\"":\""DECISION_OTHER_REFERENCES\"",\""text\"":\"" [2018] FCJ No 1162 (QL)\""},{\""type\"":\""DECISION_OTHER_REFERENCES\"",\""text\"":\"" [2018] ACF No 1162 (QL)\""},{\""type\"":\""DECISION_ALTERNATE_TITLE\"",\""text\"":\""Sharif c. Canada (Procureur général)\""},{\""type\"":\""DECISION_DOCKET_NUMBER\"",\""text\"":\""A-419-17\""},{\""type\"":\""JURISDICTION_NAME\"",\""text\"":\""Canada (Federal)\""},{\""type\"":\""COLLECTION_NAME\"",\""text\"":\""Federal Court of Appeal\""}]"",
    ""jurisdictionId"": ""ca"",
    ""citedCount"": 77
  }
]"
https://canlii.ca/t/hxv39,"[
  {
    ""id"": ""2019nsca14"",
    ""docType"": ""DECISION"",
    ""path"": ""/en/ns/nsca/doc/2019/2019nsca14/2019nsca14.html"",
    ""docTitle"": ""Atlantic Mining NS Corp. (D.D.V. Gold Limited) v Oakley"",
    ""autoCompletions"": ""[{\""type\"":\""DECISION_NEUTRAL_CITATION\"",\""text\"":\""2019 NSCA 14\""},{\""type\"":\""DECISION_CANLII_REFERENCE\"",\""text\"":\""2019 NSCA 14 (CanLII)\""},{\""type\"":\""MAIN_TITLE\"",\""text\"":\""Atlantic Mining NS Corp. (D.D.V. Gold Limited) v Oakley\""},{\""type\"":\""DECISION_OTHER_REFERENCES\"",\""text\"":\""432 DLR (4th) 323\""},{\""type\"":\""DECISION_OTHER_REFERENCES\"",\""text\"":\"" 10 LCR (2d) 63\""},{\""type\"":\""DECISION_DOCKET_NUMBER\"",\""text\"":\""CA 475173\""},{\""type\"":\""JURISDICTION_NAME\"",\""text\"":\""Nova Scotia\""},{\""type\"":\""COLLECTION_NAME\"",\""text\"":\""Nova Scotia Court of Appeal\""}]"",
    ""jurisdictionId"": ""ns"",
    ""citedCount"": 13
  }
]"
https://canlii.ca/t/hzbj9,"[
  {
    ""id"": ""2019nsca22"",
    ""docType"": ""DECISION"",
    ""path"": ""/en/ns/nsca/doc/2019/2019nsca22/2019nsca22.html"",
    ""docTitle"": ""Nova Scotia (Attorney General) v S&D Smith Central Supplies Limited"",
    ""autoCompletions"": ""[{\""type\"":\""DECISION_NEUTRAL_CITATION\"",\""text\"":\""2019 NSCA 22\""},{\""type\"":\""DECISION_CANLII_REFERENCE\"",\""text\"":\""2019 NSCA 22 (CanLII)\""},{\""type\"":\""MAIN_TITLE\"",\""text\"":\""Nova Scotia (Attorney General) v S&D Smith Central Supplies Limited\""},{\""type\"":\""DECISION_DOCKET_NUMBER\"",\""text\"":\""CA 467211\""},{\""type\"":\""JURISDICTION_NAME\"",\""text\"":\""Nova Scotia\""},{\""type\"":\""COLLECTION_NAME\"",\""text\"":\""Nova Scotia Court of Appeal\""}]"",
    ""jurisdictionId"": ""ns"",
    ""citedCount"": 14
  }
]"
https://canlii.ca/t/hzbpq,"[
  {
    ""id"": ""2019fca52"",
    ""docType"": ""DECISION"",
    ""path"": ""/en/ca/fca/doc/2019/2019fca52/2019fca52.html"",
    ""docTitle"": ""Nova Tube Inc./Nova Steel Inc. v. Conares Metal Supply Ltd."",
    ""autoCompletions"": ""[{\""type\"":\""DECISION_NEUTRAL_CITATION\"",\""text\"":\""2019 FCA 52\""},{\""type\"":\""DECISION_NEUTRAL_CITATION\"",\""text\"":\""2019 CAF 52\""},{\""type\"":\""DECISION_CANLII_REFERENCE\"",\""text\"":\""2019 FCA 52 (CanLII)\""},{\""type\"":\""DECISION_CANLII_REFERENCE\"",\""text\"":\""2019 CAF 52 (CanLII)\""},{\""type\"":\""MAIN_TITLE\"",\""text\"":\""Nova Tube Inc./Nova Steel Inc. v. Conares Metal Supply Ltd.\""},{\""type\"":\""DECISION_OTHER_REFERENCES\"",\""text\"":\""303 ACWS (3d) 541\""},{\""type\"":\""DECISION_OTHER_REFERENCES\"",\""text\"":\"" [2019] CarswellNat 14755\""},{\""type\"":\""DECISION_ALTERNATE_TITLE\"",\""text\"":\""Nova Tube Inc./Nova Steel Inc. c. Conares Metal Supply Ltd.\""},{\""type\"":\""DECISION_DOCKET_NUMBER\"",\""text\"":\""A-11-18\""},{\""type\"":\""JURISDICTION_NAME\"",\""text\"":\""Canada (Federal)\""},{\""type\"":\""COLLECTION_NAME\"",\""text\"":\""Federal Court of Appeal\""}]"",
    ""jurisdictionId"": ""ca"",
    ""citedCount"": 40
  }
]"
https://canlii.ca/t/j2kgx,"[
  {
    ""id"": ""2019fct1195"",
    ""docType"": ""DECISION"",
    ""path"": ""/en/ca/fct/doc/2019/2019fc1195/2019fc1195.html"",
    ""docTitle"": ""British Columbia (Attorney General) v. Alberta (Attorney General)"",
    ""autoCompletions"": ""[{\""type\"":\""DECISION_NEUTRAL_CITATION\"",\""text\"":\""2019 FC 1195\""},{\""type\"":\""DECISION_NEUTRAL_CITATION\"",\""text\"":\""2019 CF 1195\""},{\""type\"":\""DECISION_CANLII_REFERENCE\"",\""text\"":\""2019 FC 1195 (CanLII)\""},{\""type\"":\""DECISION_CANLII_REFERENCE\"",\""text\"":\""2019 CF 1195 (CanLII)\""},{\""type\"":\""MAIN_TITLE\"",\""text\"":\""British Columbia (Attorney General) v. Alberta (Attorney General)\""},{\""type\"":\""DECISION_OFFICIAL_REPORT_REFERENCE\"",\""text\"":\""[2020] 2 FCR 124\""},{\""type\"":\""DECISION_OFFICIAL_REPORT_REFERENCE\"",\""text\"":\""[2020] 2 RCF 124\""},{\""type\"":\""DECISION_ALTERNATE_TITLE\"",\""text\"":\""Colombie-Britannique (Procureur général) c. Alberta (Procureur général)\""},{\""type\"":\""DECISION_DOCKET_NUMBER\"",\""text\"":\""T-982-19\""},{\""type\"":\""JURISDICTION_NAME\"",\""text\"":\""Canada (Federal)\""},{\""type\"":\""COLLECTION_NAME\"",\""text\"":\""Federal Court\""}]"",
    ""jurisdictionId"": ""ca"",
    ""citedCount"": 72
  }
]"
https://canlii.ca/t/j2pk8,"[
  {
    ""id"": ""2019fct1251"",
    ""docType"": ""DECISION"",
    ""path"": ""/en/ca/fct/doc/2019/2019fc1251/2019fc1251.html"",
    ""docTitle"": ""Mason v. Canada (Citizenship and Immigration)"",
    ""autoCompletions"": ""[{\""type\"":\""DECISION_NEUTRAL_CITATION\"",\""text\"":\""2019 FC 1251\""},{\""type\"":\""DECISION_NEUTRAL_CITATION\"",\""text\"":\""2019 CF 1251\""},{\""type\"":\""DECISION_CANLII_REFERENCE\"",\""text\"":\""2019 FC 1251 (CanLII)\""},{\""type\"":\""DECISION_CANLII_REFERENCE\"",\""text\"":\""2019 CF 1251 (CanLII)\""},{\""type\"":\""MAIN_TITLE\"",\""text\"":\""Mason v. Canada (Citizenship and Immigration)\""},{\""type\"":\""DECISION_OFFICIAL_REPORT_REFERENCE\"",\""text\"":\""[2020] 2 FCR 3\""},{\""type\"":\""DECISION_OFFICIAL_REPORT_REFERENCE\"",\""text\"":\""[2020] 2 RCF 3\""},{\""type\"":\""DECISION_OTHER_REFERENCES\"",\""text\"":\""311 ACWS (3d) 601\""},{\""type\"":\""DECISION_OTHER_REFERENCES\"",\""text\"":\"" 71 Imm LR (4th) 292\""},{\""type\"":\""DECISION_OTHER_REFERENCES\"",\""text\"":\"" [2019] CarswellNat 5134\""},{\""type\"":\""DECISION_OTHER_REFERENCES\"",\""text\"":\"" [2019] FCJ No 1127 (QL)\""},{\""type\"":\""DECISION_OTHER_REFERENCES\"",\""text\"":\"" [2019] ACF No 1127 (QL)\""},{\""type\"":\""DECISION_ALTERNATE_TITLE\"",\""text\"":\""Mason c. Canada (Citoyenneté et Immigration)\""},{\""type\"":\""DECISION_DOCKET_NUMBER\"",\""text\"":\""IMM-1645-19\""},{\""type\"":\""JURISDICTION_NAME\"",\""text\"":\""Canada (Federal)\""},{\""type\"":\""COLLECTION_NAME\"",\""text\"":\""Federal Court\""}]"",
    ""jurisdictionId"": ""ca"",
    ""citedCount"": 19
  }
]"
https://canlii.ca/t/j354v,"[
  {
    ""id"": ""2019nbca75"",
    ""docType"": ""DECISION"",
    ""path"": ""/en/nb/nbca/doc/2019/2019nbca75/2019nbca75.html"",
    ""docTitle"": ""M.B. v L.B."",
    ""autoCompletions"": ""[{\""type\"":\""DECISION_NEUTRAL_CITATION\"",\""text\"":\""2019 NBCA 75\""},{\""type\"":\""DECISION_CANLII_REFERENCE\"",\""text\"":\""2019 NBCA 75 (CanLII)\""},{\""type\"":\""MAIN_TITLE\"",\""text\"":\""M.B. v L.B.\""},{\""type\"":\""DECISION_OTHER_REFERENCES\"",\""text\"":\""[2019] NBJ No 389 (QL)\""},{\""type\"":\""DECISION_OTHER_REFERENCES\"",\""text\"":\""[2019] ANB No 389 (QL)\""},{\""type\"":\""DECISION_ALTERNATE_TITLE\"",\""text\"":\""M.B. c. L.B.\""},{\""type\"":\""DECISION_DOCKET_NUMBER\"",\""text\"":\""118-18-CA\""},{\""type\"":\""JURISDICTION_NAME\"",\""text\"":\""New Brunswick\""},{\""type\"":\""COLLECTION_NAME\"",\""text\"":\""Court of Appeal of New Brunswick\""}]"",
    ""jurisdictionId"": ""nb"",
    ""citedCount"": 7
  }
]"
https://canlii.ca/t/j3xk2,"[
  {
    ""id"": ""2019qcca2145"",
    ""docType"": ""DECISION"",
    ""path"": ""/en/qc/qcca/doc/2019/2019qcca2145/2019qcca2145.html"",
    ""docTitle"": ""Hak c. Procureure générale du Québec"",
    ""autoCompletions"": ""[{\""type\"":\""DECISION_NEUTRAL_CITATION\"",\""text\"":\""2019 QCCA 2145\""},{\""type\"":\""DECISION_CANLII_REFERENCE\"",\""text\"":\""2019 QCCA 2145 (CanLII)\""},{\""type\"":\""MAIN_TITLE\"",\""text\"":\""Hak c. Procureure générale du Québec\""},{\""type\"":\""DECISION_ALTERNATE_TITLE\"",\""text\"":\""Hak c. Procureure générale du Québec\""},{\""type\"":\""DECISION_DOCKET_NUMBER\"",\""text\"":\""500-09-028470-193\""},{\""type\"":\""JURISDICTION_NAME\"",\""text\"":\""Quebec\""},{\""type\"":\""COLLECTION_NAME\"",\""text\"":\""Court of Appeal of Quebec\""}]"",
    ""jurisdictionId"": ""qc"",
    ""citedCount"": 92
  }
]"
https://canlii.ca/t/j46k8,"[
  {
    ""id"": ""2019csc-scc66"",
    ""docType"": ""DECISION"",
    ""path"": ""/en/ca/scc/doc/2019/2019scc66/2019scc66.html"",
    ""docTitle"": ""Bell Canada v. Canada (Attorney General)"",
    ""autoCompletions"": ""[{\""type\"":\""DECISION_NEUTRAL_CITATION\"",\""text\"":\""2019 SCC 66\""},{\""type\"":\""DECISION_NEUTRAL_CITATION\"",\""text\"":\""2019 CSC 66\""},{\""type\"":\""DECISION_CANLII_REFERENCE\"",\""text\"":\""2019 SCC 66 (CanLII)\""},{\""type\"":\""DECISION_CANLII_REFERENCE\"",\""text\"":\""2019 CSC 66 (CanLII)\""},{\""type\"":\""MAIN_TITLE\"",\""text\"":\""Bell Canada v. Canada (Attorney General)\""},{\""type\"":\""DECISION_OFFICIAL_REPORT_REFERENCE\"",\""text\"":\""[2019] 4 SCR 845\""},{\""type\"":\""DECISION_OFFICIAL_REPORT_REFERENCE\"",\""text\"":\""[2019] 4 RCS 845\""},{\""type\"":\""DECISION_OTHER_REFERENCES\"",\""text\"":\""441 DLR (4th) 155\""},{\""type\"":\""DECISION_OTHER_REFERENCES\"",\""text\"":\"" [2020] EXP 9\""},{\""type\"":\""DECISION_OTHER_REFERENCES\"",\""text\"":\"" 171 CPR (4th) 215\""},{\""type\"":\""DECISION_OTHER_REFERENCES\"",\""text\"":\"" 60 Admin LR (6th) 1\""},{\""type\"":\""DECISION_OTHER_REFERENCES\"",\""text\"":\"" [2019] CarswellNat 7881\""},{\""type\"":\""DECISION_OTHER_REFERENCES\"",\""text\"":\"" [2019] SCJ No 66 (QL)\""},{\""type\"":\""DECISION_ALTERNATE_TITLE\"",\""text\"":\""Bell Canada c. Canada (Procureur général)\""},{\""type\"":\""DECISION_DOCKET_NUMBER\"",\""text\"":\"" 37897\""},{\""type\"":\""DECISION_DOCKET_NUMBER\"",\""text\"":\""37896\""},{\""type\"":\""JURISDICTION_NAME\"",\""text\"":\""Canada (Federal)\""},{\""type\"":\""COLLECTION_NAME\"",\""text\"":\""Supreme Court of Canada\""}]"",
    ""jurisdictionId"": ""ca"",
    ""citedCount"": 278
  }
]"
https://canlii.ca/t/j46kb,"[
  {
    ""id"": ""2019csc-scc65"",
    ""docType"": ""DECISION"",
    ""path"": ""/en/ca/scc/doc/2019/2019scc65/2019scc65.html"",
    ""docTitle"": ""Canada (Minister of Citizenship and Immigration) v. Vavilov"",
    ""autoCompletions"": ""[{\""type\"":\""DECISION_NEUTRAL_CITATION\"",\""text\"":\""2019 SCC 65\""},{\""type\"":\""DECISION_NEUTRAL_CITATION\"",\""text\"":\""2019 CSC 65\""},{\""type\"":\""DECISION_CANLII_REFERENCE\"",\""text\"":\""2019 SCC 65 (CanLII)\""},{\""type\"":\""DECISION_CANLII_REFERENCE\"",\""text\"":\""2019 CSC 65 (CanLII)\""},{\""type\"":\""MAIN_TITLE\"",\""text\"":\""Canada (Minister of Citizenship and Immigration) v. Vavilov\""},{\""type\"":\""DECISION_OFFICIAL_REPORT_REFERENCE\"",\""text\"":\""[2019] 4 SCR 653\""},{\""type\"":\""DECISION_OFFICIAL_REPORT_REFERENCE\"",\""text\"":\""[2019] 4 RCS 653\""},{\""type\"":\""DECISION_OTHER_REFERENCES\"",\""text\"":\"" REJB 2019-335761\""},{\""type\"":\""DECISION_OTHER_REFERENCES\"",\""text\"":\""[2019] 4 SCR 563\""},{\""type\"":\""DECISION_OTHER_REFERENCES\"",\""text\"":\"" 441 DLR (4th) 1\""},{\""type\"":\""DECISION_OTHER_REFERENCES\"",\""text\"":\"" 312 ACWS (3d) 460\""},{\""type\"":\""DECISION_OTHER_REFERENCES\"",\""text\"":\"" AZ-51654335\""},{\""type\"":\""DECISION_OTHER_REFERENCES\"",\""text\"":\"" [2020] EXP 27\""},{\""type\"":\""DECISION_OTHER_REFERENCES\"",\""text\"":\"" 59 Admin LR (6th) 1\""},{\""type\"":\""DECISION_OTHER_REFERENCES\"",\""text\"":\"" 69 Imm LR (4th) 1\""},{\""type\"":\""DECISION_OTHER_REFERENCES\"",\""text\"":\"" [2019] CarswellNat 7883\""},{\""type\"":\""DECISION_OTHER_REFERENCES\"",\""text\"":\"" EYB 2019-335761\""},{\""type\"":\""DECISION_OTHER_REFERENCES\"",\""text\"":\"" [2019] SCJ No 65 (QL)\""},{\""type\"":\""DECISION_OTHER_REFERENCES\"",\""text\"":\"" [2019] ACS no 65\""},{\""type\"":\""DECISION_OTHER_REFERENCES\"",\""text\"":\""[2019] 4 RCS 563\""},{\""type\"":\""DECISION_ALTERNATE_TITLE\"",\""text\"":\""Canada (Ministre de la Citoyenneté et de l’Immigration) c. Vavilov\""},{\""type\"":\""DECISION_DOCKET_NUMBER\"",\""text\"":\""37748\""},{\""type\"":\""JURISDICTION_NAME\"",\""text\"":\""Canada (Federal)\""},{\""type\"":\""COLLECTION_NAME\"",\""text\"":\""Supreme Court of Canada\""}]"",
    ""jurisdictionId"": ""ca"",
    ""citedCount"": 15830
  }
]"
https://canlii.ca/t/j54ch,"[
  {
    ""id"": ""2020qcca197"",
    ""docType"": ""DECISION"",
    ""path"": ""/fr/qc/qcca/doc/2020/2020qcca197/2020qcca197.html"",
    ""docTitle"": ""CTI Capital valeurs mobilières inc. c. Nassif"",
    ""autoCompletions"": ""[{\""type\"":\""DECISION_NEUTRAL_CITATION\"",\""text\"":\""2020 QCCA 197\""},{\""type\"":\""DECISION_CANLII_REFERENCE\"",\""text\"":\""2020 QCCA 197 (CanLII)\""},{\""type\"":\""MAIN_TITLE\"",\""text\"":\""CTI Capital valeurs mobilières inc. c. Nassif\""},{\""type\"":\""DECISION_DOCKET_NUMBER\"",\""text\"":\""500-09-028757-193\""},{\""type\"":\""JURISDICTION_NAME\"",\""text\"":\""Québec\""},{\""type\"":\""COLLECTION_NAME\"",\""text\"":\""Cour d'appel du Québec\""}]"",
    ""jurisdictionId"": ""qc"",
    ""citedCount"": 24
  }
]"
https://canlii.ca/t/j5cbg,"[
  {
    ""id"": ""2020csc-scc4"",
    ""docType"": ""DECISION"",
    ""path"": ""/en/ca/scc/doc/2020/2020scc4/2020scc4.html"",
    ""docTitle"": ""Newfoundland and Labrador (Attorney General) v. Uashaunnuat (Innu of Uashat and of Mani‑Utenam)"",
    ""autoCompletions"": ""[{\""type\"":\""DECISION_NEUTRAL_CITATION\"",\""text\"":\""2020 SCC 4\""},{\""type\"":\""DECISION_NEUTRAL_CITATION\"",\""text\"":\""2020 CSC 4\""},{\""type\"":\""DECISION_CANLII_REFERENCE\"",\""text\"":\""2020 SCC 4 (CanLII)\""},{\""type\"":\""DECISION_CANLII_REFERENCE\"",\""text\"":\""2020 CSC 4 (CanLII)\""},{\""type\"":\""MAIN_TITLE\"",\""text\"":\""Newfoundland and Labrador (Attorney General) v. Uashaunnuat (Innu of Uashat and of Mani‑Utenam)\""},{\""type\"":\""DECISION_OFFICIAL_REPORT_REFERENCE\"",\""text\"":\""[2020] 1 SCR 15\""},{\""type\"":\""DECISION_OFFICIAL_REPORT_REFERENCE\"",\""text\"":\""[2020] 1 RCS 15\""},{\""type\"":\""DECISION_OTHER_REFERENCES\"",\""text\"":\""443 DLR (4th) 1\""},{\""type\"":\""DECISION_ALTERNATE_TITLE\"",\""text\"":\""Terre‑Neuve‑et‑Labrador (Procureur général) c. Uashaunnuat (Innus de Uashat et de Mani‑Utenam)\""},{\""type\"":\""DECISION_DOCKET_NUMBER\"",\""text\"":\""37912\""},{\""type\"":\""JURISDICTION_NAME\"",\""text\"":\""Canada (Federal)\""},{\""type\"":\""COLLECTION_NAME\"",\""text\"":\""Supreme Court of Canada\""}]"",
    ""jurisdictionId"": ""ca"",
    ""citedCount"": 171
  }
]"
https://canlii.ca/t/j882q,"[
  {
    ""id"": ""2020csc-scc13"",
    ""docType"": ""DECISION"",
    ""path"": ""/en/ca/scc/doc/2020/2020scc13/2020scc13.html"",
    ""docTitle"": ""Conseil scolaire francophone de la Colombie‑Britannique v. British Columbia"",
    ""autoCompletions"": ""[{\""type\"":\""DECISION_NEUTRAL_CITATION\"",\""text\"":\""2020 SCC 13\""},{\""type\"":\""DECISION_NEUTRAL_CITATION\"",\""text\"":\""2020 CSC 13\""},{\""type\"":\""DECISION_CANLII_REFERENCE\"",\""text\"":\""2020 SCC 13 (CanLII)\""},{\""type\"":\""DECISION_CANLII_REFERENCE\"",\""text\"":\""2020 CSC 13 (CanLII)\""},{\""type\"":\""MAIN_TITLE\"",\""text\"":\""Conseil scolaire francophone de la Colombie‑Britannique v. British Columbia\""},{\""type\"":\""DECISION_OFFICIAL_REPORT_REFERENCE\"",\""text\"":\""[2020] 1 SCR 678\""},{\""type\"":\""DECISION_OFFICIAL_REPORT_REFERENCE\"",\""text\"":\""[2020] 1 RCS 678\""},{\""type\"":\""DECISION_OTHER_REFERENCES\"",\""text\"":\"" REJB 2020-354441\""},{\""type\"":\""DECISION_OTHER_REFERENCES\"",\""text\"":\""447 DLR (4th) 1\""},{\""type\"":\""DECISION_OTHER_REFERENCES\"",\""text\"":\"" [2020] 7 WWR 375\""},{\""type\"":\""DECISION_OTHER_REFERENCES\"",\""text\"":\"" [2020] EXP 1401\""},{\""type\"":\""DECISION_OTHER_REFERENCES\"",\""text\"":\"" 36 BCLR (6th) 1\""},{\""type\"":\""DECISION_OTHER_REFERENCES\"",\""text\"":\"" 461 CRR (2d) 10\""},{\""type\"":\""DECISION_OTHER_REFERENCES\"",\""text\"":\"" EYB 2020-354441\""},{\""type\"":\""DECISION_OTHER_REFERENCES\"",\""text\"":\"" [2020] SCJ No 13 (QL)\""},{\""type\"":\""DECISION_OTHER_REFERENCES\"",\""text\"":\"" [2020] ACS no 13\""},{\""type\"":\""DECISION_ALTERNATE_TITLE\"",\""text\"":\""Conseil scolaire francophone de la Colombie‑Britannique c. Colombie‑Britannique\""},{\""type\"":\""DECISION_DOCKET_NUMBER\"",\""text\"":\""38332\""},{\""type\"":\""JURISDICTION_NAME\"",\""text\"":\""Canada (Federal)\""},{\""type\"":\""COLLECTION_NAME\"",\""text\"":\""Supreme Court of Canada\""}]"",
    ""jurisdictionId"": ""ca"",
    ""citedCount"": 113
  }
]"
https://canlii.ca/t/j9pm6,"[
  {
    ""id"": ""2020qcca1171"",
    ""docType"": ""DECISION"",
    ""path"": ""/en/qc/qcca/doc/2020/2020qcca1171/2020qcca1171.html"",
    ""docTitle"": ""Procureur général du Québec v. Quebec English School Board Association"",
    ""autoCompletions"": ""[{\""type\"":\""DECISION_NEUTRAL_CITATION\"",\""text\"":\""2020 QCCA 1171\""},{\""type\"":\""DECISION_CANLII_REFERENCE\"",\""text\"":\""2020 QCCA 1171 (CanLII)\""},{\""type\"":\""MAIN_TITLE\"",\""text\"":\""Procureur général du Québec v. Quebec English School Board Association\""},{\""type\"":\""DECISION_ALTERNATE_TITLE\"",\""text\"":\""Procureur général du Québec c. Quebec English School Board Association\""},{\""type\"":\""DECISION_ALTERNATE_TITLE\"",\""text\"":\""Procureur général du Québec c. Quebec English School Board Association\""},{\""type\"":\""DECISION_DOCKET_NUMBER\"",\""text\"":\""500-09-029030-202\""},{\""type\"":\""JURISDICTION_NAME\"",\""text\"":\""Quebec\""},{\""type\"":\""COLLECTION_NAME\"",\""text\"":\""Court of Appeal of Quebec\""}]"",
    ""jurisdictionId"": ""qc"",
    ""citedCount"": 50
  }
]"
https://canlii.ca/t/j9sn0,"[
  {
    ""id"": ""2020nbca62"",
    ""docType"": ""DECISION"",
    ""path"": ""/en/nb/nbca/doc/2020/2020nbca62/2020nbca62.html"",
    ""docTitle"": ""Shanks v. Shay"",
    ""autoCompletions"": ""[{\""type\"":\""DECISION_NEUTRAL_CITATION\"",\""text\"":\""2020 NBCA 62\""},{\""type\"":\""DECISION_CANLII_REFERENCE\"",\""text\"":\""2020 NBCA 62 (CanLII)\""},{\""type\"":\""MAIN_TITLE\"",\""text\"":\""Shanks v. Shay\""},{\""type\"":\""DECISION_OTHER_REFERENCES\"",\""text\"":\""[2020] NBJ No 224 (QL)\""},{\""type\"":\""DECISION_OTHER_REFERENCES\"",\""text\"":\""[2020] ANB No 224 (QL)\""},{\""type\"":\""DECISION_ALTERNATE_TITLE\"",\""text\"":\""Shanks c. Shay et autres\""},{\""type\"":\""DECISION_DOCKET_NUMBER\"",\""text\"":\""126-19-CA\""},{\""type\"":\""JURISDICTION_NAME\"",\""text\"":\""New Brunswick\""},{\""type\"":\""COLLECTION_NAME\"",\""text\"":\""Court of Appeal of New Brunswick\""}]"",
    ""jurisdictionId"": ""nb"",
    ""citedCount"": 2
  }
]"
https://canlii.ca/t/jd5s9,"[
  {
    ""id"": ""2021qcca239"",
    ""docType"": ""DECISION"",
    ""path"": ""/fr/qc/qcca/doc/2021/2021qcca239/2021qcca239.html"",
    ""docTitle"": ""Aliments Ultima inc. c. Vergers Leahy inc."",
    ""autoCompletions"": ""[{\""type\"":\""DECISION_NEUTRAL_CITATION\"",\""text\"":\""2021 QCCA 239\""},{\""type\"":\""DECISION_CANLII_REFERENCE\"",\""text\"":\""2021 QCCA 239 (CanLII)\""},{\""type\"":\""MAIN_TITLE\"",\""text\"":\""Aliments Ultima inc. c. Vergers Leahy inc.\""},{\""type\"":\""DECISION_DOCKET_NUMBER\"",\""text\"":\""500-09-029325-214\""},{\""type\"":\""JURISDICTION_NAME\"",\""text\"":\""Québec\""},{\""type\"":\""COLLECTION_NAME\"",\""text\"":\""Cour d'appel du Québec\""}]"",
    ""jurisdictionId"": ""qc"",
    ""citedCount"": 11
  }
]"
https://canlii.ca/t/jdcmm,"[
  {
    ""id"": ""1982qccs1000112"",
    ""docType"": ""DECISION"",
    ""path"": ""/fr/qc/qccs/doc/1982/1982canlii4920/1982canlii4920.html"",
    ""docTitle"": ""Québec (Comm. des droits de la personne) c. Montréal (Ville)"",
    ""autoCompletions"": ""[{\""type\"":\""DECISION_CANLII_REFERENCE\"",\""text\"":\""1982 CanLII 4920 (QC CS)\""},{\""type\"":\""MAIN_TITLE\"",\""text\"":\""Québec (Comm. des droits de la personne) c. Montréal (Ville)\""},{\""type\"":\""DECISION_OTHER_REFERENCES\"",\""text\"":\""4 CHRR 1444\""},{\""type\"":\""JURISDICTION_NAME\"",\""text\"":\""Québec\""},{\""type\"":\""COLLECTION_NAME\"",\""text\"":\""Cour supérieure\""}]"",
    ""jurisdictionId"": ""qc"",
    ""citedCount"": 5
  }
]"
https://canlii.ca/t/jddbr,"[
  {
    ""id"": ""1981qccq1000054"",
    ""docType"": ""DECISION"",
    ""path"": ""/fr/qc/qccq/doc/1981/1981canlii4367/1981canlii4367.html"",
    ""docTitle"": ""Mercier c. Beauport (Ville)"",
    ""autoCompletions"": ""[{\""type\"":\""DECISION_CANLII_REFERENCE\"",\""text\"":\""1981 CanLII 4367 (QC CQ)\""},{\""type\"":\""MAIN_TITLE\"",\""text\"":\""Mercier c. Beauport (Ville)\""},{\""type\"":\""DECISION_OTHER_REFERENCES\"",\""text\"":\""3 CHRR 648\""},{\""type\"":\""JURISDICTION_NAME\"",\""text\"":\""Québec\""},{\""type\"":\""COLLECTION_NAME\"",\""text\"":\""Cour du Québec\""}]"",
    ""jurisdictionId"": ""qc"",
    ""citedCount"": 0
  }
]"
https://canlii.ca/t/jff8f,"[
  {
    ""id"": ""2021qccs1466"",
    ""docType"": ""DECISION"",
    ""path"": ""/fr/qc/qccs/doc/2021/2021qccs1466/2021qccs1466.html"",
    ""docTitle"": ""Hak c. Procureur général du Québec"",
    ""autoCompletions"": ""[{\""type\"":\""DECISION_NEUTRAL_CITATION\"",\""text\"":\""2021 QCCS 1466\""},{\""type\"":\""DECISION_CANLII_REFERENCE\"",\""text\"":\""2021 QCCS 1466 (CanLII)\""},{\""type\"":\""MAIN_TITLE\"",\""text\"":\""Hak c. Procureur général du Québec\""},{\""type\"":\""DECISION_DOCKET_NUMBER\"",\""text\"":\""500-17-109983-190\""},{\""type\"":\""DECISION_DOCKET_NUMBER\"",\""text\"":\"" 500-17-107204-193\""},{\""type\"":\""DECISION_DOCKET_NUMBER\"",\""text\"":\"" 500-17-108353-197\""},{\""type\"":\""DECISION_DOCKET_NUMBER\"",\""text\"":\"" 500-17-109731-193\""},{\""type\"":\""JURISDICTION_NAME\"",\""text\"":\""Québec\""},{\""type\"":\""COLLECTION_NAME\"",\""text\"":\""Cour supérieure\""}]"",
    ""jurisdictionId"": ""qc"",
    ""citedCount"": 49
  }
]"
https://canlii.ca/t/jfjrk,"[
  {
    ""id"": ""2021nbca18"",
    ""docType"": ""DECISION"",
    ""path"": ""/en/nb/nbca/doc/2021/2021nbca18/2021nbca18.html"",
    ""docTitle"": ""Tingley v. The Attorney General of Canada et al."",
    ""autoCompletions"": ""[{\""type\"":\""DECISION_NEUTRAL_CITATION\"",\""text\"":\""2021 NBCA 18\""},{\""type\"":\""DECISION_CANLII_REFERENCE\"",\""text\"":\""2021 NBCA 18 (CanLII)\""},{\""type\"":\""MAIN_TITLE\"",\""text\"":\""Tingley v. The Attorney General of Canada et al.\""},{\""type\"":\""DECISION_OTHER_REFERENCES\"",\""text\"":\""[2021] NBJ No 105 (QL)\""},{\""type\"":\""DECISION_OTHER_REFERENCES\"",\""text\"":\""[2021] ANB No 105 (QL)\""},{\""type\"":\""DECISION_ALTERNATE_TITLE\"",\""text\"":\""Tingley c. Le procureur général du Canada et autres\""},{\""type\"":\""DECISION_DOCKET_NUMBER\"",\""text\"":\""105-19-CA\""},{\""type\"":\""JURISDICTION_NAME\"",\""text\"":\""New Brunswick\""},{\""type\"":\""COLLECTION_NAME\"",\""text\"":\""Court of Appeal of New Brunswick\""}]"",
    ""jurisdictionId"": ""nb"",
    ""citedCount"": 14
  }
]"
https://canlii.ca/t/jfknm,"[
  {
    ""id"": ""2021fca84"",
    ""docType"": ""DECISION"",
    ""path"": ""/en/ca/fca/doc/2021/2021fca84/2021fca84.html"",
    ""docTitle"": ""Alberta (Attorney General) v. British Columbia (Attorney General)"",
    ""autoCompletions"": ""[{\""type\"":\""DECISION_NEUTRAL_CITATION\"",\""text\"":\""2021 FCA 84\""},{\""type\"":\""DECISION_NEUTRAL_CITATION\"",\""text\"":\""2021 CAF 84\""},{\""type\"":\""DECISION_CANLII_REFERENCE\"",\""text\"":\""2021 FCA 84 (CanLII)\""},{\""type\"":\""DECISION_CANLII_REFERENCE\"",\""text\"":\""2021 CAF 84 (CanLII)\""},{\""type\"":\""MAIN_TITLE\"",\""text\"":\""Alberta (Attorney General) v. British Columbia (Attorney General)\""},{\""type\"":\""DECISION_OFFICIAL_REPORT_REFERENCE\"",\""text\"":\""[2021] 2 FCR 426\""},{\""type\"":\""DECISION_OFFICIAL_REPORT_REFERENCE\"",\""text\"":\""[2021] 2 RCF 426\""},{\""type\"":\""DECISION_OTHER_REFERENCES\"",\""text\"":\""41 CELR (4th) 157\""},{\""type\"":\""DECISION_ALTERNATE_TITLE\"",\""text\"":\""Alberta (Procureur général) c. Colombie-Britannique (Procureur général)\""},{\""type\"":\""DECISION_DOCKET_NUMBER\"",\""text\"":\""A-386-19\""},{\""type\"":\""JURISDICTION_NAME\"",\""text\"":\""Canada (Federal)\""},{\""type\"":\""COLLECTION_NAME\"",\""text\"":\""Federal Court of Appeal\""}]"",
    ""jurisdictionId"": ""ca"",
    ""citedCount"": 62
  }
]"
https://canlii.ca/t/jg2jz,"[
  {
    ""id"": ""2021qcca837"",
    ""docType"": ""DECISION"",
    ""path"": ""/en/qc/qcca/doc/2021/2021qcca837/2021qcca837.html"",
    ""docTitle"": ""Droit de la famille — 21903"",
    ""autoCompletions"": ""[{\""type\"":\""DECISION_NEUTRAL_CITATION\"",\""text\"":\""2021 QCCA 837\""},{\""type\"":\""DECISION_CANLII_REFERENCE\"",\""text\"":\""2021 QCCA 837 (CanLII)\""},{\""type\"":\""MAIN_TITLE\"",\""text\"":\""Droit de la famille — 21903\""},{\""type\"":\""DECISION_DOCKET_NUMBER\"",\""text\"":\""500-09-029457-215\""},{\""type\"":\""JURISDICTION_NAME\"",\""text\"":\""Quebec\""},{\""type\"":\""COLLECTION_NAME\"",\""text\"":\""Court of Appeal of Quebec\""}]"",
    ""jurisdictionId"": ""qc"",
    ""citedCount"": 2
  }
]"
https://canlii.ca/t/jh0pr,"[
  {
    ""id"": ""2021csc-scc28"",
    ""docType"": ""DECISION"",
    ""path"": ""/en/ca/scc/doc/2021/2021scc28/2021scc28.html"",
    ""docTitle"": ""Southwind v. Canada"",
    ""autoCompletions"": ""[{\""type\"":\""DECISION_NEUTRAL_CITATION\"",\""text\"":\""2021 SCC 28\""},{\""type\"":\""DECISION_NEUTRAL_CITATION\"",\""text\"":\""2021 CSC 28\""},{\""type\"":\""DECISION_CANLII_REFERENCE\"",\""text\"":\""2021 SCC 28 (CanLII)\""},{\""type\"":\""DECISION_CANLII_REFERENCE\"",\""text\"":\""2021 CSC 28 (CanLII)\""},{\""type\"":\""MAIN_TITLE\"",\""text\"":\""Southwind v. Canada\""},{\""type\"":\""DECISION_OFFICIAL_REPORT_REFERENCE\"",\""text\"":\""[2021] 2 SCR 450\""},{\""type\"":\""DECISION_OFFICIAL_REPORT_REFERENCE\"",\""text\"":\""[2021] 2 RCS 450\""},{\""type\"":\""DECISION_OTHER_REFERENCES\"",\""text\"":\""459 DLR (4th) 1\""},{\""type\"":\""DECISION_OTHER_REFERENCES\"",\""text\"":\"" [2021] CarswellNat 2594\""},{\""type\"":\""DECISION_OTHER_REFERENCES\"",\""text\"":\"" [2021] SCJ No 28 (QL)\""},{\""type\"":\""DECISION_ALTERNATE_TITLE\"",\""text\"":\""Southwind c. Canada\""},{\""type\"":\""DECISION_DOCKET_NUMBER\"",\""text\"":\""38795\""},{\""type\"":\""JURISDICTION_NAME\"",\""text\"":\""Canada (Federal)\""},{\""type\"":\""COLLECTION_NAME\"",\""text\"":\""Supreme Court of Canada\""}]"",
    ""jurisdictionId"": ""ca"",
    ""citedCount"": 73
  }
]"
https://canlii.ca/t/jm25z,"[
  {
    ""id"": ""2022nbca4"",
    ""docType"": ""DECISION"",
    ""path"": ""/en/nb/nbca/doc/2022/2022nbca4/2022nbca4.html"",
    ""docTitle"": ""Edmondson et al. v. Edmondson et al."",
    ""autoCompletions"": ""[{\""type\"":\""DECISION_NEUTRAL_CITATION\"",\""text\"":\""2022 NBCA 4\""},{\""type\"":\""DECISION_CANLII_REFERENCE\"",\""text\"":\""2022 NBCA 4 (CanLII)\""},{\""type\"":\""MAIN_TITLE\"",\""text\"":\""Edmondson et al. v. Edmondson et al.\""},{\""type\"":\""DECISION_OTHER_REFERENCES\"",\""text\"":\""[2022] NBJ No 16 (QL)\""},{\""type\"":\""DECISION_OTHER_REFERENCES\"",\""text\"":\""[2022] ANB No 16 (QL)\""},{\""type\"":\""DECISION_ALTERNATE_TITLE\"",\""text\"":\""Edmondson et autre c. Edmondson et autre\""},{\""type\"":\""DECISION_DOCKET_NUMBER\"",\""text\"":\""27-21-CA\""},{\""type\"":\""JURISDICTION_NAME\"",\""text\"":\""New Brunswick\""},{\""type\"":\""COLLECTION_NAME\"",\""text\"":\""Court of Appeal of New Brunswick\""}]"",
    ""jurisdictionId"": ""nb"",
    ""citedCount"": 32
  }
]"
https://canlii.ca/t/jmwtf,"[
  {
    ""id"": ""2000bcla1000135"",
    ""docType"": ""DECISION"",
    ""path"": ""/en/bc/bcla/doc/2000/2000canlii50084/2000canlii50084.html"",
    ""docTitle"": ""School District No. 5 (Southeast Kootenay) and B.C.T.F. (Yellowaga) (Re)"",
    ""autoCompletions"": ""[{\""type\"":\""DECISION_CANLII_REFERENCE\"",\""text\"":\""2000 CanLII 50084 (BC LA)\""},{\""type\"":\""MAIN_TITLE\"",\""text\"":\""School District No. 5 (Southeast Kootenay) and B.C.T.F. (Yellowaga) (Re)\""},{\""type\"":\""DECISION_OTHER_REFERENCES\"",\""text\"":\""94 LAC (4th) 56\""},{\""type\"":\""DECISION_DOCKET_NUMBER\"",\""text\"":\""A-320/00\""},{\""type\"":\""JURISDICTION_NAME\"",\""text\"":\""British Columbia\""},{\""type\"":\""COLLECTION_NAME\"",\""text\"":\""Labour Arbitration Awards\""}]"",
    ""jurisdictionId"": ""bc"",
    ""citedCount"": 7
  }
]"
https://canlii.ca/t/jqr4g,"[
  {
    ""id"": ""1970exchc-cech1000016"",
    ""docType"": ""DECISION"",
    ""path"": ""/en/ca/exch/doc/1970/1970canlii1723/1970canlii1723.html"",
    ""docTitle"": ""Hunt Foods Export Corp. of Canada Ltd et al v. Deputy Minister of National Revenue for Customs and Excise"",
    ""autoCompletions"": ""[{\""type\"":\""DECISION_CANLII_REFERENCE\"",\""text\"":\""1970 CanLII 1723 (CA EXC)\""},{\""type\"":\""DECISION_CANLII_REFERENCE\"",\""text\"":\""1970 CanLII 1723 (CA CÉC)\""},{\""type\"":\""MAIN_TITLE\"",\""text\"":\""Hunt Foods Export Corp. of Canada Ltd et al v. Deputy Minister of National Revenue for Customs and Excise\""},{\""type\"":\""DECISION_OFFICIAL_REPORT_REFERENCE\"",\""text\"":\""[1970] Ex CR 828\""},{\""type\"":\""DECISION_OFFICIAL_REPORT_REFERENCE\"",\""text\"":\""[1970] R.C. de l'É. 829\""},{\""type\"":\""DECISION_OTHER_REFERENCES\"",\""text\"":\""[1970] Ex CR 829\""},{\""type\"":\""DECISION_ALTERNATE_TITLE\"",\""text\"":\""Hunt Foods Export Corp. of Canada Ltd et al v. Sous-Ministre du Revenu National pour les Douanes et l'Accise\""},{\""type\"":\""JURISDICTION_NAME\"",\""text\"":\""Canada (Federal)\""},{\""type\"":\""COLLECTION_NAME\"",\""text\"":\""Exchequer Court of Canada\""}]"",
    ""jurisdictionId"": ""ca"",
    ""citedCount"": 0
  }
]"
https://canlii.ca/t/jshfv,"[
  {
    ""id"": ""2022csc-scc36"",
    ""docType"": ""DECISION"",
    ""path"": ""/en/ca/scc/doc/2022/2022scc36/2022scc36.html"",
    ""docTitle"": ""Annapolis Group Inc. v. Halifax Regional Municipality"",
    ""autoCompletions"": ""[{\""type\"":\""DECISION_NEUTRAL_CITATION\"",\""text\"":\""2022 SCC 36\""},{\""type\"":\""DECISION_NEUTRAL_CITATION\"",\""text\"":\""2022 CSC 36\""},{\""type\"":\""DECISION_CANLII_REFERENCE\"",\""text\"":\""2022 SCC 36 (CanLII)\""},{\""type\"":\""DECISION_CANLII_REFERENCE\"",\""text\"":\""2022 CSC 36 (CanLII)\""},{\""type\"":\""MAIN_TITLE\"",\""text\"":\""Annapolis Group Inc. v. Halifax Regional Municipality\""},{\""type\"":\""DECISION_OFFICIAL_REPORT_REFERENCE\"",\""text\"":\""[2022] 2 SCR 772\""},{\""type\"":\""DECISION_OFFICIAL_REPORT_REFERENCE\"",\""text\"":\""[2022] 2 RCS 772\""},{\""type\"":\""DECISION_OTHER_REFERENCES\"",\""text\"":\""486 DLR (4th) 243\""},{\""type\"":\""DECISION_OTHER_REFERENCES\"",\""text\"":\"" 33 MPLR (6th) 1\""},{\""type\"":\""DECISION_ALTERNATE_TITLE\"",\""text\"":\""Annapolis Group Inc. c. Municipalité régionale d’Halifax\""},{\""type\"":\""DECISION_DOCKET_NUMBER\"",\""text\"":\""39594\""},{\""type\"":\""JURISDICTION_NAME\"",\""text\"":\""Canada (Federal)\""},{\""type\"":\""COLLECTION_NAME\"",\""text\"":\""Supreme Court of Canada\""}]"",
    ""jurisdictionId"": ""ca"",
    ""citedCount"": 82
  }
]"
https://canlii.ca/t/jtj5,"[
  {
    ""id"": ""l23876!23876-current-1"",
    ""docType"": ""LEGISLATION"",
    ""path"": ""/en/nb/laws/hstat/rsnb-1973-c-h-11/latest/rsnb-1973-c-h-11.html"",
    ""docTitle"": ""Human Rights Act"",
    ""autoCompletions"": ""[{\""type\"":\""MAIN_TITLE\"",\""text\"":\""Human Rights Act\""},{\""type\"":\""LEGISLATION_REFERENCE\"",\""text\"":\""RSNB 1973, c H-11\""},{\""type\"":\""LEGISLATION_ALTERNATE_REFERENCE\"",\""text\"":\""LRN-B 1973, c H-11\""},{\""type\"":\""LEGISLATION_ALTERNATE_TITLE\"",\""text\"":\""Loi sur les droits de la personne\""}]"",
    ""jurisdictionId"": ""nb"",
    ""citedCount"": 176
  }
]"
https://canlii.ca/t/jzp9r,"[
  {
    ""id"": ""2016nbomb12"",
    ""docType"": ""DECISION"",
    ""path"": ""/en/nb/nbomb/doc/2016/2016nbomb12/2016nbomb12.html"",
    ""docTitle"": ""Caraquet (Town) (Re)"",
    ""autoCompletions"": ""[{\""type\"":\""DECISION_NEUTRAL_CITATION\"",\""text\"":\""2016 NBOMB 12\""},{\""type\"":\""DECISION_CANLII_REFERENCE\"",\""text\"":\""2016 NBOMB 12 (CanLII)\""},{\""type\"":\""MAIN_TITLE\"",\""text\"":\""Caraquet (Town) (Re)\""},{\""type\"":\""DECISION_ALTERNATE_TITLE\"",\""text\"":\""Caraquet (Ville) (Re)\""},{\""type\"":\""DECISION_DOCKET_NUMBER\"",\""text\"":\""2015-2859-AP-1547\""},{\""type\"":\""JURISDICTION_NAME\"",\""text\"":\""New Brunswick\""},{\""type\"":\""COLLECTION_NAME\"",\""text\"":\""Ombud New Brunswick\""}]"",
    ""jurisdictionId"": ""nb"",
    ""citedCount"": 1
  }
]"
https://canlii.ca/t/k3pfg,"[
  {
    ""id"": ""2024nbkb21"",
    ""docType"": ""DECISION"",
    ""path"": ""/en/nb/nbkb/doc/2024/2024nbkb21/2024nbkb21.html"",
    ""docTitle"": ""Wolastoqey Nations v. New Brunswick and Canada, et.al."",
    ""autoCompletions"": ""[{\""type\"":\""DECISION_NEUTRAL_CITATION\"",\""text\"":\""2024 NBKB 21\""},{\""type\"":\""DECISION_NEUTRAL_CITATION\"",\""text\"":\""2024 NBBR 21\""},{\""type\"":\""DECISION_CANLII_REFERENCE\"",\""text\"":\""2024 NBKB 21 (CanLII)\""},{\""type\"":\""DECISION_CANLII_REFERENCE\"",\""text\"":\""2024 NBBR 21 (CanLII)\""},{\""type\"":\""MAIN_TITLE\"",\""text\"":\""Wolastoqey Nations v. New Brunswick and Canada, et.al.\""},{\""type\"":\""DECISION_OTHER_REFERENCES\"",\""text\"":\""[2024] NBJ No 80 (QL)\""},{\""type\"":\""DECISION_OTHER_REFERENCES\"",\""text\"":\""[2024] ANB No 80 (QL)\""},{\""type\"":\""DECISION_ALTERNATE_TITLE\"",\""text\"":\""Nations Wolastoqey c. Nouveau-Brunswick, Canada et autres\""},{\""type\"":\""DECISION_DOCKET_NUMBER\"",\""text\"":\""FC-322-2021\""},{\""type\"":\""JURISDICTION_NAME\"",\""text\"":\""New Brunswick\""},{\""type\"":\""COLLECTION_NAME\"",\""text\"":\""Court of King's Bench of New Brunswick\""}]"",
    ""jurisdictionId"": ""nb"",
    ""citedCount"": 2
  }
]"
https://canlii.ca/t/k40h4,"[
  {
    ""id"": ""2024csc-scc12"",
    ""docType"": ""DECISION"",
    ""path"": ""/en/ca/scc/doc/2024/2024scc12/2024scc12.html"",
    ""docTitle"": ""Shot Both Sides v. Canada"",
    ""autoCompletions"": ""[{\""type\"":\""DECISION_NEUTRAL_CITATION\"",\""text\"":\""2024 SCC 12\""},{\""type\"":\""DECISION_NEUTRAL_CITATION\"",\""text\"":\""2024 CSC 12\""},{\""type\"":\""DECISION_CANLII_REFERENCE\"",\""text\"":\""2024 SCC 12 (CanLII)\""},{\""type\"":\""DECISION_CANLII_REFERENCE\"",\""text\"":\""2024 CSC 12 (CanLII)\""},{\""type\"":\""MAIN_TITLE\"",\""text\"":\""Shot Both Sides v. Canada\""},{\""type\"":\""DECISION_OTHER_REFERENCES\"",\""text\"":\""490 DLR (4th) 585\""},{\""type\"":\""DECISION_OTHER_REFERENCES\"",\""text\"":\"" [2024] SCJ No 12 (QL)\""},{\""type\"":\""DECISION_OTHER_REFERENCES\"",\""text\"":\"" [2024] ACS no 12\""},{\""type\"":\""DECISION_ALTERNATE_TITLE\"",\""text\"":\""Shot Both Sides c. Canada\""},{\""type\"":\""DECISION_DOCKET_NUMBER\"",\""text\"":\""40153\""},{\""type\"":\""JURISDICTION_NAME\"",\""text\"":\""Canada (Federal)\""},{\""type\"":\""COLLECTION_NAME\"",\""text\"":\""Supreme Court of Canada\""}]"",
    ""jurisdictionId"": ""ca"",
    ""citedCount"": 55
  }
]"
https://canlii.ca/t/k60vs,"[
  {
    ""id"": ""2024csc-scc27"",
    ""docType"": ""DECISION"",
    ""path"": ""/en/ca/scc/doc/2024/2024scc27/2024scc27.html"",
    ""docTitle"": ""Ontario (Attorney General) v. Restoule"",
    ""autoCompletions"": ""[{\""type\"":\""DECISION_NEUTRAL_CITATION\"",\""text\"":\""2024 SCC 27\""},{\""type\"":\""DECISION_NEUTRAL_CITATION\"",\""text\"":\""2024 CSC 27\""},{\""type\"":\""DECISION_CANLII_REFERENCE\"",\""text\"":\""2024 SCC 27 (CanLII)\""},{\""type\"":\""DECISION_CANLII_REFERENCE\"",\""text\"":\""2024 CSC 27 (CanLII)\""},{\""type\"":\""MAIN_TITLE\"",\""text\"":\""Ontario (Attorney General) v. Restoule\""},{\""type\"":\""DECISION_OTHER_REFERENCES\"",\""text\"":\""494 DLR (4th) 383\""},{\""type\"":\""DECISION_OTHER_REFERENCES\"",\""text\"":\"" AZ-52045443\""},{\""type\"":\""DECISION_OTHER_REFERENCES\"",\""text\"":\"" [2024] EXP 1852\""},{\""type\"":\""DECISION_OTHER_REFERENCES\"",\""text\"":\"" [2024] SCJ No 27 (QL)\""},{\""type\"":\""DECISION_OTHER_REFERENCES\"",\""text\"":\"" [2024] ACS no 27\""},{\""type\"":\""DECISION_ALTERNATE_TITLE\"",\""text\"":\""Ontario (Procureur général) c. Restoule\""},{\""type\"":\""DECISION_DOCKET_NUMBER\"",\""text\"":\""40024\""},{\""type\"":\""JURISDICTION_NAME\"",\""text\"":\""Canada (Federal)\""},{\""type\"":\""COLLECTION_NAME\"",\""text\"":\""Supreme Court of Canada\""}]"",
    ""jurisdictionId"": ""ca"",
    ""citedCount"": 71
  }
]"
https://canlii.ca/t/k7x81,"[
  {
    ""id"": ""2024nbkb203"",
    ""docType"": ""DECISION"",
    ""path"": ""/en/nb/nbkb/doc/2024/2024nbkb203/2024nbkb203.html"",
    ""docTitle"": ""Wolastoqey Nations v. New Brunswick and Canada, et.al."",
    ""autoCompletions"": ""[{\""type\"":\""DECISION_NEUTRAL_CITATION\"",\""text\"":\""2024 NBKB 203\""},{\""type\"":\""DECISION_NEUTRAL_CITATION\"",\""text\"":\""2024 NBBR 203\""},{\""type\"":\""DECISION_CANLII_REFERENCE\"",\""text\"":\""2024 NBKB 203 (CanLII)\""},{\""type\"":\""DECISION_CANLII_REFERENCE\"",\""text\"":\""2024 NBBR 203 (CanLII)\""},{\""type\"":\""MAIN_TITLE\"",\""text\"":\""Wolastoqey Nations v. New Brunswick and Canada, et.al.\""},{\""type\"":\""DECISION_OTHER_REFERENCES\"",\""text\"":\""[2024] NBJ No 323 (QL)\""},{\""type\"":\""DECISION_OTHER_REFERENCES\"",\""text\"":\""[2024] ANB No 323 (QL)\""},{\""type\"":\""DECISION_ALTERNATE_TITLE\"",\""text\"":\""Nations wolastoqey c. Nouveau-Brunswick, Canada et autres\""},{\""type\"":\""DECISION_DOCKET_NUMBER\"",\""text\"":\""FC-322-2021\""},{\""type\"":\""JURISDICTION_NAME\"",\""text\"":\""New Brunswick\""},{\""type\"":\""COLLECTION_NAME\"",\""text\"":\""Court of King's Bench of New Brunswick\""}]"",
    ""jurisdictionId"": ""nb"",
    ""citedCount"": 8
  }
]"
https://canlii.ca/t/k8t26,"[
  {
    ""id"": ""1888ukpc1000000"",
    ""docType"": ""DECISION"",
    ""path"": ""/en/ca/ukjcpc/doc/1888/1888canlii209/1888canlii209.html"",
    ""docTitle"": ""St. Catherine's Milling and Lumber Company v. The Queen"",
    ""autoCompletions"": ""[{\""type\"":\""DECISION_CANLII_REFERENCE\"",\""text\"":\""1888 CanLII 209 (UK JCPC)\""},{\""type\"":\""MAIN_TITLE\"",\""text\"":\""St. Catherine's Milling and Lumber Company v. The Queen\""},{\""type\"":\""DECISION_OTHER_REFERENCES\"",\""text\"":\""14 App Cas 46\""},{\""type\"":\""DECISION_OTHER_REFERENCES\"",\""text\"":\"" 2 CNLC 541\""},{\""type\"":\""DECISION_OTHER_REFERENCES\"",\""text\"":\"" [1888] CarswellOnt 22\""},{\""type\"":\""DECISION_OTHER_REFERENCES\"",\""text\"":\"" 5 TLR 125\""},{\""type\"":\""JURISDICTION_NAME\"",\""text\"":\""Canada (Federal)\""},{\""type\"":\""COLLECTION_NAME\"",\""text\"":\""Judicial Committee of the Privy Council - Canadian cases\""}]"",
    ""jurisdictionId"": ""ca"",
    ""citedCount"": 207
  }
]"
https://canlii.ca/t/kdzlx,"[
  {
    ""id"": ""2021qcca1675"",
    ""docType"": ""DECISION"",
    ""path"": ""/fr/qc/qcca/doc/2021/2021qcca1675/2021qcca1675.html"",
    ""docTitle"": ""Mouvement laïque québécois c. English Montreal School Board"",
    ""autoCompletions"": ""[{\""type\"":\""DECISION_NEUTRAL_CITATION\"",\""text\"":\""2021 QCCA 1675\""},{\""type\"":\""DECISION_CANLII_REFERENCE\"",\""text\"":\""2021 QCCA 1675 (CanLII)\""},{\""type\"":\""MAIN_TITLE\"",\""text\"":\""Mouvement laïque québécois c. English Montreal School Board\""},{\""type\"":\""DECISION_ALTERNATE_TITLE\"",\""text\"":\""Mouvement laïque québécois c. English Montreal School Board\""},{\""type\"":\""DECISION_DOCKET_NUMBER\"",\""text\"":\""500-09-029550-217\""},{\""type\"":\""DECISION_DOCKET_NUMBER\"",\""text\"":\"" 500-09-029549-219\""},{\""type\"":\""DECISION_DOCKET_NUMBER\"",\""text\"":\"" 500-09-029539-210\""},{\""type\"":\""JURISDICTION_NAME\"",\""text\"":\""Québec\""},{\""type\"":\""COLLECTION_NAME\"",\""text\"":\""Cour d'appel du Québec\""}]"",
    ""jurisdictionId"": ""qc"",
    ""citedCount"": 376
  }
]"
https://canlii.ca/t/kmfv,"[
  {
    ""id"": ""l12988!12988-current-1"",
    ""docType"": ""LEGISLATION"",
    ""path"": ""/en/ca/laws/stat/rsc-1985-c-y-1/latest/rsc-1985-c-y-1.html"",
    ""docTitle"": ""Young Offenders Act"",
    ""autoCompletions"": ""[{\""type\"":\""MAIN_TITLE\"",\""text\"":\""Young Offenders Act\""},{\""type\"":\""LEGISLATION_REFERENCE\"",\""text\"":\""RSC 1985, c Y-1\""},{\""type\"":\""LEGISLATION_ALTERNATE_REFERENCE\"",\""text\"":\""LRC 1985, ch Y-1\""},{\""type\"":\""LEGISLATION_ALTERNATE_REFERENCE\"",\""text\"":\""RS 1985, c Y-1\""},{\""type\"":\""LEGISLATION_ALTERNATE_REFERENCE\"",\""text\"":\""LR 1985, ch Y-1\""},{\""type\"":\""LEGISLATION_ALTERNATE_REFERENCE\"",\""text\"":\""LRC 1985, c Y-1\""},{\""type\"":\""LEGISLATION_ALTERNATE_TITLE\"",\""text\"":\""Loi sur les jeunes contrevenants\""}]"",
    ""jurisdictionId"": ""ca"",
    ""citedCount"": 1231
  }
]"
https://canlii.ca/t/ldsx,"[
  {
    ""id"": ""l36028!36028-current-1"",
    ""docType"": ""LEGISLATION"",
    ""path"": ""/en/ca/laws/stat/schedule-b-to-the-canada-act-1982-uk-1982-c-11/latest/schedule-b-to-the-canada-act-1982-uk-1982-c-11.html"",
    ""docTitle"": ""The Constitution Act, 1982"",
    ""autoCompletions"": ""[{\""type\"":\""MAIN_TITLE\"",\""text\"":\""The Constitution Act, 1982\""},{\""type\"":\""LEGISLATION_REFERENCE\"",\""text\"":\""Schedule B to the Canada Act 1982 (UK), 1982, c 11\""},{\""type\"":\""LEGISLATION_ALTERNATE_REFERENCE\"",\""text\"":\""Annexe B de la Loi de 1982 sur le Canada (R-U), 1982, c 11\""},{\""type\"":\""LEGISLATION_ALTERNATE_TITLE\"",\""text\"":\""Canadian Charter of Rights and Freedoms\""},{\""type\"":\""LEGISLATION_ALTERNATE_TITLE\"",\""text\"":\""Canadian Charter\""},{\""type\"":\""LEGISLATION_ALTERNATE_TITLE\"",\""text\"":\""Charte canadienne des droits et libertés\""},{\""type\"":\""LEGISLATION_ALTERNATE_TITLE\"",\""text\"":\""Charte canadienne\""},{\""type\"":\""LEGISLATION_ALTERNATE_TITLE\"",\""text\"":\""Loi constitutionnelle de 1982\""}]"",
    ""jurisdictionId"": ""ca"",
    ""citedCount"": 75823
  }
]"
https://canlii.ca/t/lfns,"[
  {
    ""id"": ""l8014!8014-current-1"",
    ""docType"": ""LEGISLATION"",
    ""path"": ""/en/qc/laws/regu/cqlr-c-a-29.01-r-2/latest/cqlr-c-a-29.01-r-2.html"",
    ""docTitle"": ""Regulation respecting the conditions governing the accreditation of manufacturers and wholesalers of medications"",
    ""autoCompletions"": ""[{\""type\"":\""MAIN_TITLE\"",\""text\"":\""Regulation respecting the conditions governing the accreditation of manufacturers and wholesalers of medications\""},{\""type\"":\""LEGISLATION_REFERENCE\"",\""text\"":\""CQLR c A-29.01, r 2\""},{\""type\"":\""LEGISLATION_ALTERNATE_REFERENCE\"",\""text\"":\""MO 92-06\""},{\""type\"":\""LEGISLATION_ALTERNATE_REFERENCE\"",\""text\"":\""1992 GOQ 2, 3263\""},{\""type\"":\""LEGISLATION_ALTERNATE_REFERENCE\"",\""text\"":\""RRQ, c A-29.01, r 2\""},{\""type\"":\""LEGISLATION_ALTERNATE_REFERENCE\"",\""text\"":\""RQ, c A-29.01, r 1.1\""},{\""type\"":\""LEGISLATION_ALTERNATE_REFERENCE\"",\""text\"":\""AM, 92-06\""},{\""type\"":\""LEGISLATION_ALTERNATE_REFERENCE\"",\""text\"":\""1992 GOQ 2, 4494\""},{\""type\"":\""LEGISLATION_ALTERNATE_REFERENCE\"",\""text\"":\""RQ c A-29, r 1.1\""},{\""type\"":\""LEGISLATION_ALTERNATE_REFERENCE\"",\""text\"":\""RLRQ c A-29.01, r 2\""},{\""type\"":\""LEGISLATION_ALTERNATE_TITLE\"",\""text\"":\""Règlement sur les conditions de reconnaissance d'un fabricant de médicaments et d'un grossiste en médicaments\""}]"",
    ""jurisdictionId"": ""qc"",
    ""citedCount"": 66
  }
]"
https://canlii.ca/t/sk90,"[
  {
    ""id"": ""d63570!d63570"",
    ""docType"": ""DOCTRINE"",
    ""path"": ""/en/commentary/doc/2014CanLIIDocs33190"",
    ""docTitle"": ""Unreasonable Interpretations of Law"",
    ""autoCompletions"": ""[{\""type\"":\""MAIN_TITLE\"",\""text\"":\""Unreasonable Interpretations of Law\""},{\""type\"":\""DOCTRINE_REFERENCE\"",\""text\"":\""2014 CanLIIDocs 33190\""},{\""type\"":\""DOCTRINE_LARGER_WORK_REFERENCE\"",\""text\"":\""2014 CanLIIDocs 33190\""},{\""type\"":\""DOCTRINE_AUTHOR\"",\""text\"":\""Paul Daly\""},{\""type\"":\""DOCTRINE_DIRECTOR\"",\""text\"":\""Paul Daly\""},{\""type\"":\""DOCTRINE_SUBJECT\"",\""text\"":\""Public administration\""},{\""type\"":\""DOCTRINE_SUBJECT\"",\""text\"":\""Legal theory\""},{\""type\"":\""DOCTRINE_SUBJECT_TRANSLATED\"",\""text\"":\""Administration publique\""},{\""type\"":\""DOCTRINE_SUBJECT_TRANSLATED\"",\""text\"":\""Théorie du droit\""},{\""type\"":\""DOCTRINE_PUBLISHER\"",\""text\"":\""[Source not specified]\""},{\""type\"":\""DOCTRINE_PUBLISHER_TRANSLATED\"",\""text\"":\""[Source non déterminée]\""}]"",
    ""jurisdictionId"": ""unspecified"",
    ""citedCount"": 0
  }
]"
https://canlii.ca/t/ss80,"[
  {
    ""id"": ""d69840!d69840"",
    ""docType"": ""DOCTRINE"",
    ""path"": ""/en/commentary/doc/2015CanLIIDocs5163"",
    ""docTitle"": ""The Constitutional Dimensions of Aboriginal Title"",
    ""autoCompletions"": ""[{\""type\"":\""MAIN_TITLE\"",\""text\"":\""The Constitutional Dimensions of Aboriginal Title\""},{\""type\"":\""DOCTRINE_LARGER_WORK\"",\""text\"":\""Supreme Court Law Review\""},{\""type\"":\""DOCTRINE_LARGER_WORK\"",\""text\"":\""Supreme Court Law Review\""},{\""type\"":\""DOCTRINE_REFERENCE\"",\""text\"":\""2015 CanLIIDocs 5163\""},{\""type\"":\""DOCTRINE_LARGER_WORK_REFERENCE\"",\""text\"":\""2015 CanLIIDocs 5160\""},{\""type\"":\""DOCTRINE_AUTHOR\"",\""text\"":\""Brian Slattery\""},{\""type\"":\""DOCTRINE_SUBJECT\"",\""text\"":\""Constitution\""},{\""type\"":\""DOCTRINE_SUBJECT\"",\""text\"":\""Indigenous peoples\""},{\""type\"":\""DOCTRINE_SUBJECT_TRANSLATED\"",\""text\"":\""Constitution\""},{\""type\"":\""DOCTRINE_SUBJECT_TRANSLATED\"",\""text\"":\""Peuples autochtones\""}]"",
    ""jurisdictionId"": ""unspecified"",
    ""citedCount"": 0
  }
]"
https://canlii.ca/t/ss82,"[
  {
    ""id"": ""d69842!d69842"",
    ""docType"": ""DOCTRINE"",
    ""path"": ""/en/commentary/doc/2015CanLIIDocs5165"",
    ""docTitle"": ""Aboriginal Title and Private Property"",
    ""autoCompletions"": ""[{\""type\"":\""MAIN_TITLE\"",\""text\"":\""Aboriginal Title and Private Property\""},{\""type\"":\""DOCTRINE_LARGER_WORK\"",\""text\"":\""Supreme Court Law Review\""},{\""type\"":\""DOCTRINE_LARGER_WORK\"",\""text\"":\""Supreme Court Law Review\""},{\""type\"":\""DOCTRINE_REFERENCE\"",\""text\"":\""2015 CanLIIDocs 5165\""},{\""type\"":\""DOCTRINE_LARGER_WORK_REFERENCE\"",\""text\"":\""2015 CanLIIDocs 5160\""},{\""type\"":\""DOCTRINE_AUTHOR\"",\""text\"":\""John Borrows\""},{\""type\"":\""DOCTRINE_SUBJECT\"",\""text\"":\""Indigenous peoples\""},{\""type\"":\""DOCTRINE_SUBJECT\"",\""text\"":\""Property and trusts\""},{\""type\"":\""DOCTRINE_SUBJECT_TRANSLATED\"",\""text\"":\""Peuples autochtones\""},{\""type\"":\""DOCTRINE_SUBJECT_TRANSLATED\"",\""text\"":\""Biens et fiducies\""}]"",
    ""jurisdictionId"": ""unspecified"",
    ""citedCount"": 0
  }
]"
https://canlii.ca/t/ssc3,"[
  {
    ""id"": ""d69933!d69933"",
    ""docType"": ""DOCTRINE"",
    ""path"": ""/en/commentary/doc/2020CanLIIDocs692"",
    ""docTitle"": ""The Duty to Negotiate and the Ethos of Reconciliation"",
    ""autoCompletions"": ""[{\""type\"":\""MAIN_TITLE\"",\""text\"":\""The Duty to Negotiate and the Ethos of Reconciliation\""},{\""type\"":\""DOCTRINE_LARGER_WORK\"",\""text\"":\""Saskatchewan Law Review\""},{\""type\"":\""DOCTRINE_LARGER_WORK\"",\""text\"":\""Saskatchewan Law Review\""},{\""type\"":\""DOCTRINE_REFERENCE\"",\""text\"":\""2020 CanLIIDocs 692\""},{\""type\"":\""DOCTRINE_LARGER_WORK_REFERENCE\"",\""text\"":\""2020 CanLIIDocs 691\""},{\""type\"":\""DOCTRINE_AUTHOR\"",\""text\"":\""Felix Hoehn\""},{\""type\"":\""DOCTRINE_SUBJECT\"",\""text\"":\""Indigenous peoples\""},{\""type\"":\""DOCTRINE_SUBJECT_TRANSLATED\"",\""text\"":\""Peuples autochtones\""}]"",
    ""jurisdictionId"": ""unspecified"",
    ""citedCount"": 0
  }
]"
https://canlii.ca/t/sx35,"[
  {
    ""id"": ""d73295!d73295"",
    ""docType"": ""DOCTRINE"",
    ""path"": ""/en/commentary/doc/2016CanLIIDocs4539"",
    ""docTitle"": ""The Canadian Law of Judicial Review: A Plea for Doctrinal Coherence and Consistency."",
    ""autoCompletions"": ""[{\""type\"":\""MAIN_TITLE\"",\""text\"":\""The Canadian Law of Judicial Review: A Plea for Doctrinal Coherence and Consistency.\""},{\""type\"":\""DOCTRINE_LARGER_WORK\"",\""text\"":\""Queen's Law Journal\""},{\""type\"":\""DOCTRINE_REFERENCE\"",\""text\"":\""2016 CanLIIDocs 4539\""},{\""type\"":\""DOCTRINE_LARGER_WORK_REFERENCE\"",\""text\"":\""2016 CanLIIDocs 4536\""},{\""type\"":\""DOCTRINE_AUTHOR\"",\""text\"":\""David Stratas\""},{\""type\"":\""DOCTRINE_SUBJECT\"",\""text\"":\""Administrative remedies\""},{\""type\"":\""DOCTRINE_SUBJECT_TRANSLATED\"",\""text\"":\""Recours administratifs\""}]"",
    ""jurisdictionId"": ""unspecified"",
    ""citedCount"": 0
  }
]"
https://canlii.ca/t/sx3t,"[
  {
    ""id"": ""d73315!d73315"",
    ""docType"": ""DOCTRINE"",
    ""path"": ""/en/commentary/doc/2014CanLIIDocs33487"",
    ""docTitle"": ""Citizenship Revocation, the Privilege to Have Rights and the Production of the Alien"",
    ""autoCompletions"": ""[{\""type\"":\""MAIN_TITLE\"",\""text\"":\""Citizenship Revocation, the Privilege to Have Rights and the Production of the Alien\""},{\""type\"":\""DOCTRINE_LARGER_WORK\"",\""text\"":\""Queen's Law Journal\""},{\""type\"":\""DOCTRINE_REFERENCE\"",\""text\"":\""2014 CanLIIDocs 33487\""},{\""type\"":\""DOCTRINE_LARGER_WORK_REFERENCE\"",\""text\"":\""2014 CanLIIDocs 33473\""},{\""type\"":\""DOCTRINE_AUTHOR\"",\""text\"":\""Audrey Macklin\""},{\""type\"":\""DOCTRINE_SUBJECT\"",\""text\"":\""Citizenship and immigration\""},{\""type\"":\""DOCTRINE_SUBJECT_TRANSLATED\"",\""text\"":\""Citoyenneté et immigration\""}]"",
    ""jurisdictionId"": ""unspecified"",
    ""citedCount"": 0
  }
]"
https://canlii.ca/t/t7lt,"[
  {
    ""id"": ""d81865!d81865"",
    ""docType"": ""DOCTRINE"",
    ""path"": ""/en/commentary/doc/1943CanLIIDocs22"",
    ""docTitle"": ""Collective Bargaining in Ontario: A New Legislative Approach"",
    ""autoCompletions"": ""[{\""type\"":\""MAIN_TITLE\"",\""text\"":\""Collective Bargaining in Ontario: A New Legislative Approach\""},{\""type\"":\""DOCTRINE_LARGER_WORK\"",\""text\"":\""Canadian Bar Review\""},{\""type\"":\""DOCTRINE_LARGER_WORK\"",\""text\"":\""Revue du Barreau canadien\""},{\""type\"":\""DOCTRINE_REFERENCE\"",\""text\"":\""1943 CanLIIDocs 22\""},{\""type\"":\""DOCTRINE_LARGER_WORK_REFERENCE\"",\""text\"":\""1943 CanLIIDocs 2\""},{\""type\"":\""DOCTRINE_AUTHOR\"",\""text\"":\""Bora Laskin\""},{\""type\"":\""DOCTRINE_SUBJECT\"",\""text\"":\""Labour and employment\""},{\""type\"":\""DOCTRINE_SUBJECT_TRANSLATED\"",\""text\"":\""Travail et emploi\""}]"",
    ""jurisdictionId"": ""unspecified"",
    ""citedCount"": 0
  }
]"
https://canlii.ca/t/x6v,"[
  {
    ""id"": ""l5406!5406-current-1"",
    ""docType"": ""LEGISLATION"",
    ""path"": ""/en/qc/laws/stat/cqlr-c-a-6.002/latest/cqlr-c-a-6.002.html"",
    ""docTitle"": ""Tax Administration Act"",
    ""autoCompletions"": ""[{\""type\"":\""MAIN_TITLE\"",\""text\"":\""Tax Administration Act\""},{\""type\"":\""LEGISLATION_REFERENCE\"",\""text\"":\""CQLR c A-6.002\""},{\""type\"":\""LEGISLATION_ALTERNATE_REFERENCE\"",\""text\"":\""chapter A-6.002\""},{\""type\"":\""LEGISLATION_ALTERNATE_REFERENCE\"",\""text\"":\""RSQ c A-6.002\""},{\""type\"":\""LEGISLATION_ALTERNATE_REFERENCE\"",\""text\"":\""RSQ, c M-31\""},{\""type\"":\""LEGISLATION_ALTERNATE_REFERENCE\"",\""text\"":\""LRQ, c M-31\""},{\""type\"":\""LEGISLATION_ALTERNATE_REFERENCE\"",\""text\"":\""chapitre A-6.002\""},{\""type\"":\""LEGISLATION_ALTERNATE_REFERENCE\"",\""text\"":\""LRQ c A-6.002\""},{\""type\"":\""LEGISLATION_ALTERNATE_REFERENCE\"",\""text\"":\""RLRQ c A-6.002\""},{\""type\"":\""LEGISLATION_ALTERNATE_TITLE\"",\""text\"":\""An Act respecting the ministère du Revenu\""},{\""type\"":\""LEGISLATION_ALTERNATE_TITLE\"",\""text\"":\""Loi sur le ministère du Revenu\""},{\""type\"":\""LEGISLATION_ALTERNATE_TITLE\"",\""text\"":\""Loi sur l'administration fiscale\""}]"",
    ""jurisdictionId"": ""qc"",
    ""citedCount"": 6229
  }
]"
https://canlii.ca/t/x8q1,"[
  {
    ""id"": ""d63861!d63861"",
    ""docType"": ""DOCTRINE"",
    ""path"": ""/fr/doctrine/doc/1993CanLIIDocs148"",
    ""docTitle"": ""La discrimination fondée sur le motif des antécédents judiciaires et les instruments anti-discriminatoires canadiens"",
    ""autoCompletions"": ""[{\""type\"":\""MAIN_TITLE\"",\""text\"":\""La discrimination fondée sur le motif des antécédents judiciaires et les instruments anti-discriminatoires canadiens\""},{\""type\"":\""DOCTRINE_LARGER_WORK\"",\""text\"":\""Revue du Barreau canadien\""},{\""type\"":\""DOCTRINE_LARGER_WORK\"",\""text\"":\""Canadian Bar Review\""},{\""type\"":\""DOCTRINE_REFERENCE\"",\""text\"":\""1993 CanLIIDocs 148\""},{\""type\"":\""DOCTRINE_LARGER_WORK_REFERENCE\"",\""text\"":\""1993 CanLIIDocs 146\""},{\""type\"":\""DOCTRINE_AUTHOR\"",\""text\"":\""Thomas J Singleton\""},{\""type\"":\""DOCTRINE_SUBJECT\"",\""text\"":\""Droits et libertés\""},{\""type\"":\""DOCTRINE_SUBJECT\"",\""text\"":\""Infractions criminelles ou pénales\""},{\""type\"":\""DOCTRINE_SUBJECT_TRANSLATED\"",\""text\"":\""Rights and freedoms\""},{\""type\"":\""DOCTRINE_SUBJECT_TRANSLATED\"",\""text\"":\""Criminal or statutory infractions\""}]"",
    ""jurisdictionId"": ""unspecified"",
    ""citedCount"": 0
  }
]"
https://www.canlii.org/en/ca/scc/doc/2017/2017scc42/2017scc42.html,"[
  {
    ""id"": ""2017csc-scc42"",
    ""docType"": ""DECISION"",
    ""path"": ""/en/ca/scc/doc/2017/2017scc42/2017scc42.html"",
    ""docTitle"": ""Quebec (Attorney General) v. Guérin"",
    ""autoCompletions"": ""[{\""type\"":\""DECISION_NEUTRAL_CITATION\"",\""text\"":\""2017 SCC 42\""},{\""type\"":\""DECISION_NEUTRAL_CITATION\"",\""text\"":\""2017 CSC 42\""},{\""type\"":\""DECISION_CANLII_REFERENCE\"",\""text\"":\""2017 SCC 42 (CanLII)\""},{\""type\"":\""DECISION_CANLII_REFERENCE\"",\""text\"":\""2017 CSC 42 (CanLII)\""},{\""type\"":\""MAIN_TITLE\"",\""text\"":\""Quebec (Attorney General) v. Guérin\""},{\""type\"":\""DECISION_OFFICIAL_REPORT_REFERENCE\"",\""text\"":\""[2017] 2 SCR 3\""},{\""type\"":\""DECISION_OFFICIAL_REPORT_REFERENCE\"",\""text\"":\""[2017] 2 RCS 3\""},{\""type\"":\""DECISION_OTHER_REFERENCES\"",\""text\"":\""412 DLR (4th) 103\""},{\""type\"":\""DECISION_ALTERNATE_TITLE\"",\""text\"":\""Québec (Procureure générale) c. Guérin\""},{\""type\"":\""DECISION_DOCKET_NUMBER\"",\""text\"":\""36775\""},{\""type\"":\""JURISDICTION_NAME\"",\""text\"":\""Canada (Federal)\""},{\""type\"":\""COLLECTION_NAME\"",\""text\"":\""Supreme Court of Canada\""}]"",
    ""jurisdictionId"": ""ca"",
    ""citedCount"": 98
  }
]"
https://www.canlii.org/en/commentary/doc/2013CanLIIDocs427#Acquired_Expertise_of_Administrative_Tritors_and_Human_Rights_Law____Finn_Makela,"[
  {
    ""id"": ""d6004!d6004"",
    ""docType"": ""DOCTRINE"",
    ""path"": ""/en/commentary/doc/2013CanLIIDocs427"",
    ""docTitle"": ""Canadian Labour and Employment Law Journal"",
    ""autoCompletions"": ""[{\""type\"":\""MAIN_TITLE\"",\""text\"":\""Canadian Labour and Employment Law Journal\""},{\""type\"":\""DOCTRINE_LARGER_WORK\"",\""text\"":\""Canadian Labour and Employment Law Journal\""},{\""type\"":\""DOCTRINE_LARGER_WORK\"",\""text\"":\""Revue canadienne de droit du travail et de l'emploi\""},{\""type\"":\""DOCTRINE_REFERENCE\"",\""text\"":\""2013 CanLIIDocs 427\""},{\""type\"":\""DOCTRINE_LARGER_WORK_REFERENCE\"",\""text\"":\""2013 CanLIIDocs 427\""},{\""type\"":\""DOCTRINE_AUTHOR\"",\""text\"":\""Kevin Banks\""},{\""type\"":\""DOCTRINE_AUTHOR\"",\""text\"":\""Richard P Chaykowski\""},{\""type\"":\""DOCTRINE_AUTHOR\"",\""text\"":\""George A Slotsve\""},{\""type\"":\""DOCTRINE_AUTHOR\"",\""text\"":\""Finn Makela\""},{\""type\"":\""DOCTRINE_AUTHOR\"",\""text\"":\""Robert S Hickey\""},{\""type\"":\""DOCTRINE_AUTHOR\"",\""text\"":\""Richard N Block\""},{\""type\"":\""DOCTRINE_AUTHOR\"",\""text\"":\""Joseph B Rose\""},{\""type\"":\""DOCTRINE_AUTHOR\"",\""text\"":\""Bernard Adell\""},{\""type\"":\""DOCTRINE_AUTHOR\"",\""text\"":\""Sonia Regenbogen\""},{\""type\"":\""DOCTRINE_AUTHOR\"",\""text\"":\""Christopher D Pigott\""},{\""type\"":\""DOCTRINE_AUTHOR\"",\""text\"":\""Brian A Langille\""},{\""type\"":\""DOCTRINE_AUTHOR\"",\""text\"":\""Josh Mandryk\""},{\""type\"":\""DOCTRINE_AUTHOR\"",\""text\"":\""Christopher Albertyn\""},{\""type\"":\""DOCTRINE_SUBJECT\"",\""text\"":\""Labour and employment\""},{\""type\"":\""DOCTRINE_SUBJECT_TRANSLATED\"",\""text\"":\""Travail et emploi\""}]"",
    ""jurisdictionId"": ""unspecified"",
    ""citedCount"": 0
  }
]"
https://www.canlii.org/en/commentary/doc/2017CanLIIDocs175#IDENTIFYING_THE_REVIEW_STANDARD__ADMINISTRATIVE_DEFERENCE_IN_A_NUTSHELL,"[
  {
    ""id"": ""d521!d521"",
    ""docType"": ""DOCTRINE"",
    ""path"": ""/en/commentary/doc/2017CanLIIDocs175"",
    ""docTitle"": ""University of New Brunswick Law Journal"",
    ""autoCompletions"": ""[{\""type\"":\""MAIN_TITLE\"",\""text\"":\""University of New Brunswick Law Journal\""},{\""type\"":\""MAIN_TITLE\"",\""text\"":\""Revue de droit de l'Université du Nouveau-Brunswick\""},{\""type\"":\""DOCTRINE_LARGER_WORK\"",\""text\"":\""University of New Brunswick Law Journal\""},{\""type\"":\""DOCTRINE_LARGER_WORK\"",\""text\"":\""Revue de droit de l'Université du Nouveau-Brunswick\""},{\""type\"":\""DOCTRINE_REFERENCE\"",\""text\"":\""2017 CanLIIDocs 175\""},{\""type\"":\""DOCTRINE_LARGER_WORK_REFERENCE\"",\""text\"":\""2017 CanLIIDocs 23\""},{\""type\"":\""DOCTRINE_AUTHOR\"",\""text\"":\""Brianna Carmichael\""},{\""type\"":\""DOCTRINE_AUTHOR\"",\""text\"":\""Ashley Godfrey\""},{\""type\"":\""DOCTRINE_AUTHOR\"",\""text\"":\""Peter H Russell\""},{\""type\"":\""DOCTRINE_AUTHOR\"",\""text\"":\""Rosemary Cairns Way\""},{\""type\"":\""DOCTRINE_AUTHOR\"",\""text\"":\""Michel Doucet\""},{\""type\"":\""DOCTRINE_AUTHOR\"",\""text\"":\""John D Whyte\""},{\""type\"":\""DOCTRINE_AUTHOR\"",\""text\"":\""A Wayne MacKay\""},{\""type\"":\""DOCTRINE_AUTHOR\"",\""text\"":\""David Stratas\""},{\""type\"":\""DOCTRINE_AUTHOR\"",\""text\"":\""Paul Daly\""},{\""type\"":\""DOCTRINE_AUTHOR\"",\""text\"":\""Jonathan M Coady\""},{\""type\"":\""DOCTRINE_AUTHOR\"",\""text\"":\""Matthew Lewans\""},{\""type\"":\""DOCTRINE_AUTHOR\"",\""text\"":\""Bruce Feldthusen\""},{\""type\"":\""DOCTRINE_AUTHOR\"",\""text\"":\""Daniel W Dylan\""},{\""type\"":\""DOCTRINE_AUTHOR\"",\""text\"":\""Jula Hughes\""},{\""type\"":\""DOCTRINE_AUTHOR\"",\""text\"":\""Keir Vallance\""},{\""type\"":\""DOCTRINE_AUTHOR\"",\""text\"":\""Diana E Ginn\""},{\""type\"":\""DOCTRINE_AUTHOR\"",\""text\"":\""Lucie LaBoissonnière\""},{\""type\"":\""DOCTRINE_AUTHOR\"",\""text\"":\""Kyle Mercer\""},{\""type\"":\""DOCTRINE_AUTHOR\"",\""text\"":\""Joseph T Robertson\""},{\""type\"":\""DOCTRINE_AUTHOR\"",\""text\"":\""Gerald P Heckman\""},{\""type\"":\""DOCTRINE_SUBJECT\"",\""text\"":\""Constitution\""},{\""type\"":\""DOCTRINE_SUBJECT\"",\""text\"":\""Administrative remedies\""},{\""type\"":\""DOCTRINE_SUBJECT\"",\""text\"":\""Rights and freedoms\""},{\""type\"":\""DOCTRINE_SUBJECT_TRANSLATED\"",\""text\"":\""Constitution\""},{\""type\"":\""DOCTRINE_SUBJECT_TRANSLATED\"",\""text\"":\""Recours administratifs\""},{\""type\"":\""DOCTRINE_SUBJECT_TRANSLATED\"",\""text\"":\""Droits et libertés\""}]"",
    ""jurisdictionId"": ""unspecified"",
    ""citedCount"": 0
  }
]"
https://www.canlii.org/en/commentary/doc/2017CanLIIDocs175#RENOVATING_JUDICIAL_REVIEW,"[
  {
    ""id"": ""d521!d521"",
    ""docType"": ""DOCTRINE"",
    ""path"": ""/en/commentary/doc/2017CanLIIDocs175"",
    ""docTitle"": ""University of New Brunswick Law Journal"",
    ""autoCompletions"": ""[{\""type\"":\""MAIN_TITLE\"",\""text\"":\""University of New Brunswick Law Journal\""},{\""type\"":\""MAIN_TITLE\"",\""text\"":\""Revue de droit de l'Université du Nouveau-Brunswick\""},{\""type\"":\""DOCTRINE_LARGER_WORK\"",\""text\"":\""University of New Brunswick Law Journal\""},{\""type\"":\""DOCTRINE_LARGER_WORK\"",\""text\"":\""Revue de droit de l'Université du Nouveau-Brunswick\""},{\""type\"":\""DOCTRINE_REFERENCE\"",\""text\"":\""2017 CanLIIDocs 175\""},{\""type\"":\""DOCTRINE_LARGER_WORK_REFERENCE\"",\""text\"":\""2017 CanLIIDocs 23\""},{\""type\"":\""DOCTRINE_AUTHOR\"",\""text\"":\""Brianna Carmichael\""},{\""type\"":\""DOCTRINE_AUTHOR\"",\""text\"":\""Ashley Godfrey\""},{\""type\"":\""DOCTRINE_AUTHOR\"",\""text\"":\""Peter H Russell\""},{\""type\"":\""DOCTRINE_AUTHOR\"",\""text\"":\""Rosemary Cairns Way\""},{\""type\"":\""DOCTRINE_AUTHOR\"",\""text\"":\""Michel Doucet\""},{\""type\"":\""DOCTRINE_AUTHOR\"",\""text\"":\""John D Whyte\""},{\""type\"":\""DOCTRINE_AUTHOR\"",\""text\"":\""A Wayne MacKay\""},{\""type\"":\""DOCTRINE_AUTHOR\"",\""text\"":\""David Stratas\""},{\""type\"":\""DOCTRINE_AUTHOR\"",\""text\"":\""Paul Daly\""},{\""type\"":\""DOCTRINE_AUTHOR\"",\""text\"":\""Jonathan M Coady\""},{\""type\"":\""DOCTRINE_AUTHOR\"",\""text\"":\""Matthew Lewans\""},{\""type\"":\""DOCTRINE_AUTHOR\"",\""text\"":\""Bruce Feldthusen\""},{\""type\"":\""DOCTRINE_AUTHOR\"",\""text\"":\""Daniel W Dylan\""},{\""type\"":\""DOCTRINE_AUTHOR\"",\""text\"":\""Jula Hughes\""},{\""type\"":\""DOCTRINE_AUTHOR\"",\""text\"":\""Keir Vallance\""},{\""type\"":\""DOCTRINE_AUTHOR\"",\""text\"":\""Diana E Ginn\""},{\""type\"":\""DOCTRINE_AUTHOR\"",\""text\"":\""Lucie LaBoissonnière\""},{\""type\"":\""DOCTRINE_AUTHOR\"",\""text\"":\""Kyle Mercer\""},{\""type\"":\""DOCTRINE_AUTHOR\"",\""text\"":\""Joseph T Robertson\""},{\""type\"":\""DOCTRINE_AUTHOR\"",\""text\"":\""Gerald P Heckman\""},{\""type\"":\""DOCTRINE_SUBJECT\"",\""text\"":\""Constitution\""},{\""type\"":\""DOCTRINE_SUBJECT\"",\""text\"":\""Administrative remedies\""},{\""type\"":\""DOCTRINE_SUBJECT\"",\""text\"":\""Rights and freedoms\""},{\""type\"":\""DOCTRINE_SUBJECT_TRANSLATED\"",\""text\"":\""Constitution\""},{\""type\"":\""DOCTRINE_SUBJECT_TRANSLATED\"",\""text\"":\""Recours administratifs\""},{\""type\"":\""DOCTRINE_SUBJECT_TRANSLATED\"",\""text\"":\""Droits et libertés\""}]"",
    ""jurisdictionId"": ""unspecified"",
    ""citedCount"": 0
  }
]"
https://www.canlii.org/en/commentary/doc/2017CanLIIDocs175#THE_SIGNAL_AND_THE_NOISE_IN_ADMINISTRATIVE_LAW,"[
  {
    ""id"": ""d521!d521"",
    ""docType"": ""DOCTRINE"",
    ""path"": ""/en/commentary/doc/2017CanLIIDocs175"",
    ""docTitle"": ""University of New Brunswick Law Journal"",
    ""autoCompletions"": ""[{\""type\"":\""MAIN_TITLE\"",\""text\"":\""University of New Brunswick Law Journal\""},{\""type\"":\""MAIN_TITLE\"",\""text\"":\""Revue de droit de l'Université du Nouveau-Brunswick\""},{\""type\"":\""DOCTRINE_LARGER_WORK\"",\""text\"":\""University of New Brunswick Law Journal\""},{\""type\"":\""DOCTRINE_LARGER_WORK\"",\""text\"":\""Revue de droit de l'Université du Nouveau-Brunswick\""},{\""type\"":\""DOCTRINE_REFERENCE\"",\""text\"":\""2017 CanLIIDocs 175\""},{\""type\"":\""DOCTRINE_LARGER_WORK_REFERENCE\"",\""text\"":\""2017 CanLIIDocs 23\""},{\""type\"":\""DOCTRINE_AUTHOR\"",\""text\"":\""Brianna Carmichael\""},{\""type\"":\""DOCTRINE_AUTHOR\"",\""text\"":\""Ashley Godfrey\""},{\""type\"":\""DOCTRINE_AUTHOR\"",\""text\"":\""Peter H Russell\""},{\""type\"":\""DOCTRINE_AUTHOR\"",\""text\"":\""Rosemary Cairns Way\""},{\""type\"":\""DOCTRINE_AUTHOR\"",\""text\"":\""Michel Doucet\""},{\""type\"":\""DOCTRINE_AUTHOR\"",\""text\"":\""John D Whyte\""},{\""type\"":\""DOCTRINE_AUTHOR\"",\""text\"":\""A Wayne MacKay\""},{\""type\"":\""DOCTRINE_AUTHOR\"",\""text\"":\""David Stratas\""},{\""type\"":\""DOCTRINE_AUTHOR\"",\""text\"":\""Paul Daly\""},{\""type\"":\""DOCTRINE_AUTHOR\"",\""text\"":\""Jonathan M Coady\""},{\""type\"":\""DOCTRINE_AUTHOR\"",\""text\"":\""Matthew Lewans\""},{\""type\"":\""DOCTRINE_AUTHOR\"",\""text\"":\""Bruce Feldthusen\""},{\""type\"":\""DOCTRINE_AUTHOR\"",\""text\"":\""Daniel W Dylan\""},{\""type\"":\""DOCTRINE_AUTHOR\"",\""text\"":\""Jula Hughes\""},{\""type\"":\""DOCTRINE_AUTHOR\"",\""text\"":\""Keir Vallance\""},{\""type\"":\""DOCTRINE_AUTHOR\"",\""text\"":\""Diana E Ginn\""},{\""type\"":\""DOCTRINE_AUTHOR\"",\""text\"":\""Lucie LaBoissonnière\""},{\""type\"":\""DOCTRINE_AUTHOR\"",\""text\"":\""Kyle Mercer\""},{\""type\"":\""DOCTRINE_AUTHOR\"",\""text\"":\""Joseph T Robertson\""},{\""type\"":\""DOCTRINE_AUTHOR\"",\""text\"":\""Gerald P Heckman\""},{\""type\"":\""DOCTRINE_SUBJECT\"",\""text\"":\""Constitution\""},{\""type\"":\""DOCTRINE_SUBJECT\"",\""text\"":\""Administrative remedies\""},{\""type\"":\""DOCTRINE_SUBJECT\"",\""text\"":\""Rights and freedoms\""},{\""type\"":\""DOCTRINE_SUBJECT_TRANSLATED\"",\""text\"":\""Constitution\""},{\""type\"":\""DOCTRINE_SUBJECT_TRANSLATED\"",\""text\"":\""Recours administratifs\""},{\""type\"":\""DOCTRINE_SUBJECT_TRANSLATED\"",\""text\"":\""Droits et libertés\""}]"",
    ""jurisdictionId"": ""unspecified"",
    ""citedCount"": 0
  }
]"
https://www.canlii.org/en/commentary/doc/2017CanLIIDocs175#THE_TIME_HAS_COME__STANDARD_OF_REVIEW_IN_CANADIAN_ADMINISTRATIVE_LAW,"[
  {
    ""id"": ""d521!d521"",
    ""docType"": ""DOCTRINE"",
    ""path"": ""/en/commentary/doc/2017CanLIIDocs175"",
    ""docTitle"": ""University of New Brunswick Law Journal"",
    ""autoCompletions"": ""[{\""type\"":\""MAIN_TITLE\"",\""text\"":\""University of New Brunswick Law Journal\""},{\""type\"":\""MAIN_TITLE\"",\""text\"":\""Revue de droit de l'Université du Nouveau-Brunswick\""},{\""type\"":\""DOCTRINE_LARGER_WORK\"",\""text\"":\""University of New Brunswick Law Journal\""},{\""type\"":\""DOCTRINE_LARGER_WORK\"",\""text\"":\""Revue de droit de l'Université du Nouveau-Brunswick\""},{\""type\"":\""DOCTRINE_REFERENCE\"",\""text\"":\""2017 CanLIIDocs 175\""},{\""type\"":\""DOCTRINE_LARGER_WORK_REFERENCE\"",\""text\"":\""2017 CanLIIDocs 23\""},{\""type\"":\""DOCTRINE_AUTHOR\"",\""text\"":\""Brianna Carmichael\""},{\""type\"":\""DOCTRINE_AUTHOR\"",\""text\"":\""Ashley Godfrey\""},{\""type\"":\""DOCTRINE_AUTHOR\"",\""text\"":\""Peter H Russell\""},{\""type\"":\""DOCTRINE_AUTHOR\"",\""text\"":\""Rosemary Cairns Way\""},{\""type\"":\""DOCTRINE_AUTHOR\"",\""text\"":\""Michel Doucet\""},{\""type\"":\""DOCTRINE_AUTHOR\"",\""text\"":\""John D Whyte\""},{\""type\"":\""DOCTRINE_AUTHOR\"",\""text\"":\""A Wayne MacKay\""},{\""type\"":\""DOCTRINE_AUTHOR\"",\""text\"":\""David Stratas\""},{\""type\"":\""DOCTRINE_AUTHOR\"",\""text\"":\""Paul Daly\""},{\""type\"":\""DOCTRINE_AUTHOR\"",\""text\"":\""Jonathan M Coady\""},{\""type\"":\""DOCTRINE_AUTHOR\"",\""text\"":\""Matthew Lewans\""},{\""type\"":\""DOCTRINE_AUTHOR\"",\""text\"":\""Bruce Feldthusen\""},{\""type\"":\""DOCTRINE_AUTHOR\"",\""text\"":\""Daniel W Dylan\""},{\""type\"":\""DOCTRINE_AUTHOR\"",\""text\"":\""Jula Hughes\""},{\""type\"":\""DOCTRINE_AUTHOR\"",\""text\"":\""Keir Vallance\""},{\""type\"":\""DOCTRINE_AUTHOR\"",\""text\"":\""Diana E Ginn\""},{\""type\"":\""DOCTRINE_AUTHOR\"",\""text\"":\""Lucie LaBoissonnière\""},{\""type\"":\""DOCTRINE_AUTHOR\"",\""text\"":\""Kyle Mercer\""},{\""type\"":\""DOCTRINE_AUTHOR\"",\""text\"":\""Joseph T Robertson\""},{\""type\"":\""DOCTRINE_AUTHOR\"",\""text\"":\""Gerald P Heckman\""},{\""type\"":\""DOCTRINE_SUBJECT\"",\""text\"":\""Constitution\""},{\""type\"":\""DOCTRINE_SUBJECT\"",\""text\"":\""Administrative remedies\""},{\""type\"":\""DOCTRINE_SUBJECT\"",\""text\"":\""Rights and freedoms\""},{\""type\"":\""DOCTRINE_SUBJECT_TRANSLATED\"",\""text\"":\""Constitution\""},{\""type\"":\""DOCTRINE_SUBJECT_TRANSLATED\"",\""text\"":\""Recours administratifs\""},{\""type\"":\""DOCTRINE_SUBJECT_TRANSLATED\"",\""text\"":\""Droits et libertés\""}]"",
    ""jurisdictionId"": ""unspecified"",
    ""citedCount"": 0
  }
]"
